path	sha256	width	height	viewport	case_id	state	flows	locale	status	approval_reason
k-tour-id-app/tests/visual/ondo-b-flow-pixels-desktop.spec.ts-snapshots/B-PX-AFTER19-PROMPT-EN-FL-013-en-1440x1000-desktop-chromium-darwin.png	d04e3d6dce0cb993d82c21aaea1c8781977e7fce0e3c7dfc2c19e28ddb21de46	1440	1000	1440x1000	B-PX-AFTER19-PROMPT-EN	AFTER19-PROMPT	FL-013	en	FROZEN	DESKTOP-SHELL: wide-shell/integration closeout for AFTER19-PROMPT; AFTER19-PROMPT: active modal isolation, focus entry, and reachable exit closeout
k-tour-id-app/tests/visual/ondo-b-flow-pixels-desktop.spec.ts-snapshots/B-PX-AFTER19-VENUE-LOCKED-EN-FL-002-en-1440x1000-desktop-chromium-darwin.png	44b12b23368771e398b89ab3a953ca09d4f41adaafeda2af90eaa1e41ab141a2	1440	1000	1440x1000	B-PX-AFTER19-VENUE-LOCKED-EN	AFTER19-VENUE-LOCKED	FL-002	en	FROZEN	DESKTOP-SHELL: wide-shell/integration closeout for AFTER19-VENUE-LOCKED; AFTER19-ORDER: unlock CTA precedes supporting disclosure; SHEET-MODAL: one exposed modal, inert background, reachable exit
k-tour-id-app/tests/visual/ondo-b-flow-pixels-desktop.spec.ts-snapshots/B-PX-AFTER19-VENUE-RETURN-EN-FL-002-FL-013-FL-014-en-1440x1000-desktop-chromium-darwin.png	9e3758f81505ba6d809c86717c865e1f3a7c214d5f59907373b09780ff0585e0	1440	1000	1440x1000	B-PX-AFTER19-VENUE-RETURN-EN	AFTER19-VENUE-RETURN	FL-002,FL-013,FL-014	en	FROZEN	DESKTOP-SHELL: wide-shell/integration closeout for AFTER19-VENUE-RETURN; AFTER19-ORDER: unlock CTA precedes supporting disclosure; SHEET-MODAL: one exposed modal, inert background, reachable exit
k-tour-id-app/tests/visual/ondo-b-flow-pixels-desktop.spec.ts-snapshots/B-PX-CHAT-EN-FL-003-en-1440x1000-desktop-chromium-darwin.png	3740999e164d8ddab10d9578c84ad603db09d6182f23071523de8c27f65f55af	1440	1000	1440x1000	B-PX-CHAT-EN	CHAT	FL-003	en	FROZEN	DESKTOP-SHELL: wide-shell/integration closeout for CHAT; SHEET-MODAL: one exposed modal, inert background, reachable exit
k-tour-id-app/tests/visual/ondo-b-flow-pixels-desktop.spec.ts-snapshots/B-PX-CHAT-IMAGE-FAIL-EN-FL-003-en-1440x1000-desktop-chromium-darwin.png	7d3dd52a1781222bd0d95d1fba9d238050419e2e386cb4ac48cb151f4cc299cb	1440	1000	1440x1000	B-PX-CHAT-IMAGE-FAIL-EN	CHAT-IMAGE-FAIL	FL-003	en	FROZEN	DESKTOP-SHELL: wide-shell/integration closeout for CHAT-IMAGE-FAIL; SHEET-MODAL: one exposed modal, inert background, reachable exit
k-tour-id-app/tests/visual/ondo-b-flow-pixels-desktop.spec.ts-snapshots/B-PX-CHECKOUT-CANCEL-KO-FL-004-ko-1440x1000-desktop-chromium-darwin.png	575f3b2f0b4744864087e215db8050f5a6d9f4c12b4a715a2d8ced4a9eda7a1a	1440	1000	1440x1000	B-PX-CHECKOUT-CANCEL-KO	CHECKOUT-CANCEL	FL-004	ko	FROZEN	DESKTOP-SHELL: wide-shell/integration closeout for CHECKOUT-CANCEL; SHEET-MODAL: one exposed modal, inert background, reachable exit
k-tour-id-app/tests/visual/ondo-b-flow-pixels-desktop.spec.ts-snapshots/B-PX-CHECKOUT-FAIL-EN-FL-004-en-1440x1000-desktop-chromium-darwin.png	d32251bb9a28d36751a5d513ebf06df2089945b41bc8a3fcb1b337190359284d	1440	1000	1440x1000	B-PX-CHECKOUT-FAIL-EN	CHECKOUT-FAIL	FL-004	en	FROZEN	DESKTOP-SHELL: wide-shell/integration closeout for CHECKOUT-FAIL; SHEET-MODAL: one exposed modal, inert background, reachable exit
k-tour-id-app/tests/visual/ondo-b-flow-pixels-desktop.spec.ts-snapshots/B-PX-CHECKOUT-IDLE-EN-FL-004-FL-017-en-1440x1000-desktop-chromium-darwin.png	1349859ebcdda5e63e7853e260677620fc3c22e51dec03ae8cd2469198448d02	1440	1000	1440x1000	B-PX-CHECKOUT-IDLE-EN	CHECKOUT-IDLE	FL-004,FL-017	en	FROZEN	DESKTOP-SHELL: wide-shell/integration closeout for CHECKOUT-IDLE; SHEET-MODAL: one exposed modal, inert background, reachable exit
k-tour-id-app/tests/visual/ondo-b-flow-pixels-desktop.spec.ts-snapshots/B-PX-CHECKOUT-RECEIPT-EN-FL-004-en-1440x1000-desktop-chromium-darwin.png	1c49adda16c4c7567e2505a4b72da24c7c4823650e2918ae898b6569ae46e6a3	1440	1000	1440x1000	B-PX-CHECKOUT-RECEIPT-EN	CHECKOUT-RECEIPT	FL-004	en	FROZEN	DESKTOP-SHELL: wide-shell/integration closeout for CHECKOUT-RECEIPT; SHEET-MODAL: one exposed modal, inert background, reachable exit
k-tour-id-app/tests/visual/ondo-b-flow-pixels-desktop.spec.ts-snapshots/B-PX-CHECKOUT-STAMP-KO-FL-004-ko-1440x1000-desktop-chromium-darwin.png	0508e447872849482bc8ac52c71ba66b568340e26c54300afd2b42e0ea70037b	1440	1000	1440x1000	B-PX-CHECKOUT-STAMP-KO	CHECKOUT-STAMP	FL-004	ko	FROZEN	DESKTOP-SHELL: wide-shell/integration closeout for CHECKOUT-STAMP; SHEET-MODAL: one exposed modal, inert background, reachable exit
k-tour-id-app/tests/visual/ondo-b-flow-pixels-desktop.spec.ts-snapshots/B-PX-CITY-FALLBACK-KO-FL-001-ko-1440x1000-desktop-chromium-darwin.png	2d2dcb0f090a1011f9eaa2abbb9ecf0d6281de21292cce72b54c656cac2938fc	1440	1000	1440x1000	B-PX-CITY-FALLBACK-KO	CITY-FALLBACK	FL-001	ko	FROZEN	DESKTOP-SHELL: wide-shell/integration closeout for CITY-FALLBACK; MAP-LEGEND: 12px count legibility; MAP-PLACEHOLDER: explicit search placeholder contrast; SHEET-MODAL: one exposed modal, inert background, reachable exit
k-tour-id-app/tests/visual/ondo-b-flow-pixels-desktop.spec.ts-snapshots/B-PX-CITY-LIST-EN-FL-001-en-1440x1000-desktop-chromium-darwin.png	7b8933e6a13955e399b38982e9181414db899d46f1ece6d5bf64c7b91b5df7c6	1440	1000	1440x1000	B-PX-CITY-LIST-EN	CITY-LIST	FL-001	en	FROZEN	DESKTOP-SHELL: wide-shell/integration closeout for CITY-LIST; MAP-LEGEND: 12px count legibility; MAP-PLACEHOLDER: explicit search placeholder contrast; SHEET-MODAL: one exposed modal, inert background, reachable exit
k-tour-id-app/tests/visual/ondo-b-flow-pixels-desktop.spec.ts-snapshots/B-PX-CITY-LIVE-EN-FL-001-FL-014-en-1440x1000-desktop-chromium-darwin.png	49fc35edaed2707e878a80bf98c036fc8ff6757dc9b6c4cda9c156d2058f8e43	1440	1000	1440x1000	B-PX-CITY-LIVE-EN	CITY-LIVE	FL-001,FL-014	en	FROZEN	DESKTOP-SHELL: wide-shell/integration closeout for CITY-LIVE; MAP-LEGEND: 12px count legibility; MAP-PLACEHOLDER: explicit search placeholder contrast
k-tour-id-app/tests/visual/ondo-b-flow-pixels-desktop.spec.ts-snapshots/B-PX-CITY-LIVE-KO-FL-001-FL-014-ko-1440x1000-desktop-chromium-darwin.png	b101cb9af7844f7b7f7ea42e49ba56899015021914d4f0083f0110e8488ec74f	1440	1000	1440x1000	B-PX-CITY-LIVE-KO	CITY-LIVE	FL-001,FL-014	ko	FROZEN	DESKTOP-SHELL: wide-shell/integration closeout for CITY-LIVE; MAP-LEGEND: 12px count legibility; MAP-PLACEHOLDER: explicit search placeholder contrast
k-tour-id-app/tests/visual/ondo-b-flow-pixels-desktop.spec.ts-snapshots/B-PX-FEEDBACK-KO-FL-003-FL-015-ko-1440x1000-desktop-chromium-darwin.png	5a6d1dfd9df1276e3f4477e17ae39eecd32381ad3595d300ae73c50d7cb01788	1440	1000	1440x1000	B-PX-FEEDBACK-KO	FEEDBACK	FL-003,FL-015	ko	FROZEN	DESKTOP-SHELL: wide-shell/integration closeout for FEEDBACK; SHEET-MODAL: one exposed modal, inert background, reachable exit
k-tour-id-app/tests/visual/ondo-b-flow-pixels-desktop.spec.ts-snapshots/B-PX-GATE-ACCOUNT-FAIL-KO-FL-010-ko-1440x1000-desktop-chromium-darwin.png	d2221657fb796eecc10ead76dd75f9b21a4c5051041479f8ea2083324c4553f9	1440	1000	1440x1000	B-PX-GATE-ACCOUNT-FAIL-KO	GATE-ACCOUNT-FAIL	FL-010	ko	FROZEN	DESKTOP-SHELL: wide-shell/integration closeout for GATE-ACCOUNT-FAIL; SHEET-MODAL: one exposed modal, inert background, reachable exit
k-tour-id-app/tests/visual/ondo-b-flow-pixels-desktop.spec.ts-snapshots/B-PX-GATE-AGE-FAIL-KO-FL-002-FL-013-ko-1440x1000-desktop-chromium-darwin.png	7e2e61bd5ced22013aedd166e578d5437dfdf04cc6f4b1380b5e34b15b007524	1440	1000	1440x1000	B-PX-GATE-AGE-FAIL-KO	GATE-AGE-FAIL	FL-002,FL-013	ko	FROZEN	DESKTOP-SHELL: wide-shell/integration closeout for GATE-AGE-FAIL; SHEET-MODAL: one exposed modal, inert background, reachable exit
k-tour-id-app/tests/visual/ondo-b-flow-pixels-desktop.spec.ts-snapshots/B-PX-GATE-PAYMENT-EN-FL-017-en-1440x1000-desktop-chromium-darwin.png	be196cb13d774c4734368be9ac979deabb061cc213ce69df4e549736acacbb5a	1440	1000	1440x1000	B-PX-GATE-PAYMENT-EN	GATE-PAYMENT	FL-017	en	FROZEN	DESKTOP-SHELL: wide-shell/integration closeout for GATE-PAYMENT; SHEET-MODAL: one exposed modal, inert background, reachable exit
k-tour-id-app/tests/visual/ondo-b-flow-pixels-desktop.spec.ts-snapshots/B-PX-GATE-PAYMENT-FAIL-KO-FL-017-ko-1440x1000-desktop-chromium-darwin.png	7673d0477d74ed096f9c9e7beffdb75ab214d68c1aad2f0f4b76280dbc2e1e3b	1440	1000	1440x1000	B-PX-GATE-PAYMENT-FAIL-KO	GATE-PAYMENT-FAIL	FL-017	ko	FROZEN	DESKTOP-SHELL: wide-shell/integration closeout for GATE-PAYMENT-FAIL; SHEET-MODAL: one exposed modal, inert background, reachable exit
k-tour-id-app/tests/visual/ondo-b-flow-pixels-desktop.spec.ts-snapshots/B-PX-GATE-PERSON-CX-KO-FL-005-ko-1440x1000-desktop-chromium-darwin.png	dae237c4140f757703b6ae388aa8642d23d862721db135442d1cb1e1f3899685	1440	1000	1440x1000	B-PX-GATE-PERSON-CX-KO	GATE-PERSON-CX	FL-005	ko	FROZEN	DESKTOP-SHELL: wide-shell/integration closeout for GATE-PERSON-CX; SHEET-MODAL: one exposed modal, inert background, reachable exit
k-tour-id-app/tests/visual/ondo-b-flow-pixels-desktop.spec.ts-snapshots/B-PX-GATE-PERSON-PASSPORT-EN-FL-006-FL-012-en-1440x1000-desktop-chromium-darwin.png	8e8e825c3f795d4c309cf74a8198deea64f7e8cfefb2e40362514b59713406f8	1440	1000	1440x1000	B-PX-GATE-PERSON-PASSPORT-EN	GATE-PERSON-PASSPORT	FL-006,FL-012	en	FROZEN	DESKTOP-SHELL: wide-shell/integration closeout for GATE-PERSON-PASSPORT; SHEET-MODAL: one exposed modal, inert background, reachable exit
k-tour-id-app/tests/visual/ondo-b-flow-pixels-desktop.spec.ts-snapshots/B-PX-GATE-RESIDENCE-UNSUPPORTED-EN-FL-006-en-1440x1000-desktop-chromium-darwin.png	13a11677e25aad00785a71843b036af1da3075ca072224c2875e35045e979e3a	1440	1000	1440x1000	B-PX-GATE-RESIDENCE-UNSUPPORTED-EN	GATE-PERSON-RESIDENCE-UNSUPPORTED	FL-006	en	FROZEN	DESKTOP-SHELL: wide-shell/integration closeout for GATE-PERSON-RESIDENCE-UNSUPPORTED; SHEET-MODAL: one exposed modal, inert background, reachable exit
k-tour-id-app/tests/visual/ondo-b-flow-pixels-desktop.spec.ts-snapshots/B-PX-LABS-BRIDGE-FAIL-EN-FL-018-en-1440x1000-desktop-chromium-darwin.png	b1279697324f3d3534b3870101bff48fc4cdc532917c46265fbf253b503d8faa	1440	1000	1440x1000	B-PX-LABS-BRIDGE-FAIL-EN	LABS-BRIDGE-FAIL	FL-018	en	FROZEN	DESKTOP-SHELL: wide-shell/integration closeout for LABS-BRIDGE-FAIL; LABS-STABILIZE: technical-state density and scroll closeout
k-tour-id-app/tests/visual/ondo-b-flow-pixels-desktop.spec.ts-snapshots/B-PX-LABS-BRIDGE-SUCCESS-EN-FL-018-en-1440x1000-desktop-chromium-darwin.png	6907ed9b04bb28d8b4dd89df2cb10e96803aed0254c6ecc72539bf10d1fdedab	1440	1000	1440x1000	B-PX-LABS-BRIDGE-SUCCESS-EN	LABS-BRIDGE-SUCCESS	FL-018	en	FROZEN	DESKTOP-SHELL: wide-shell/integration closeout for LABS-BRIDGE-SUCCESS; LABS-STABILIZE: technical-state density and scroll closeout
k-tour-id-app/tests/visual/ondo-b-flow-pixels-desktop.spec.ts-snapshots/B-PX-LABS-EN-FL-004-FL-016-FL-018-en-1440x1000-desktop-chromium-darwin.png	b311b57337c50c8dfd56fac5488fdea2320ca3ab085356fae25196c0c4983a2d	1440	1000	1440x1000	B-PX-LABS-EN	LABS	FL-004,FL-016,FL-018	en	FROZEN	DESKTOP-SHELL: wide-shell/integration closeout for LABS; LABS-STABILIZE: technical-state density and scroll closeout
k-tour-id-app/tests/visual/ondo-b-flow-pixels-desktop.spec.ts-snapshots/B-PX-LABS-TRAIT-FAIL-KO-FL-016-ko-1440x1000-desktop-chromium-darwin.png	6b8e470b6959e13f4b0a7f47d04fdac3c08b27780c8650978407cfa639ef8b1e	1440	1000	1440x1000	B-PX-LABS-TRAIT-FAIL-KO	LABS-TRAIT-FAIL	FL-016	ko	FROZEN	DESKTOP-SHELL: wide-shell/integration closeout for LABS-TRAIT-FAIL; LABS-STABILIZE: technical-state density and scroll closeout
k-tour-id-app/tests/visual/ondo-b-flow-pixels-desktop.spec.ts-snapshots/B-PX-LOCAL-SIGNAL-EMPTY-EN-FL-012-en-1440x1000-desktop-chromium-darwin.png	b1e725b3bdd5a43f3667b015e894e2847da48b237683df1845054265a8309e47	1440	1000	1440x1000	B-PX-LOCAL-SIGNAL-EMPTY-EN	LOCAL-SIGNAL-EMPTY	FL-012	en	FROZEN	DESKTOP-SHELL: wide-shell/integration closeout for LOCAL-SIGNAL-EMPTY; SHEET-MODAL: one exposed modal, inert background, reachable exit
k-tour-id-app/tests/visual/ondo-b-flow-pixels-desktop.spec.ts-snapshots/B-PX-LOCAL-SIGNAL-FAIL-KO-FL-012-ko-1440x1000-desktop-chromium-darwin.png	fb7cc2c7b82128cc82600eb63e2f8153951ec63edc7d7360a8d5b92ffc3dae99	1440	1000	1440x1000	B-PX-LOCAL-SIGNAL-FAIL-KO	LOCAL-SIGNAL-FAIL	FL-012	ko	FROZEN	DESKTOP-SHELL: wide-shell/integration closeout for LOCAL-SIGNAL-FAIL; SHEET-MODAL: one exposed modal, inert background, reachable exit
k-tour-id-app/tests/visual/ondo-b-flow-pixels-desktop.spec.ts-snapshots/B-PX-LOCAL-SIGNAL-SUCCESS-EN-FL-012-FL-015-en-1440x1000-desktop-chromium-darwin.png	ce7aba22932db0cac1cf2782461020bb766b667eca46499b36150d08a120b34e	1440	1000	1440x1000	B-PX-LOCAL-SIGNAL-SUCCESS-EN	LOCAL-SIGNAL-SUCCESS	FL-012,FL-015	en	FROZEN	DESKTOP-SHELL: wide-shell/integration closeout for LOCAL-SIGNAL-SUCCESS; SHEET-MODAL: one exposed modal, inert background, reachable exit
k-tour-id-app/tests/visual/ondo-b-flow-pixels-desktop.spec.ts-snapshots/B-PX-MY-EN-FL-004-FL-011-FL-015-en-1440x1000-desktop-chromium-darwin.png	d42c462f85748e8ecc8252e535102af340b52308b1c6812ae1eb155609a59f2b	1440	1000	1440x1000	B-PX-MY-EN	MY	FL-004,FL-011,FL-015	en	FROZEN	DESKTOP-SHELL: wide-shell/integration closeout for MY
k-tour-id-app/tests/visual/ondo-b-flow-pixels-desktop.spec.ts-snapshots/B-PX-NATION-EN-FL-001-en-1440x1000-desktop-chromium-darwin.png	3bfb51787a8cbc15741b51c7b4d0fbec63602463a0b77b78da5c663664514bc5	1440	1000	1440x1000	B-PX-NATION-EN	NATION	FL-001	en	FROZEN	DESKTOP-SHELL: wide-shell/integration closeout for NATION; MAP-CONTRAST: nation eyebrow contrast closeout
k-tour-id-app/tests/visual/ondo-b-flow-pixels-desktop.spec.ts-snapshots/B-PX-NATION-KO-FL-001-ko-1440x1000-desktop-chromium-darwin.png	ec369813bb7d7fa800a285b08ddd39648bd348db850deff9a2e2714ec0594bb3	1440	1000	1440x1000	B-PX-NATION-KO	NATION	FL-001	ko	FROZEN	DESKTOP-SHELL: wide-shell/integration closeout for NATION; MAP-CONTRAST: nation eyebrow contrast closeout
k-tour-id-app/tests/visual/ondo-b-flow-pixels-desktop.spec.ts-snapshots/B-PX-ONBOARDING-PERSONAS-KO-FL-007-FL-008-FL-009-ko-1440x1000-desktop-chromium-darwin.png	6e20d7b890d8de0c5e75dd151b312bebc6d30fea9ba28e507c0ef93c712eb7e0	1440	1000	1440x1000	B-PX-ONBOARDING-PERSONAS-KO	ONBOARDING-PERSONAS	FL-007,FL-008,FL-009	ko	FROZEN	DESKTOP-SHELL: wide-shell/integration closeout for ONBOARDING-PERSONAS
k-tour-id-app/tests/visual/ondo-b-flow-pixels-desktop.spec.ts-snapshots/B-PX-ONBOARDING-PREFERENCES-EN-FL-007-FL-008-FL-009-en-1440x1000-desktop-chromium-darwin.png	9090ef74bbc35e1162d8e7175a078ea7c826d9582f95cc27dda41d96abcc6cf2	1440	1000	1440x1000	B-PX-ONBOARDING-PREFERENCES-EN	ONBOARDING-PREFERENCES	FL-007,FL-008,FL-009	en	FROZEN	DESKTOP-SHELL: wide-shell/integration closeout for ONBOARDING-PREFERENCES
k-tour-id-app/tests/visual/ondo-b-flow-pixels-desktop.spec.ts-snapshots/B-PX-ONBOARDING-VALUE-EN-FL-007-FL-008-FL-009-en-1440x1000-desktop-chromium-darwin.png	c78b1093b52f196fe1aa8f57fc523b7ee0e2d53de80df393e9923944b07d0f5f	1440	1000	1440x1000	B-PX-ONBOARDING-VALUE-EN	ONBOARDING-VALUE	FL-007,FL-008,FL-009	en	FROZEN	DESKTOP-SHELL: wide-shell/integration closeout for ONBOARDING-VALUE
k-tour-id-app/tests/visual/ondo-b-flow-pixels-desktop.spec.ts-snapshots/B-PX-PLACE-DETAIL-EN-FL-001-FL-010-FL-011-FL-012-FL-016-en-1440x1000-desktop-chromium-darwin.png	44b12b23368771e398b89ab3a953ca09d4f41adaafeda2af90eaa1e41ab141a2	1440	1000	1440x1000	B-PX-PLACE-DETAIL-EN	PLACE-DETAIL	FL-001,FL-010,FL-011,FL-012,FL-016	en	FROZEN	DESKTOP-SHELL: wide-shell/integration closeout for PLACE-DETAIL; VENUE-META: secondary venue metadata contrast; SHEET-MODAL: one exposed modal, inert background, reachable exit
k-tour-id-app/tests/visual/ondo-b-flow-pixels-desktop.spec.ts-snapshots/B-PX-PLACE-PEEK-EN-FL-001-en-1440x1000-desktop-chromium-darwin.png	52d84010d829b37fc093925a561ded5a724806d7fa9117766f0b3c3a8ec8b0a2	1440	1000	1440x1000	B-PX-PLACE-PEEK-EN	PLACE-PEEK	FL-001	en	FROZEN	DESKTOP-SHELL: wide-shell/integration closeout for PLACE-PEEK; VENUE-META: secondary venue metadata contrast; SHEET-MODAL: one exposed modal, inert background, reachable exit
k-tour-id-app/tests/visual/ondo-b-flow-pixels-desktop.spec.ts-snapshots/B-PX-PROFILE-KO-FL-015-ko-1440x1000-desktop-chromium-darwin.png	8b4da8250975626dc62de360e0f7ec389acb41d5a5429074f1e0c45d63e4877c	1440	1000	1440x1000	B-PX-PROFILE-KO	PROFILE	FL-015	ko	FROZEN	DESKTOP-SHELL: wide-shell/integration closeout for PROFILE
k-tour-id-app/tests/visual/ondo-b-flow-pixels-desktop.spec.ts-snapshots/B-PX-REPORT-EN-FL-003-en-1440x1000-desktop-chromium-darwin.png	4ecaa5f6d1e204e99f2e07e9c53fa0417391a53275c568d08932415b7fff3605	1440	1000	1440x1000	B-PX-REPORT-EN	REPORT	FL-003	en	FROZEN	DESKTOP-SHELL: wide-shell/integration closeout for REPORT; SHEET-MODAL: one exposed modal, inert background, reachable exit
k-tour-id-app/tests/visual/ondo-b-flow-pixels-desktop.spec.ts-snapshots/B-PX-SAVE-FAILURE-EN-FL-011-en-1440x1000-desktop-chromium-darwin.png	c7470176feb215c2178ca7e824675a1d3bb8640d8fe64d5aad3405a9930c9870	1440	1000	1440x1000	B-PX-SAVE-FAILURE-EN	SAVE-FAILURE	FL-011	en	FROZEN	DESKTOP-SHELL: wide-shell/integration closeout for SAVE-FAILURE; SHEET-MODAL: one exposed modal, inert background, reachable exit
k-tour-id-app/tests/visual/ondo-b-flow-pixels-desktop.spec.ts-snapshots/B-PX-SAVE-RECOVERED-KO-FL-011-ko-1440x1000-desktop-chromium-darwin.png	1fa3878752fdfe5f2a7100e97a38addfe4027a5408c7e0ff14b8a1a7ddb30417	1440	1000	1440x1000	B-PX-SAVE-RECOVERED-KO	SAVE-RECOVERED	FL-011	ko	FROZEN	DESKTOP-SHELL: wide-shell/integration closeout for SAVE-RECOVERED; SHEET-MODAL: one exposed modal, inert background, reachable exit
k-tour-id-app/tests/visual/ondo-b-flow-pixels-desktop.spec.ts-snapshots/B-PX-TABLE-DETAIL-KO-FL-003-ko-1440x1000-desktop-chromium-darwin.png	9c1bc52bf6aaa9d9bb694ff67ae7dce88bba78c0f92d4803278f725663765f62	1440	1000	1440x1000	B-PX-TABLE-DETAIL-KO	TABLE-DETAIL	FL-003	ko	FROZEN	DESKTOP-SHELL: wide-shell/integration closeout for TABLE-DETAIL; SHEET-MODAL: one exposed modal, inert background, reachable exit
k-tour-id-app/tests/visual/ondo-b-flow-pixels-desktop.spec.ts-snapshots/B-PX-TABLE-JOIN-FAIL-EN-FL-003-en-1440x1000-desktop-chromium-darwin.png	c459d5cd946acda79b42fedddfdba76e925795f35a7b3a3a74a665cedb735f32	1440	1000	1440x1000	B-PX-TABLE-JOIN-FAIL-EN	TABLE-JOIN-FAIL	FL-003	en	FROZEN	DESKTOP-SHELL: wide-shell/integration closeout for TABLE-JOIN-FAIL; SHEET-MODAL: one exposed modal, inert background, reachable exit
k-tour-id-app/tests/visual/ondo-b-flow-pixels-desktop.spec.ts-snapshots/B-PX-TABLES-LIST-EN-FL-003-en-1440x1000-desktop-chromium-darwin.png	3016f3e8040f7e3beddd1722cbd507bb177734fc5016cc0070c4e6e16bf2b683	1440	1000	1440x1000	B-PX-TABLES-LIST-EN	TABLES-LIST	FL-003	en	FROZEN	DESKTOP-SHELL: wide-shell/integration closeout for TABLES-LIST
k-tour-id-app/tests/visual/ondo-b-flow-pixels-desktop.spec.ts-snapshots/B-PX-TRUST-FOUR-AXES-EN-FL-003-FL-012-FL-015-en-1440x1000-desktop-chromium-darwin.png	3cced51b195c5afd20d6721d27c25f03b032c3acb4a7474b5eb2c3c4e7e71ff9	1440	1000	1440x1000	B-PX-TRUST-FOUR-AXES-EN	TRUST-FOUR-AXES	FL-003,FL-012,FL-015	en	FROZEN	DESKTOP-SHELL: wide-shell/integration closeout for TRUST-FOUR-AXES; TRUST-STABILIZE: four-axis hierarchy and scroll closeout
k-tour-id-app/tests/visual/ondo-b-flow-pixels-mobile.spec.ts-snapshots/B-PX-AFTER19-PROMPT-EN-FL-013-en-390x844-mobile-chromium-darwin.png	26afd579465a4b4159ab8e79dcac2dee54612833fd207eafda55a02492df32e8	390	844	390x844	B-PX-AFTER19-PROMPT-EN	AFTER19-PROMPT	FL-013	en	FROZEN	MOBILE-INTEGRATION: canonical mobile integration closeout for AFTER19-PROMPT; AFTER19-PROMPT: active modal isolation, focus entry, and reachable exit closeout
k-tour-id-app/tests/visual/ondo-b-flow-pixels-mobile.spec.ts-snapshots/B-PX-AFTER19-VENUE-LOCKED-EN-FL-002-en-390x844-mobile-chromium-darwin.png	d1afdb5dc958321591fd653c4b419736a8efff740d793e87c3677b3ae75db08f	390	844	390x844	B-PX-AFTER19-VENUE-LOCKED-EN	AFTER19-VENUE-LOCKED	FL-002	en	FROZEN	MOBILE-INTEGRATION: canonical-mobile closeout for AFTER19-VENUE-LOCKED; AFTER19-ORDER: unlock CTA precedes supporting disclosure; SHEET-MODAL: one exposed modal, inert background, reachable exit
k-tour-id-app/tests/visual/ondo-b-flow-pixels-mobile.spec.ts-snapshots/B-PX-AFTER19-VENUE-RETURN-EN-FL-002-FL-013-FL-014-en-390x844-mobile-chromium-darwin.png	2a41ab32257aa0e01245cdbcab9f7aedf256dda7570e45b4181c8730e7c0cab8	390	844	390x844	B-PX-AFTER19-VENUE-RETURN-EN	AFTER19-VENUE-RETURN	FL-002,FL-013,FL-014	en	FROZEN	MOBILE-INTEGRATION: canonical-mobile closeout for AFTER19-VENUE-RETURN; AFTER19-ORDER: unlock CTA precedes supporting disclosure; SHEET-MODAL: one exposed modal, inert background, reachable exit
k-tour-id-app/tests/visual/ondo-b-flow-pixels-mobile.spec.ts-snapshots/B-PX-CHAT-EN-FL-003-en-390x844-mobile-chromium-darwin.png	30bf14a1e9e0ad65d2d2c6e723d07e7222aa6ee65940f81f6a10490de95dce56	390	844	390x844	B-PX-CHAT-EN	CHAT	FL-003	en	FROZEN	MOBILE-INTEGRATION: canonical-mobile closeout for CHAT; SHEET-MODAL: one exposed modal, inert background, reachable exit
k-tour-id-app/tests/visual/ondo-b-flow-pixels-mobile.spec.ts-snapshots/B-PX-CHAT-IMAGE-FAIL-EN-FL-003-en-390x844-mobile-chromium-darwin.png	f0cef16ec91b10af1a21ef026f71baba22aa176b1704e0cec851989971969e5f	390	844	390x844	B-PX-CHAT-IMAGE-FAIL-EN	CHAT-IMAGE-FAIL	FL-003	en	FROZEN	MOBILE-INTEGRATION: canonical-mobile closeout for CHAT-IMAGE-FAIL; SHEET-MODAL: one exposed modal, inert background, reachable exit
k-tour-id-app/tests/visual/ondo-b-flow-pixels-mobile.spec.ts-snapshots/B-PX-CHECKOUT-CANCEL-KO-FL-004-ko-390x844-mobile-chromium-darwin.png	aee5e1311c01f71adddf8ae8ec607383adfc2a837267af14657fa63cee9c86e0	390	844	390x844	B-PX-CHECKOUT-CANCEL-KO	CHECKOUT-CANCEL	FL-004	ko	FROZEN	MOBILE-INTEGRATION: canonical-mobile closeout for CHECKOUT-CANCEL; SHEET-MODAL: one exposed modal, inert background, reachable exit
k-tour-id-app/tests/visual/ondo-b-flow-pixels-mobile.spec.ts-snapshots/B-PX-CHECKOUT-FAIL-EN-FL-004-en-390x844-mobile-chromium-darwin.png	c76cdbcbbc7312cd59894cb8af487647d8cdb3aaa372e65f61ba9ff073c5e3c5	390	844	390x844	B-PX-CHECKOUT-FAIL-EN	CHECKOUT-FAIL	FL-004	en	FROZEN	MOBILE-INTEGRATION: canonical-mobile closeout for CHECKOUT-FAIL; SHEET-MODAL: one exposed modal, inert background, reachable exit
k-tour-id-app/tests/visual/ondo-b-flow-pixels-mobile.spec.ts-snapshots/B-PX-CHECKOUT-IDLE-EN-FL-004-FL-017-en-390x844-mobile-chromium-darwin.png	1ac0a27d8517262e9332c68960b50ee2e999ea9c9d7889bb0b9c01e2c5072645	390	844	390x844	B-PX-CHECKOUT-IDLE-EN	CHECKOUT-IDLE	FL-004,FL-017	en	FROZEN	MOBILE-INTEGRATION: canonical-mobile closeout for CHECKOUT-IDLE; SHEET-MODAL: one exposed modal, inert background, reachable exit
k-tour-id-app/tests/visual/ondo-b-flow-pixels-mobile.spec.ts-snapshots/B-PX-CHECKOUT-RECEIPT-EN-FL-004-en-390x844-mobile-chromium-darwin.png	f0e58686eb7ef133ae9708a7e3cb277485a673c2af6abc8e9252f8688312ce45	390	844	390x844	B-PX-CHECKOUT-RECEIPT-EN	CHECKOUT-RECEIPT	FL-004	en	FROZEN	MOBILE-INTEGRATION: canonical-mobile closeout for CHECKOUT-RECEIPT; SHEET-MODAL: one exposed modal, inert background, reachable exit
k-tour-id-app/tests/visual/ondo-b-flow-pixels-mobile.spec.ts-snapshots/B-PX-CHECKOUT-STAMP-KO-FL-004-ko-390x844-mobile-chromium-darwin.png	12d144c06f40072123a6ba154f6abae4277862359d61631c4f336e342cd2b141	390	844	390x844	B-PX-CHECKOUT-STAMP-KO	CHECKOUT-STAMP	FL-004	ko	FROZEN	MOBILE-INTEGRATION: canonical-mobile closeout for CHECKOUT-STAMP; SHEET-MODAL: one exposed modal, inert background, reachable exit
k-tour-id-app/tests/visual/ondo-b-flow-pixels-mobile.spec.ts-snapshots/B-PX-CITY-FALLBACK-KO-FL-001-ko-390x844-mobile-chromium-darwin.png	70ae82195a47ce26b701604dd3dd850cb97a37a0fd409c1023a2007df73b9e47	390	844	390x844	B-PX-CITY-FALLBACK-KO	CITY-FALLBACK	FL-001	ko	FROZEN	MOBILE-INTEGRATION: canonical-mobile closeout for CITY-FALLBACK; MAP-LEGEND: 12px count legibility; MAP-PLACEHOLDER: explicit search placeholder contrast; SHEET-MODAL: one exposed modal, inert background, reachable exit
k-tour-id-app/tests/visual/ondo-b-flow-pixels-mobile.spec.ts-snapshots/B-PX-CITY-LIST-EN-FL-001-en-390x844-mobile-chromium-darwin.png	5423b25e64c925551969ccb8237f465db52232af26ec811a0ddc2213cc38f458	390	844	390x844	B-PX-CITY-LIST-EN	CITY-LIST	FL-001	en	FROZEN	MOBILE-INTEGRATION: canonical-mobile closeout for CITY-LIST; MAP-LEGEND: 12px count legibility; MAP-PLACEHOLDER: explicit search placeholder contrast; SHEET-MODAL: one exposed modal, inert background, reachable exit
k-tour-id-app/tests/visual/ondo-b-flow-pixels-mobile.spec.ts-snapshots/B-PX-CITY-LIVE-EN-FL-001-FL-014-en-390x844-mobile-chromium-darwin.png	9c6ed02bf9f2046b033d221f426c4750992ce72257fd478c6f6e4c39a4bdee5e	390	844	390x844	B-PX-CITY-LIVE-EN	CITY-LIVE	FL-001,FL-014	en	FROZEN	MOBILE-INTEGRATION: canonical-mobile closeout for CITY-LIVE; MAP-LEGEND: 12px count legibility; MAP-PLACEHOLDER: explicit search placeholder contrast
k-tour-id-app/tests/visual/ondo-b-flow-pixels-mobile.spec.ts-snapshots/B-PX-CITY-LIVE-KO-FL-001-FL-014-ko-390x844-mobile-chromium-darwin.png	174c5a73c4bf12a6d5855002b8495a932870f1061775b47d97dca09ca0eb6ac3	390	844	390x844	B-PX-CITY-LIVE-KO	CITY-LIVE	FL-001,FL-014	ko	FROZEN	MOBILE-INTEGRATION: canonical-mobile closeout for CITY-LIVE; MAP-LEGEND: 12px count legibility; MAP-PLACEHOLDER: explicit search placeholder contrast
k-tour-id-app/tests/visual/ondo-b-flow-pixels-mobile.spec.ts-snapshots/B-PX-FEEDBACK-KO-FL-003-FL-015-ko-390x844-mobile-chromium-darwin.png	d894c1800b25b9f6d30f42f2a05c1e6e133f5632cd0c5a6c73d7a6774d3b42c0	390	844	390x844	B-PX-FEEDBACK-KO	FEEDBACK	FL-003,FL-015	ko	FROZEN	MOBILE-INTEGRATION: canonical-mobile closeout for FEEDBACK; SHEET-MODAL: one exposed modal, inert background, reachable exit
k-tour-id-app/tests/visual/ondo-b-flow-pixels-mobile.spec.ts-snapshots/B-PX-GATE-ACCOUNT-FAIL-KO-FL-010-ko-390x844-mobile-chromium-darwin.png	1fd2e838cc1c8c63d608ddaabc6a7297f4e93105915304f2fe88a5dc666c838d	390	844	390x844	B-PX-GATE-ACCOUNT-FAIL-KO	GATE-ACCOUNT-FAIL	FL-010	ko	FROZEN	MOBILE-INTEGRATION: canonical-mobile closeout for GATE-ACCOUNT-FAIL; SHEET-MODAL: one exposed modal, inert background, reachable exit
k-tour-id-app/tests/visual/ondo-b-flow-pixels-mobile.spec.ts-snapshots/B-PX-GATE-AGE-FAIL-KO-FL-002-FL-013-ko-390x844-mobile-chromium-darwin.png	3d917dc8621cd4d9fbe5a9a46e6ce43e504773b7523962de7da3b38824337833	390	844	390x844	B-PX-GATE-AGE-FAIL-KO	GATE-AGE-FAIL	FL-002,FL-013	ko	FROZEN	MOBILE-INTEGRATION: canonical-mobile closeout for GATE-AGE-FAIL; SHEET-MODAL: one exposed modal, inert background, reachable exit
k-tour-id-app/tests/visual/ondo-b-flow-pixels-mobile.spec.ts-snapshots/B-PX-GATE-PAYMENT-EN-FL-017-en-390x844-mobile-chromium-darwin.png	b524c25f6325178bd26008f33af3294c9795e3c14cb689de1da093bdd81c4213	390	844	390x844	B-PX-GATE-PAYMENT-EN	GATE-PAYMENT	FL-017	en	FROZEN	MOBILE-INTEGRATION: canonical-mobile closeout for GATE-PAYMENT; SHEET-MODAL: one exposed modal, inert background, reachable exit
k-tour-id-app/tests/visual/ondo-b-flow-pixels-mobile.spec.ts-snapshots/B-PX-GATE-PAYMENT-FAIL-KO-FL-017-ko-390x844-mobile-chromium-darwin.png	fca7e706345e5ec4c5408f283c43b6228d3aa8e9546bba9b307076b5382c37db	390	844	390x844	B-PX-GATE-PAYMENT-FAIL-KO	GATE-PAYMENT-FAIL	FL-017	ko	FROZEN	MOBILE-INTEGRATION: canonical-mobile closeout for GATE-PAYMENT-FAIL; SHEET-MODAL: one exposed modal, inert background, reachable exit
k-tour-id-app/tests/visual/ondo-b-flow-pixels-mobile.spec.ts-snapshots/B-PX-GATE-PERSON-CX-KO-FL-005-ko-390x844-mobile-chromium-darwin.png	a0ff11966b89789a27d0b4ae7b70e485c85ca5ba138974ee8346060ec8e00b02	390	844	390x844	B-PX-GATE-PERSON-CX-KO	GATE-PERSON-CX	FL-005	ko	FROZEN	MOBILE-INTEGRATION: canonical-mobile closeout for GATE-PERSON-CX; SHEET-MODAL: one exposed modal, inert background, reachable exit
k-tour-id-app/tests/visual/ondo-b-flow-pixels-mobile.spec.ts-snapshots/B-PX-GATE-PERSON-PASSPORT-EN-FL-006-FL-012-en-390x844-mobile-chromium-darwin.png	69be14eab345afaf0dfd671d55b71def783ab3f4273ee671d3328a76b8a806ed	390	844	390x844	B-PX-GATE-PERSON-PASSPORT-EN	GATE-PERSON-PASSPORT	FL-006,FL-012	en	FROZEN	MOBILE-INTEGRATION: canonical-mobile closeout for GATE-PERSON-PASSPORT; SHEET-MODAL: one exposed modal, inert background, reachable exit
k-tour-id-app/tests/visual/ondo-b-flow-pixels-mobile.spec.ts-snapshots/B-PX-GATE-RESIDENCE-UNSUPPORTED-EN-FL-006-en-390x844-mobile-chromium-darwin.png	d4d63ffee617eb5b88b8d3658582a55ad8389ca0dd5d295c8f458341efc7b9b5	390	844	390x844	B-PX-GATE-RESIDENCE-UNSUPPORTED-EN	GATE-PERSON-RESIDENCE-UNSUPPORTED	FL-006	en	FROZEN	MOBILE-INTEGRATION: canonical-mobile closeout for GATE-PERSON-RESIDENCE-UNSUPPORTED; SHEET-MODAL: one exposed modal, inert background, reachable exit
k-tour-id-app/tests/visual/ondo-b-flow-pixels-mobile.spec.ts-snapshots/B-PX-LABS-BRIDGE-FAIL-EN-FL-018-en-390x844-mobile-chromium-darwin.png	a8c05229c0bd8f90b754e1dfc828e085e9abea497523263e612c485f8ea16266	390	844	390x844	B-PX-LABS-BRIDGE-FAIL-EN	LABS-BRIDGE-FAIL	FL-018	en	FROZEN	MOBILE-INTEGRATION: canonical-mobile closeout for LABS-BRIDGE-FAIL; LABS-STABILIZE: technical-state density and scroll closeout
k-tour-id-app/tests/visual/ondo-b-flow-pixels-mobile.spec.ts-snapshots/B-PX-LABS-BRIDGE-SUCCESS-EN-FL-018-en-390x844-mobile-chromium-darwin.png	fc91c4eb7cdf5a07e464d0322a5476160db4a48c1274853aa49537b14093ae68	390	844	390x844	B-PX-LABS-BRIDGE-SUCCESS-EN	LABS-BRIDGE-SUCCESS	FL-018	en	FROZEN	MOBILE-INTEGRATION: canonical-mobile closeout for LABS-BRIDGE-SUCCESS; LABS-STABILIZE: technical-state density and scroll closeout
k-tour-id-app/tests/visual/ondo-b-flow-pixels-mobile.spec.ts-snapshots/B-PX-LABS-EN-FL-004-FL-016-FL-018-en-390x844-mobile-chromium-darwin.png	1782c746234b36aafe30dc9b22d390f199076c1d93866884b95636640ea0eea3	390	844	390x844	B-PX-LABS-EN	LABS	FL-004,FL-016,FL-018	en	FROZEN	MOBILE-INTEGRATION: canonical-mobile closeout for LABS; LABS-STABILIZE: technical-state density and scroll closeout
k-tour-id-app/tests/visual/ondo-b-flow-pixels-mobile.spec.ts-snapshots/B-PX-LABS-TRAIT-FAIL-KO-FL-016-ko-390x844-mobile-chromium-darwin.png	1a1d43c4d672075aae7e1fc3d465c2d50923eff9e48ca32cf0c1de391ea90199	390	844	390x844	B-PX-LABS-TRAIT-FAIL-KO	LABS-TRAIT-FAIL	FL-016	ko	FROZEN	MOBILE-INTEGRATION: canonical-mobile closeout for LABS-TRAIT-FAIL; LABS-STABILIZE: technical-state density and scroll closeout
k-tour-id-app/tests/visual/ondo-b-flow-pixels-mobile.spec.ts-snapshots/B-PX-LOCAL-SIGNAL-EMPTY-EN-FL-012-en-390x844-mobile-chromium-darwin.png	d30280da3a81e2b50142c2e576b09cab2965abb62cc770f34a8e48d77ef2606e	390	844	390x844	B-PX-LOCAL-SIGNAL-EMPTY-EN	LOCAL-SIGNAL-EMPTY	FL-012	en	FROZEN	MOBILE-INTEGRATION: canonical-mobile closeout for LOCAL-SIGNAL-EMPTY; SHEET-MODAL: one exposed modal, inert background, reachable exit
k-tour-id-app/tests/visual/ondo-b-flow-pixels-mobile.spec.ts-snapshots/B-PX-LOCAL-SIGNAL-FAIL-KO-FL-012-ko-390x844-mobile-chromium-darwin.png	20b2a0f72db79f7063ce2dc8f7aacc3e5b20884edd6a5c39ec53d68e031d2f46	390	844	390x844	B-PX-LOCAL-SIGNAL-FAIL-KO	LOCAL-SIGNAL-FAIL	FL-012	ko	FROZEN	MOBILE-INTEGRATION: canonical-mobile closeout for LOCAL-SIGNAL-FAIL; SHEET-MODAL: one exposed modal, inert background, reachable exit
k-tour-id-app/tests/visual/ondo-b-flow-pixels-mobile.spec.ts-snapshots/B-PX-LOCAL-SIGNAL-SUCCESS-EN-FL-012-FL-015-en-390x844-mobile-chromium-darwin.png	ea16fc3d14e02aa901595600cb66e6a8c0314d5542e88366432b84458c2057a4	390	844	390x844	B-PX-LOCAL-SIGNAL-SUCCESS-EN	LOCAL-SIGNAL-SUCCESS	FL-012,FL-015	en	FROZEN	MOBILE-INTEGRATION: canonical-mobile closeout for LOCAL-SIGNAL-SUCCESS; SHEET-MODAL: one exposed modal, inert background, reachable exit
k-tour-id-app/tests/visual/ondo-b-flow-pixels-mobile.spec.ts-snapshots/B-PX-MY-EN-FL-004-FL-011-FL-015-en-390x844-mobile-chromium-darwin.png	3ea7281e36cae7607ea42151c382d3eec1a2ceac40aa69c444c7eb4585899459	390	844	390x844	B-PX-MY-EN	MY	FL-004,FL-011,FL-015	en	FROZEN	MOBILE-INTEGRATION: canonical-mobile closeout for MY
k-tour-id-app/tests/visual/ondo-b-flow-pixels-mobile.spec.ts-snapshots/B-PX-NATION-EN-FL-001-en-390x844-mobile-chromium-darwin.png	fab66248fead21973fe8f6aa0f4178ab0b4f98c1cd244f8e1b37023cbb8cce87	390	844	390x844	B-PX-NATION-EN	NATION	FL-001	en	FROZEN	MOBILE-INTEGRATION: canonical-mobile closeout for NATION; MAP-CONTRAST: nation eyebrow contrast closeout
k-tour-id-app/tests/visual/ondo-b-flow-pixels-mobile.spec.ts-snapshots/B-PX-NATION-KO-FL-001-ko-390x844-mobile-chromium-darwin.png	24e3fb0b3d74445590913451cc03ab4912887bb37ff2fdb51089ede0b71dd955	390	844	390x844	B-PX-NATION-KO	NATION	FL-001	ko	FROZEN	MOBILE-INTEGRATION: canonical-mobile closeout for NATION; MAP-CONTRAST: nation eyebrow contrast closeout
k-tour-id-app/tests/visual/ondo-b-flow-pixels-mobile.spec.ts-snapshots/B-PX-ONBOARDING-PERSONAS-KO-FL-007-FL-008-FL-009-ko-390x844-mobile-chromium-darwin.png	2101ac53573c6e7d3a50077b6698c931159900c7cd43dd9821ecc80dcfa9d888	390	844	390x844	B-PX-ONBOARDING-PERSONAS-KO	ONBOARDING-PERSONAS	FL-007,FL-008,FL-009	ko	FROZEN	MOBILE-INTEGRATION: canonical-mobile closeout for ONBOARDING-PERSONAS
k-tour-id-app/tests/visual/ondo-b-flow-pixels-mobile.spec.ts-snapshots/B-PX-ONBOARDING-PREFERENCES-EN-FL-007-FL-008-FL-009-en-390x844-mobile-chromium-darwin.png	41e1080583cfc9463ffd7e45b9e9d6705fa7f44fe241cf38c1dee63428cb3d04	390	844	390x844	B-PX-ONBOARDING-PREFERENCES-EN	ONBOARDING-PREFERENCES	FL-007,FL-008,FL-009	en	FROZEN	MOBILE-INTEGRATION: canonical-mobile closeout for ONBOARDING-PREFERENCES
k-tour-id-app/tests/visual/ondo-b-flow-pixels-mobile.spec.ts-snapshots/B-PX-ONBOARDING-VALUE-EN-FL-007-FL-008-FL-009-en-390x844-mobile-chromium-darwin.png	3fef9f67a3e9845d512072c4df023593fab793ae091922db8341cdb444aed710	390	844	390x844	B-PX-ONBOARDING-VALUE-EN	ONBOARDING-VALUE	FL-007,FL-008,FL-009	en	FROZEN	MOBILE-INTEGRATION: canonical-mobile closeout for ONBOARDING-VALUE
k-tour-id-app/tests/visual/ondo-b-flow-pixels-mobile.spec.ts-snapshots/B-PX-PLACE-DETAIL-EN-FL-001-FL-010-FL-011-FL-012-FL-016-en-390x844-mobile-chromium-darwin.png	3415190d4ee8742c9348e50a1d216f76a694834a38835f0a24123c666e562737	390	844	390x844	B-PX-PLACE-DETAIL-EN	PLACE-DETAIL	FL-001,FL-010,FL-011,FL-012,FL-016	en	FROZEN	MOBILE-INTEGRATION: canonical-mobile closeout for PLACE-DETAIL; VENUE-META: secondary venue metadata contrast; SHEET-MODAL: one exposed modal, inert background, reachable exit
k-tour-id-app/tests/visual/ondo-b-flow-pixels-mobile.spec.ts-snapshots/B-PX-PLACE-PEEK-EN-FL-001-en-390x844-mobile-chromium-darwin.png	26a6cb01d3a32303fe1f31faff2d614643c0c9b8137df23e99643d54ec6442e7	390	844	390x844	B-PX-PLACE-PEEK-EN	PLACE-PEEK	FL-001	en	FROZEN	MOBILE-INTEGRATION: canonical-mobile closeout for PLACE-PEEK; VENUE-META: secondary venue metadata contrast; SHEET-MODAL: one exposed modal, inert background, reachable exit
k-tour-id-app/tests/visual/ondo-b-flow-pixels-mobile.spec.ts-snapshots/B-PX-PROFILE-KO-FL-015-ko-390x844-mobile-chromium-darwin.png	10448bbd08502b81338bd946f5ad1f8ba329a6ed103bde1b2d6dce8aa66dd43d	390	844	390x844	B-PX-PROFILE-KO	PROFILE	FL-015	ko	FROZEN	MOBILE-INTEGRATION: canonical-mobile closeout for PROFILE
k-tour-id-app/tests/visual/ondo-b-flow-pixels-mobile.spec.ts-snapshots/B-PX-REPORT-EN-FL-003-en-390x844-mobile-chromium-darwin.png	cccfb1aaf6375fdd5c5c8f3a22927fa218d29936f1e4bab05ab2ab8cfd4e4afd	390	844	390x844	B-PX-REPORT-EN	REPORT	FL-003	en	FROZEN	MOBILE-INTEGRATION: canonical-mobile closeout for REPORT; SHEET-MODAL: one exposed modal, inert background, reachable exit
k-tour-id-app/tests/visual/ondo-b-flow-pixels-mobile.spec.ts-snapshots/B-PX-SAVE-FAILURE-EN-FL-011-en-390x844-mobile-chromium-darwin.png	ba2a79a2098bc32a3dd3dc2a8419169b87793bb45ceb434562c7a11f561ecdcc	390	844	390x844	B-PX-SAVE-FAILURE-EN	SAVE-FAILURE	FL-011	en	FROZEN	MOBILE-INTEGRATION: canonical-mobile closeout for SAVE-FAILURE; SHEET-MODAL: one exposed modal, inert background, reachable exit
k-tour-id-app/tests/visual/ondo-b-flow-pixels-mobile.spec.ts-snapshots/B-PX-SAVE-RECOVERED-KO-FL-011-ko-390x844-mobile-chromium-darwin.png	e13b69337ea9e9c48b3d0a433f4a343ea7c03831a840ea0f433b9cbdc3a7bde6	390	844	390x844	B-PX-SAVE-RECOVERED-KO	SAVE-RECOVERED	FL-011	ko	FROZEN	MOBILE-INTEGRATION: canonical-mobile closeout for SAVE-RECOVERED; SHEET-MODAL: one exposed modal, inert background, reachable exit
k-tour-id-app/tests/visual/ondo-b-flow-pixels-mobile.spec.ts-snapshots/B-PX-TABLE-DETAIL-KO-FL-003-ko-390x844-mobile-chromium-darwin.png	98861086136e8a62ae446ae23c2b3fa7f19bd4cddec5462a47328cbd42c2dd99	390	844	390x844	B-PX-TABLE-DETAIL-KO	TABLE-DETAIL	FL-003	ko	FROZEN	MOBILE-INTEGRATION: canonical-mobile closeout for TABLE-DETAIL; SHEET-MODAL: one exposed modal, inert background, reachable exit
k-tour-id-app/tests/visual/ondo-b-flow-pixels-mobile.spec.ts-snapshots/B-PX-TABLE-JOIN-FAIL-EN-FL-003-en-390x844-mobile-chromium-darwin.png	04643c68d75dcb027632fd9cc40ccc4f11e4360a8cb335c0bdd29a246b87ed8f	390	844	390x844	B-PX-TABLE-JOIN-FAIL-EN	TABLE-JOIN-FAIL	FL-003	en	FROZEN	MOBILE-INTEGRATION: canonical-mobile closeout for TABLE-JOIN-FAIL; SHEET-MODAL: one exposed modal, inert background, reachable exit
k-tour-id-app/tests/visual/ondo-b-flow-pixels-mobile.spec.ts-snapshots/B-PX-TABLES-LIST-EN-FL-003-en-390x844-mobile-chromium-darwin.png	5d9b339d252cf5e09388f4f400ab669ccb842070e7730baf258303a246d954da	390	844	390x844	B-PX-TABLES-LIST-EN	TABLES-LIST	FL-003	en	FROZEN	MOBILE-INTEGRATION: canonical-mobile closeout for TABLES-LIST
k-tour-id-app/tests/visual/ondo-b-flow-pixels-mobile.spec.ts-snapshots/B-PX-TRUST-FOUR-AXES-EN-FL-003-FL-012-FL-015-en-390x844-mobile-chromium-darwin.png	ed6435999c10b5320044ff43f586dd74d36fc96fb666ed9078d1f7c8d6ef1598	390	844	390x844	B-PX-TRUST-FOUR-AXES-EN	TRUST-FOUR-AXES	FL-003,FL-012,FL-015	en	FROZEN	MOBILE-INTEGRATION: canonical-mobile closeout for TRUST-FOUR-AXES; TRUST-STABILIZE: four-axis hierarchy and scroll closeout
k-tour-id-app/tests/visual/ondo-b-flow-pixels-responsive.spec.ts-snapshots/B-PX-AFTER19-PROMPT-EN-FL-013-en-360x800-desktop-chromium-darwin.png	bf75fa28e5fc2b1172269bceade17fed49d23a02f8ec1ab0e4a8a334bdfc7a52	360	800	360x800	B-PX-AFTER19-PROMPT-EN	AFTER19-PROMPT	FL-013	en	FROZEN	RSP-EXPANSION: 360x800 responsive evidence for AFTER19-PROMPT; AFTER19-PROMPT: active modal isolation, focus entry, and reachable exit closeout
k-tour-id-app/tests/visual/ondo-b-flow-pixels-responsive.spec.ts-snapshots/B-PX-AFTER19-PROMPT-EN-FL-013-en-430x932-desktop-chromium-darwin.png	b6b971453a7436886a0813ab9c7a4361c376b0ff385d2ee37f831726a2525563	430	932	430x932	B-PX-AFTER19-PROMPT-EN	AFTER19-PROMPT	FL-013	en	FROZEN	RSP-EXPANSION: 430x932 responsive evidence for AFTER19-PROMPT; AFTER19-PROMPT: active modal isolation, focus entry, and reachable exit closeout
k-tour-id-app/tests/visual/ondo-b-flow-pixels-responsive.spec.ts-snapshots/B-PX-AFTER19-PROMPT-EN-FL-013-en-768x1024-desktop-chromium-darwin.png	b20b6537a051c63240b9df57a4f8b311ffa4fd85085b253d11ec075d6760fbe0	768	1024	768x1024	B-PX-AFTER19-PROMPT-EN	AFTER19-PROMPT	FL-013	en	FROZEN	RSP-EXPANSION: 768x1024 responsive evidence for AFTER19-PROMPT; AFTER19-PROMPT: active modal isolation, focus entry, and reachable exit closeout
k-tour-id-app/tests/visual/ondo-b-flow-pixels-responsive.spec.ts-snapshots/B-PX-AFTER19-PROMPT-EN-FL-013-en-801x1000-desktop-chromium-darwin.png	6ceb85a576cd8ab3f2163e5c44c8cc72f55202d76b643c1848a79f3cabe9a432	801	1000	801x1000	B-PX-AFTER19-PROMPT-EN	AFTER19-PROMPT	FL-013	en	FROZEN	RSP-EXPANSION: 801x1000 responsive evidence for AFTER19-PROMPT; AFTER19-PROMPT: active modal isolation, focus entry, and reachable exit closeout
k-tour-id-app/tests/visual/ondo-b-flow-pixels-responsive.spec.ts-snapshots/B-PX-AFTER19-VENUE-LOCKED-EN-FL-002-en-360x800-desktop-chromium-darwin.png	b4af91e12b5ae195835d649ec3444069830ef4bd8e8a66c56b2d8c037eaaf1d2	360	800	360x800	B-PX-AFTER19-VENUE-LOCKED-EN	AFTER19-VENUE-LOCKED	FL-002	en	FROZEN	RSP-EXPANSION: 360x800 responsive coverage for AFTER19-VENUE-LOCKED; AFTER19-ORDER: unlock CTA precedes supporting disclosure; SHEET-MODAL: one exposed modal, inert background, reachable exit
k-tour-id-app/tests/visual/ondo-b-flow-pixels-responsive.spec.ts-snapshots/B-PX-AFTER19-VENUE-LOCKED-EN-FL-002-en-430x932-desktop-chromium-darwin.png	55409d92af35efa4c871f03b466f37381134fdef26adfaf51f01c62544288409	430	932	430x932	B-PX-AFTER19-VENUE-LOCKED-EN	AFTER19-VENUE-LOCKED	FL-002	en	FROZEN	RSP-EXPANSION: 430x932 responsive coverage for AFTER19-VENUE-LOCKED; AFTER19-ORDER: unlock CTA precedes supporting disclosure; SHEET-MODAL: one exposed modal, inert background, reachable exit
k-tour-id-app/tests/visual/ondo-b-flow-pixels-responsive.spec.ts-snapshots/B-PX-AFTER19-VENUE-LOCKED-EN-FL-002-en-768x1024-desktop-chromium-darwin.png	bd453317bb3d18c48441bc97d9f22695ebdac848f0184eca8384e98d97f1ef54	768	1024	768x1024	B-PX-AFTER19-VENUE-LOCKED-EN	AFTER19-VENUE-LOCKED	FL-002	en	FROZEN	RSP-EXPANSION: 768x1024 responsive coverage for AFTER19-VENUE-LOCKED; AFTER19-ORDER: unlock CTA precedes supporting disclosure; SHEET-MODAL: one exposed modal, inert background, reachable exit
k-tour-id-app/tests/visual/ondo-b-flow-pixels-responsive.spec.ts-snapshots/B-PX-AFTER19-VENUE-LOCKED-EN-FL-002-en-801x1000-desktop-chromium-darwin.png	8223130c63b773d05aaebb398034ccb5da22fbca49d286030e167f613104f098	801	1000	801x1000	B-PX-AFTER19-VENUE-LOCKED-EN	AFTER19-VENUE-LOCKED	FL-002	en	FROZEN	RSP-EXPANSION: 801x1000 responsive coverage for AFTER19-VENUE-LOCKED; AFTER19-ORDER: unlock CTA precedes supporting disclosure; SHEET-MODAL: one exposed modal, inert background, reachable exit
k-tour-id-app/tests/visual/ondo-b-flow-pixels-responsive.spec.ts-snapshots/B-PX-AFTER19-VENUE-RETURN-EN-FL-002-FL-013-FL-014-en-360x800-desktop-chromium-darwin.png	dc2afffea5e5dbdcfe181efd662066c88032f3bda25b5dffedd0c2a3b0e5e6b6	360	800	360x800	B-PX-AFTER19-VENUE-RETURN-EN	AFTER19-VENUE-RETURN	FL-002,FL-013,FL-014	en	FROZEN	RSP-EXPANSION: 360x800 responsive coverage for AFTER19-VENUE-RETURN; AFTER19-ORDER: unlock CTA precedes supporting disclosure; SHEET-MODAL: one exposed modal, inert background, reachable exit
k-tour-id-app/tests/visual/ondo-b-flow-pixels-responsive.spec.ts-snapshots/B-PX-AFTER19-VENUE-RETURN-EN-FL-002-FL-013-FL-014-en-430x932-desktop-chromium-darwin.png	dcfcfb1e8406755649d0129cc4628300508f89254696f6cac2c6b94654cddd0c	430	932	430x932	B-PX-AFTER19-VENUE-RETURN-EN	AFTER19-VENUE-RETURN	FL-002,FL-013,FL-014	en	FROZEN	RSP-EXPANSION: 430x932 responsive coverage for AFTER19-VENUE-RETURN; AFTER19-ORDER: unlock CTA precedes supporting disclosure; SHEET-MODAL: one exposed modal, inert background, reachable exit
k-tour-id-app/tests/visual/ondo-b-flow-pixels-responsive.spec.ts-snapshots/B-PX-AFTER19-VENUE-RETURN-EN-FL-002-FL-013-FL-014-en-768x1024-desktop-chromium-darwin.png	e00388858562fba1f25b5eda679523a996f497eb7ede713d0913199e02be41ab	768	1024	768x1024	B-PX-AFTER19-VENUE-RETURN-EN	AFTER19-VENUE-RETURN	FL-002,FL-013,FL-014	en	FROZEN	RSP-EXPANSION: 768x1024 responsive coverage for AFTER19-VENUE-RETURN; AFTER19-ORDER: unlock CTA precedes supporting disclosure; SHEET-MODAL: one exposed modal, inert background, reachable exit
k-tour-id-app/tests/visual/ondo-b-flow-pixels-responsive.spec.ts-snapshots/B-PX-AFTER19-VENUE-RETURN-EN-FL-002-FL-013-FL-014-en-801x1000-desktop-chromium-darwin.png	a318e2f013f4512f07eeb224e72151b5eccab0c7c1cd0ae463cd0849fb5c410a	801	1000	801x1000	B-PX-AFTER19-VENUE-RETURN-EN	AFTER19-VENUE-RETURN	FL-002,FL-013,FL-014	en	FROZEN	RSP-EXPANSION: 801x1000 responsive coverage for AFTER19-VENUE-RETURN; AFTER19-ORDER: unlock CTA precedes supporting disclosure; SHEET-MODAL: one exposed modal, inert background, reachable exit
k-tour-id-app/tests/visual/ondo-b-flow-pixels-responsive.spec.ts-snapshots/B-PX-CHAT-EN-FL-003-en-360x800-desktop-chromium-darwin.png	7ba07109010c436b7ec550c430cfaeebd30b74be05b570302a60c5a63a4e8acd	360	800	360x800	B-PX-CHAT-EN	CHAT	FL-003	en	FROZEN	RSP-EXPANSION: 360x800 responsive coverage for CHAT; SHEET-MODAL: one exposed modal, inert background, reachable exit
k-tour-id-app/tests/visual/ondo-b-flow-pixels-responsive.spec.ts-snapshots/B-PX-CHAT-EN-FL-003-en-430x932-desktop-chromium-darwin.png	d88da9cf824447faaf8cb512a611fb0e3636bcc85ecfd1eceaf62db2dd0b11d1	430	932	430x932	B-PX-CHAT-EN	CHAT	FL-003	en	FROZEN	RSP-EXPANSION: 430x932 responsive coverage for CHAT; SHEET-MODAL: one exposed modal, inert background, reachable exit
k-tour-id-app/tests/visual/ondo-b-flow-pixels-responsive.spec.ts-snapshots/B-PX-CHAT-EN-FL-003-en-768x1024-desktop-chromium-darwin.png	ad5873eac9ef52017ab26af15ebec52d36555628fe9c67424579718683169b4d	768	1024	768x1024	B-PX-CHAT-EN	CHAT	FL-003	en	FROZEN	RSP-EXPANSION: 768x1024 responsive coverage for CHAT; SHEET-MODAL: one exposed modal, inert background, reachable exit
k-tour-id-app/tests/visual/ondo-b-flow-pixels-responsive.spec.ts-snapshots/B-PX-CHAT-EN-FL-003-en-801x1000-desktop-chromium-darwin.png	ce22df6ece3ccba56f91301f8e756a604624f870d7a72c507a7778c5ee922b96	801	1000	801x1000	B-PX-CHAT-EN	CHAT	FL-003	en	FROZEN	RSP-EXPANSION: 801x1000 responsive coverage for CHAT; SHEET-MODAL: one exposed modal, inert background, reachable exit
k-tour-id-app/tests/visual/ondo-b-flow-pixels-responsive.spec.ts-snapshots/B-PX-CHAT-IMAGE-FAIL-EN-FL-003-en-360x800-desktop-chromium-darwin.png	6c859fe0a687c917bcbaae24f86cecbfcd33db5e6e9db2cc8169649771000a86	360	800	360x800	B-PX-CHAT-IMAGE-FAIL-EN	CHAT-IMAGE-FAIL	FL-003	en	FROZEN	RSP-EXPANSION: 360x800 responsive coverage for CHAT-IMAGE-FAIL; SHEET-MODAL: one exposed modal, inert background, reachable exit
k-tour-id-app/tests/visual/ondo-b-flow-pixels-responsive.spec.ts-snapshots/B-PX-CHAT-IMAGE-FAIL-EN-FL-003-en-430x932-desktop-chromium-darwin.png	c7556856ff0b73a3ea09d3385b2caaaa744f51a63f057011bac89bb921e014b3	430	932	430x932	B-PX-CHAT-IMAGE-FAIL-EN	CHAT-IMAGE-FAIL	FL-003	en	FROZEN	RSP-EXPANSION: 430x932 responsive coverage for CHAT-IMAGE-FAIL; SHEET-MODAL: one exposed modal, inert background, reachable exit
k-tour-id-app/tests/visual/ondo-b-flow-pixels-responsive.spec.ts-snapshots/B-PX-CHAT-IMAGE-FAIL-EN-FL-003-en-768x1024-desktop-chromium-darwin.png	53936995b86645858f0866a7f6189bb6f1b4b57cbdd39ba5937452324dbe8377	768	1024	768x1024	B-PX-CHAT-IMAGE-FAIL-EN	CHAT-IMAGE-FAIL	FL-003	en	FROZEN	RSP-EXPANSION: 768x1024 responsive coverage for CHAT-IMAGE-FAIL; SHEET-MODAL: one exposed modal, inert background, reachable exit
k-tour-id-app/tests/visual/ondo-b-flow-pixels-responsive.spec.ts-snapshots/B-PX-CHAT-IMAGE-FAIL-EN-FL-003-en-801x1000-desktop-chromium-darwin.png	274aff30f6ff99676d03a2cc9dfcdd41bc88e0c62c91308a8d6b02b3fd4cabfa	801	1000	801x1000	B-PX-CHAT-IMAGE-FAIL-EN	CHAT-IMAGE-FAIL	FL-003	en	FROZEN	RSP-EXPANSION: 801x1000 responsive coverage for CHAT-IMAGE-FAIL; SHEET-MODAL: one exposed modal, inert background, reachable exit
k-tour-id-app/tests/visual/ondo-b-flow-pixels-responsive.spec.ts-snapshots/B-PX-CHECKOUT-CANCEL-KO-FL-004-ko-360x800-desktop-chromium-darwin.png	05fb46660a87d56e16f421848e546e5feb52c729d081e82e4c80bfc68235f649	360	800	360x800	B-PX-CHECKOUT-CANCEL-KO	CHECKOUT-CANCEL	FL-004	ko	FROZEN	RSP-EXPANSION: 360x800 responsive coverage for CHECKOUT-CANCEL; SHEET-MODAL: one exposed modal, inert background, reachable exit
k-tour-id-app/tests/visual/ondo-b-flow-pixels-responsive.spec.ts-snapshots/B-PX-CHECKOUT-CANCEL-KO-FL-004-ko-430x932-desktop-chromium-darwin.png	26479c662f54502e7fe950a93560755c61928ae10093bbbd90520a25245f56bf	430	932	430x932	B-PX-CHECKOUT-CANCEL-KO	CHECKOUT-CANCEL	FL-004	ko	FROZEN	RSP-EXPANSION: 430x932 responsive coverage for CHECKOUT-CANCEL; SHEET-MODAL: one exposed modal, inert background, reachable exit
k-tour-id-app/tests/visual/ondo-b-flow-pixels-responsive.spec.ts-snapshots/B-PX-CHECKOUT-CANCEL-KO-FL-004-ko-768x1024-desktop-chromium-darwin.png	433525ef25bb09b8e2dc6ba9e3db7f7a0d2ba34e873a94ce8e289045c13bb291	768	1024	768x1024	B-PX-CHECKOUT-CANCEL-KO	CHECKOUT-CANCEL	FL-004	ko	FROZEN	RSP-EXPANSION: 768x1024 responsive coverage for CHECKOUT-CANCEL; SHEET-MODAL: one exposed modal, inert background, reachable exit
k-tour-id-app/tests/visual/ondo-b-flow-pixels-responsive.spec.ts-snapshots/B-PX-CHECKOUT-CANCEL-KO-FL-004-ko-801x1000-desktop-chromium-darwin.png	6f1e9af4c7ccdd5e87937c7c0299dc0bdd80ee438baa0878cb1e6d11077ebcc7	801	1000	801x1000	B-PX-CHECKOUT-CANCEL-KO	CHECKOUT-CANCEL	FL-004	ko	FROZEN	RSP-EXPANSION: 801x1000 responsive coverage for CHECKOUT-CANCEL; SHEET-MODAL: one exposed modal, inert background, reachable exit
k-tour-id-app/tests/visual/ondo-b-flow-pixels-responsive.spec.ts-snapshots/B-PX-CHECKOUT-FAIL-EN-FL-004-en-360x800-desktop-chromium-darwin.png	8527cd5935ecb3abeb693b7f817d3f0ca211f9ce43b2c5effd818bf7de828f42	360	800	360x800	B-PX-CHECKOUT-FAIL-EN	CHECKOUT-FAIL	FL-004	en	FROZEN	RSP-EXPANSION: 360x800 responsive coverage for CHECKOUT-FAIL; SHEET-MODAL: one exposed modal, inert background, reachable exit
k-tour-id-app/tests/visual/ondo-b-flow-pixels-responsive.spec.ts-snapshots/B-PX-CHECKOUT-FAIL-EN-FL-004-en-430x932-desktop-chromium-darwin.png	b246b62c2c9bf2229f3f925d91047c8ae432c290c9954c7e075508a1c322df43	430	932	430x932	B-PX-CHECKOUT-FAIL-EN	CHECKOUT-FAIL	FL-004	en	FROZEN	RSP-EXPANSION: 430x932 responsive coverage for CHECKOUT-FAIL; SHEET-MODAL: one exposed modal, inert background, reachable exit
k-tour-id-app/tests/visual/ondo-b-flow-pixels-responsive.spec.ts-snapshots/B-PX-CHECKOUT-FAIL-EN-FL-004-en-768x1024-desktop-chromium-darwin.png	3b84b9ff23d4b622466ab117d6b3a3c615eed6b00b4549b9b7f78acb5f255ee4	768	1024	768x1024	B-PX-CHECKOUT-FAIL-EN	CHECKOUT-FAIL	FL-004	en	FROZEN	RSP-EXPANSION: 768x1024 responsive coverage for CHECKOUT-FAIL; SHEET-MODAL: one exposed modal, inert background, reachable exit
k-tour-id-app/tests/visual/ondo-b-flow-pixels-responsive.spec.ts-snapshots/B-PX-CHECKOUT-FAIL-EN-FL-004-en-801x1000-desktop-chromium-darwin.png	6c05a0ee7dff766f8ffd4655aaad26efe27187eee78c7b179c10a7245cfbfba7	801	1000	801x1000	B-PX-CHECKOUT-FAIL-EN	CHECKOUT-FAIL	FL-004	en	FROZEN	RSP-EXPANSION: 801x1000 responsive coverage for CHECKOUT-FAIL; SHEET-MODAL: one exposed modal, inert background, reachable exit
k-tour-id-app/tests/visual/ondo-b-flow-pixels-responsive.spec.ts-snapshots/B-PX-CHECKOUT-IDLE-EN-FL-004-FL-017-en-360x800-desktop-chromium-darwin.png	ddb9068a341a9dda6e36dc4243ddbda0e148a364aaa66df79dc5ec4ee79de629	360	800	360x800	B-PX-CHECKOUT-IDLE-EN	CHECKOUT-IDLE	FL-004,FL-017	en	FROZEN	RSP-EXPANSION: 360x800 responsive coverage for CHECKOUT-IDLE; SHEET-MODAL: one exposed modal, inert background, reachable exit
k-tour-id-app/tests/visual/ondo-b-flow-pixels-responsive.spec.ts-snapshots/B-PX-CHECKOUT-IDLE-EN-FL-004-FL-017-en-430x932-desktop-chromium-darwin.png	305f763a52623b70f7cc99e7fad7e3e2d5d76a17af8f8a932da44e09f444cc3e	430	932	430x932	B-PX-CHECKOUT-IDLE-EN	CHECKOUT-IDLE	FL-004,FL-017	en	FROZEN	RSP-EXPANSION: 430x932 responsive coverage for CHECKOUT-IDLE; SHEET-MODAL: one exposed modal, inert background, reachable exit
k-tour-id-app/tests/visual/ondo-b-flow-pixels-responsive.spec.ts-snapshots/B-PX-CHECKOUT-IDLE-EN-FL-004-FL-017-en-768x1024-desktop-chromium-darwin.png	912ea78f814722850f587f2f2a4be6d9290e0e131c8ccbdadaf8dd85c08517e8	768	1024	768x1024	B-PX-CHECKOUT-IDLE-EN	CHECKOUT-IDLE	FL-004,FL-017	en	FROZEN	RSP-EXPANSION: 768x1024 responsive coverage for CHECKOUT-IDLE; SHEET-MODAL: one exposed modal, inert background, reachable exit
k-tour-id-app/tests/visual/ondo-b-flow-pixels-responsive.spec.ts-snapshots/B-PX-CHECKOUT-IDLE-EN-FL-004-FL-017-en-801x1000-desktop-chromium-darwin.png	ea2a2606757ace53b52dc5d74f5b979774aae3a83cd0aea1c5ae516387649990	801	1000	801x1000	B-PX-CHECKOUT-IDLE-EN	CHECKOUT-IDLE	FL-004,FL-017	en	FROZEN	RSP-EXPANSION: 801x1000 responsive coverage for CHECKOUT-IDLE; SHEET-MODAL: one exposed modal, inert background, reachable exit
k-tour-id-app/tests/visual/ondo-b-flow-pixels-responsive.spec.ts-snapshots/B-PX-CHECKOUT-RECEIPT-EN-FL-004-en-360x800-desktop-chromium-darwin.png	57ab8c336552c0374a8220a122e37323d55a8b0446a49d0f070ad6d3b562d531	360	800	360x800	B-PX-CHECKOUT-RECEIPT-EN	CHECKOUT-RECEIPT	FL-004	en	FROZEN	RSP-EXPANSION: 360x800 responsive coverage for CHECKOUT-RECEIPT; SHEET-MODAL: one exposed modal, inert background, reachable exit
k-tour-id-app/tests/visual/ondo-b-flow-pixels-responsive.spec.ts-snapshots/B-PX-CHECKOUT-RECEIPT-EN-FL-004-en-430x932-desktop-chromium-darwin.png	482332ae55e88f11cae2f41951d4c60a6f15799d32dbec3ba7d216788eccef90	430	932	430x932	B-PX-CHECKOUT-RECEIPT-EN	CHECKOUT-RECEIPT	FL-004	en	FROZEN	RSP-EXPANSION: 430x932 responsive coverage for CHECKOUT-RECEIPT; SHEET-MODAL: one exposed modal, inert background, reachable exit
k-tour-id-app/tests/visual/ondo-b-flow-pixels-responsive.spec.ts-snapshots/B-PX-CHECKOUT-RECEIPT-EN-FL-004-en-768x1024-desktop-chromium-darwin.png	e002e8c53acd59d1ca55c6867bdb31a35bd35bcdbc2df9e661fb4cb944c9d943	768	1024	768x1024	B-PX-CHECKOUT-RECEIPT-EN	CHECKOUT-RECEIPT	FL-004	en	FROZEN	RSP-EXPANSION: 768x1024 responsive coverage for CHECKOUT-RECEIPT; SHEET-MODAL: one exposed modal, inert background, reachable exit
k-tour-id-app/tests/visual/ondo-b-flow-pixels-responsive.spec.ts-snapshots/B-PX-CHECKOUT-RECEIPT-EN-FL-004-en-801x1000-desktop-chromium-darwin.png	07232ccde5f21881fe5ba5274301ac6515ca6973ef2540a8429b425a56d54cd0	801	1000	801x1000	B-PX-CHECKOUT-RECEIPT-EN	CHECKOUT-RECEIPT	FL-004	en	FROZEN	RSP-EXPANSION: 801x1000 responsive coverage for CHECKOUT-RECEIPT; SHEET-MODAL: one exposed modal, inert background, reachable exit
k-tour-id-app/tests/visual/ondo-b-flow-pixels-responsive.spec.ts-snapshots/B-PX-CHECKOUT-STAMP-KO-FL-004-ko-360x800-desktop-chromium-darwin.png	b32c6515ac4d1ad38b50965c29772e284856a76973e84474194bc373947cb126	360	800	360x800	B-PX-CHECKOUT-STAMP-KO	CHECKOUT-STAMP	FL-004	ko	FROZEN	RSP-EXPANSION: 360x800 responsive coverage for CHECKOUT-STAMP; SHEET-MODAL: one exposed modal, inert background, reachable exit
k-tour-id-app/tests/visual/ondo-b-flow-pixels-responsive.spec.ts-snapshots/B-PX-CHECKOUT-STAMP-KO-FL-004-ko-430x932-desktop-chromium-darwin.png	bed60f313fd110ee61bed0e40dededd3548f62aa94439a4ba0eba4d3cea0f164	430	932	430x932	B-PX-CHECKOUT-STAMP-KO	CHECKOUT-STAMP	FL-004	ko	FROZEN	RSP-EXPANSION: 430x932 responsive coverage for CHECKOUT-STAMP; SHEET-MODAL: one exposed modal, inert background, reachable exit
k-tour-id-app/tests/visual/ondo-b-flow-pixels-responsive.spec.ts-snapshots/B-PX-CHECKOUT-STAMP-KO-FL-004-ko-768x1024-desktop-chromium-darwin.png	5f59298567171705f9a842ec3f6190c8c582bea8558a3be471a1bb69abec5434	768	1024	768x1024	B-PX-CHECKOUT-STAMP-KO	CHECKOUT-STAMP	FL-004	ko	FROZEN	RSP-EXPANSION: 768x1024 responsive coverage for CHECKOUT-STAMP; SHEET-MODAL: one exposed modal, inert background, reachable exit
k-tour-id-app/tests/visual/ondo-b-flow-pixels-responsive.spec.ts-snapshots/B-PX-CHECKOUT-STAMP-KO-FL-004-ko-801x1000-desktop-chromium-darwin.png	07ecabdd1e83cd55ae99a2edc1b66b19691fa94b4b0071d6014c41514e2ceac6	801	1000	801x1000	B-PX-CHECKOUT-STAMP-KO	CHECKOUT-STAMP	FL-004	ko	FROZEN	RSP-EXPANSION: 801x1000 responsive coverage for CHECKOUT-STAMP; SHEET-MODAL: one exposed modal, inert background, reachable exit
k-tour-id-app/tests/visual/ondo-b-flow-pixels-responsive.spec.ts-snapshots/B-PX-CITY-FALLBACK-KO-FL-001-ko-360x800-desktop-chromium-darwin.png	9965d3d3ebe1054975d323eb07dd6716ac0050474bedfb9f5f8598907b1b2f00	360	800	360x800	B-PX-CITY-FALLBACK-KO	CITY-FALLBACK	FL-001	ko	FROZEN	RSP-EXPANSION: 360x800 responsive coverage for CITY-FALLBACK; MAP-LEGEND: 12px count legibility; MAP-PLACEHOLDER: explicit search placeholder contrast; SHEET-MODAL: one exposed modal, inert background, reachable exit
k-tour-id-app/tests/visual/ondo-b-flow-pixels-responsive.spec.ts-snapshots/B-PX-CITY-FALLBACK-KO-FL-001-ko-430x932-desktop-chromium-darwin.png	5f6ffe2137aee8913ce6c728d2a0b6446f96cdbf5cc83ffd5b3b54ab299fd681	430	932	430x932	B-PX-CITY-FALLBACK-KO	CITY-FALLBACK	FL-001	ko	FROZEN	RSP-EXPANSION: 430x932 responsive coverage for CITY-FALLBACK; MAP-LEGEND: 12px count legibility; MAP-PLACEHOLDER: explicit search placeholder contrast; SHEET-MODAL: one exposed modal, inert background, reachable exit
k-tour-id-app/tests/visual/ondo-b-flow-pixels-responsive.spec.ts-snapshots/B-PX-CITY-FALLBACK-KO-FL-001-ko-768x1024-desktop-chromium-darwin.png	f37649ba3fb14ffbb5e35e3687f0eeda684c3db423c1f4da7288e783812a7783	768	1024	768x1024	B-PX-CITY-FALLBACK-KO	CITY-FALLBACK	FL-001	ko	FROZEN	RSP-EXPANSION: 768x1024 responsive coverage for CITY-FALLBACK; MAP-LEGEND: 12px count legibility; MAP-PLACEHOLDER: explicit search placeholder contrast; SHEET-MODAL: one exposed modal, inert background, reachable exit
k-tour-id-app/tests/visual/ondo-b-flow-pixels-responsive.spec.ts-snapshots/B-PX-CITY-FALLBACK-KO-FL-001-ko-801x1000-desktop-chromium-darwin.png	90dee7aee0b75a9b7167961d328d043db60073546bd776da4c2c39a4a4f9ef4e	801	1000	801x1000	B-PX-CITY-FALLBACK-KO	CITY-FALLBACK	FL-001	ko	FROZEN	RSP-EXPANSION: 801x1000 responsive coverage for CITY-FALLBACK; MAP-LEGEND: 12px count legibility; MAP-PLACEHOLDER: explicit search placeholder contrast; SHEET-MODAL: one exposed modal, inert background, reachable exit
k-tour-id-app/tests/visual/ondo-b-flow-pixels-responsive.spec.ts-snapshots/B-PX-CITY-LIST-EN-FL-001-en-360x800-desktop-chromium-darwin.png	955afea39cb6672119fe75eaf87bd8bf41cd8e7ea8eb6118ea103dec51e7cfb3	360	800	360x800	B-PX-CITY-LIST-EN	CITY-LIST	FL-001	en	FROZEN	RSP-EXPANSION: 360x800 responsive coverage for CITY-LIST; MAP-LEGEND: 12px count legibility; MAP-PLACEHOLDER: explicit search placeholder contrast; SHEET-MODAL: one exposed modal, inert background, reachable exit
k-tour-id-app/tests/visual/ondo-b-flow-pixels-responsive.spec.ts-snapshots/B-PX-CITY-LIST-EN-FL-001-en-430x932-desktop-chromium-darwin.png	c31b7b53c6e885f365bb0de352ef436b2a572edb40d22a421309e38d237a9d63	430	932	430x932	B-PX-CITY-LIST-EN	CITY-LIST	FL-001	en	FROZEN	RSP-EXPANSION: 430x932 responsive coverage for CITY-LIST; MAP-LEGEND: 12px count legibility; MAP-PLACEHOLDER: explicit search placeholder contrast; SHEET-MODAL: one exposed modal, inert background, reachable exit
k-tour-id-app/tests/visual/ondo-b-flow-pixels-responsive.spec.ts-snapshots/B-PX-CITY-LIST-EN-FL-001-en-768x1024-desktop-chromium-darwin.png	02b9bd9b86de25c082d4cc77d8d285e066b05ad35df7b0b22b18205abe99e102	768	1024	768x1024	B-PX-CITY-LIST-EN	CITY-LIST	FL-001	en	FROZEN	RSP-EXPANSION: 768x1024 responsive coverage for CITY-LIST; MAP-LEGEND: 12px count legibility; MAP-PLACEHOLDER: explicit search placeholder contrast; SHEET-MODAL: one exposed modal, inert background, reachable exit
k-tour-id-app/tests/visual/ondo-b-flow-pixels-responsive.spec.ts-snapshots/B-PX-CITY-LIST-EN-FL-001-en-801x1000-desktop-chromium-darwin.png	fe8a68cfe87453ccb3f56ba2a3f996989b6a95826ced67ac027287885b3d2833	801	1000	801x1000	B-PX-CITY-LIST-EN	CITY-LIST	FL-001	en	FROZEN	RSP-EXPANSION: 801x1000 responsive coverage for CITY-LIST; MAP-LEGEND: 12px count legibility; MAP-PLACEHOLDER: explicit search placeholder contrast; SHEET-MODAL: one exposed modal, inert background, reachable exit
k-tour-id-app/tests/visual/ondo-b-flow-pixels-responsive.spec.ts-snapshots/B-PX-CITY-LIVE-EN-FL-001-FL-014-en-360x800-desktop-chromium-darwin.png	5f8986361bd5c67bfef5c64611c1db615eb8d26a167d4ad2c2ecd98d7b6cea8c	360	800	360x800	B-PX-CITY-LIVE-EN	CITY-LIVE	FL-001,FL-014	en	FROZEN	RSP-EXPANSION: 360x800 responsive coverage for CITY-LIVE; MAP-LEGEND: 12px count legibility; MAP-PLACEHOLDER: explicit search placeholder contrast
k-tour-id-app/tests/visual/ondo-b-flow-pixels-responsive.spec.ts-snapshots/B-PX-CITY-LIVE-EN-FL-001-FL-014-en-430x932-desktop-chromium-darwin.png	420b52eb7e9ea0312e0fcb1d9b553d88e223d2db0ee58e01b15b2719d70490bc	430	932	430x932	B-PX-CITY-LIVE-EN	CITY-LIVE	FL-001,FL-014	en	FROZEN	RSP-EXPANSION: 430x932 responsive coverage for CITY-LIVE; MAP-LEGEND: 12px count legibility; MAP-PLACEHOLDER: explicit search placeholder contrast
k-tour-id-app/tests/visual/ondo-b-flow-pixels-responsive.spec.ts-snapshots/B-PX-CITY-LIVE-EN-FL-001-FL-014-en-768x1024-desktop-chromium-darwin.png	ace6ea052fd838ce38ae7f6b1ee1dcb05fec60e17e4bd9a8b0a52677002da9ce	768	1024	768x1024	B-PX-CITY-LIVE-EN	CITY-LIVE	FL-001,FL-014	en	FROZEN	RSP-EXPANSION: 768x1024 responsive coverage for CITY-LIVE; MAP-LEGEND: 12px count legibility; MAP-PLACEHOLDER: explicit search placeholder contrast
k-tour-id-app/tests/visual/ondo-b-flow-pixels-responsive.spec.ts-snapshots/B-PX-CITY-LIVE-EN-FL-001-FL-014-en-801x1000-desktop-chromium-darwin.png	5194c4a8ca9ffcef7525c8b7c09129a84c2ea31fad7f9f1339f892f27396653b	801	1000	801x1000	B-PX-CITY-LIVE-EN	CITY-LIVE	FL-001,FL-014	en	FROZEN	RSP-EXPANSION: 801x1000 responsive coverage for CITY-LIVE; MAP-LEGEND: 12px count legibility; MAP-PLACEHOLDER: explicit search placeholder contrast
k-tour-id-app/tests/visual/ondo-b-flow-pixels-responsive.spec.ts-snapshots/B-PX-CITY-LIVE-KO-FL-001-FL-014-ko-360x800-desktop-chromium-darwin.png	4aef6e55ee0cd4882d634de16547678f622eb07dc882c17c058f9aa1bb9b5cd8	360	800	360x800	B-PX-CITY-LIVE-KO	CITY-LIVE	FL-001,FL-014	ko	FROZEN	RSP-EXPANSION: 360x800 responsive coverage for CITY-LIVE; MAP-LEGEND: 12px count legibility; MAP-PLACEHOLDER: explicit search placeholder contrast
k-tour-id-app/tests/visual/ondo-b-flow-pixels-responsive.spec.ts-snapshots/B-PX-CITY-LIVE-KO-FL-001-FL-014-ko-430x932-desktop-chromium-darwin.png	4d3f969df40c7fbd93fe016c669a167ea177bce12a642a60c5545e1ab7a5da4a	430	932	430x932	B-PX-CITY-LIVE-KO	CITY-LIVE	FL-001,FL-014	ko	FROZEN	RSP-EXPANSION: 430x932 responsive coverage for CITY-LIVE; MAP-LEGEND: 12px count legibility; MAP-PLACEHOLDER: explicit search placeholder contrast
k-tour-id-app/tests/visual/ondo-b-flow-pixels-responsive.spec.ts-snapshots/B-PX-CITY-LIVE-KO-FL-001-FL-014-ko-768x1024-desktop-chromium-darwin.png	66d593a8993aed65330a39a899cd8392a89deade28503a3ace401a435819b11b	768	1024	768x1024	B-PX-CITY-LIVE-KO	CITY-LIVE	FL-001,FL-014	ko	FROZEN	RSP-EXPANSION: 768x1024 responsive coverage for CITY-LIVE; MAP-LEGEND: 12px count legibility; MAP-PLACEHOLDER: explicit search placeholder contrast
k-tour-id-app/tests/visual/ondo-b-flow-pixels-responsive.spec.ts-snapshots/B-PX-CITY-LIVE-KO-FL-001-FL-014-ko-801x1000-desktop-chromium-darwin.png	3d0e51d15fec497ba17b95ff9716739f14aa83b6d1d48251ad1b3f46b3a9bc7d	801	1000	801x1000	B-PX-CITY-LIVE-KO	CITY-LIVE	FL-001,FL-014	ko	FROZEN	RSP-EXPANSION: 801x1000 responsive coverage for CITY-LIVE; MAP-LEGEND: 12px count legibility; MAP-PLACEHOLDER: explicit search placeholder contrast
k-tour-id-app/tests/visual/ondo-b-flow-pixels-responsive.spec.ts-snapshots/B-PX-FEEDBACK-KO-FL-003-FL-015-ko-360x800-desktop-chromium-darwin.png	804016145260d0f2ad7101eefe51745d8747b8359cfb865de887f3b6d98a7551	360	800	360x800	B-PX-FEEDBACK-KO	FEEDBACK	FL-003,FL-015	ko	FROZEN	RSP-EXPANSION: 360x800 responsive coverage for FEEDBACK; SHEET-MODAL: one exposed modal, inert background, reachable exit
k-tour-id-app/tests/visual/ondo-b-flow-pixels-responsive.spec.ts-snapshots/B-PX-FEEDBACK-KO-FL-003-FL-015-ko-430x932-desktop-chromium-darwin.png	e61f6d3f6531547df3fd6aaf047f0e7ec82719d1cefdcb5eb1b8a88aeaa8b9cc	430	932	430x932	B-PX-FEEDBACK-KO	FEEDBACK	FL-003,FL-015	ko	FROZEN	RSP-EXPANSION: 430x932 responsive coverage for FEEDBACK; SHEET-MODAL: one exposed modal, inert background, reachable exit
k-tour-id-app/tests/visual/ondo-b-flow-pixels-responsive.spec.ts-snapshots/B-PX-FEEDBACK-KO-FL-003-FL-015-ko-768x1024-desktop-chromium-darwin.png	98f3202b69735796a261743b1968697df33cca35a657a03cc462140533f3ffd6	768	1024	768x1024	B-PX-FEEDBACK-KO	FEEDBACK	FL-003,FL-015	ko	FROZEN	RSP-EXPANSION: 768x1024 responsive coverage for FEEDBACK; SHEET-MODAL: one exposed modal, inert background, reachable exit
k-tour-id-app/tests/visual/ondo-b-flow-pixels-responsive.spec.ts-snapshots/B-PX-FEEDBACK-KO-FL-003-FL-015-ko-801x1000-desktop-chromium-darwin.png	e0a0e4e7e96201a9a5513f5ca11f451a1ede79a45eb87d57911d93ffa36451a4	801	1000	801x1000	B-PX-FEEDBACK-KO	FEEDBACK	FL-003,FL-015	ko	FROZEN	RSP-EXPANSION: 801x1000 responsive coverage for FEEDBACK; SHEET-MODAL: one exposed modal, inert background, reachable exit
k-tour-id-app/tests/visual/ondo-b-flow-pixels-responsive.spec.ts-snapshots/B-PX-GATE-ACCOUNT-FAIL-KO-FL-010-ko-360x800-desktop-chromium-darwin.png	53ddcd63141be6e7542352969da3e76c9b6e6ce42897072617a0454cef1221a3	360	800	360x800	B-PX-GATE-ACCOUNT-FAIL-KO	GATE-ACCOUNT-FAIL	FL-010	ko	FROZEN	RSP-EXPANSION: 360x800 responsive coverage for GATE-ACCOUNT-FAIL; SHEET-MODAL: one exposed modal, inert background, reachable exit
k-tour-id-app/tests/visual/ondo-b-flow-pixels-responsive.spec.ts-snapshots/B-PX-GATE-ACCOUNT-FAIL-KO-FL-010-ko-430x932-desktop-chromium-darwin.png	f921f3c2adf3d410a13f9d4dc46073ee51d165421551caff43461aa50317c0b4	430	932	430x932	B-PX-GATE-ACCOUNT-FAIL-KO	GATE-ACCOUNT-FAIL	FL-010	ko	FROZEN	RSP-EXPANSION: 430x932 responsive coverage for GATE-ACCOUNT-FAIL; SHEET-MODAL: one exposed modal, inert background, reachable exit
k-tour-id-app/tests/visual/ondo-b-flow-pixels-responsive.spec.ts-snapshots/B-PX-GATE-ACCOUNT-FAIL-KO-FL-010-ko-768x1024-desktop-chromium-darwin.png	88e6e7900572799320d0241d596f5060bf37180a0a199d3167572f6edcd17eed	768	1024	768x1024	B-PX-GATE-ACCOUNT-FAIL-KO	GATE-ACCOUNT-FAIL	FL-010	ko	FROZEN	RSP-EXPANSION: 768x1024 responsive coverage for GATE-ACCOUNT-FAIL; SHEET-MODAL: one exposed modal, inert background, reachable exit
k-tour-id-app/tests/visual/ondo-b-flow-pixels-responsive.spec.ts-snapshots/B-PX-GATE-ACCOUNT-FAIL-KO-FL-010-ko-801x1000-desktop-chromium-darwin.png	b667522a34ce2197d54a32903078e11cb0271b798ec6cad66749274989fb9238	801	1000	801x1000	B-PX-GATE-ACCOUNT-FAIL-KO	GATE-ACCOUNT-FAIL	FL-010	ko	FROZEN	RSP-EXPANSION: 801x1000 responsive coverage for GATE-ACCOUNT-FAIL; SHEET-MODAL: one exposed modal, inert background, reachable exit
k-tour-id-app/tests/visual/ondo-b-flow-pixels-responsive.spec.ts-snapshots/B-PX-GATE-AGE-FAIL-KO-FL-002-FL-013-ko-360x800-desktop-chromium-darwin.png	3c7eb64e72ce97b824bd30742f6e7406a02ea63c43f9cddec977ad350c7cea0a	360	800	360x800	B-PX-GATE-AGE-FAIL-KO	GATE-AGE-FAIL	FL-002,FL-013	ko	FROZEN	RSP-EXPANSION: 360x800 responsive coverage for GATE-AGE-FAIL; SHEET-MODAL: one exposed modal, inert background, reachable exit
k-tour-id-app/tests/visual/ondo-b-flow-pixels-responsive.spec.ts-snapshots/B-PX-GATE-AGE-FAIL-KO-FL-002-FL-013-ko-430x932-desktop-chromium-darwin.png	068fa84c5c75baa48f9458f1c75cdc9896f4267e4b6a6b77a6dc4b385f30d839	430	932	430x932	B-PX-GATE-AGE-FAIL-KO	GATE-AGE-FAIL	FL-002,FL-013	ko	FROZEN	RSP-EXPANSION: 430x932 responsive coverage for GATE-AGE-FAIL; SHEET-MODAL: one exposed modal, inert background, reachable exit
k-tour-id-app/tests/visual/ondo-b-flow-pixels-responsive.spec.ts-snapshots/B-PX-GATE-AGE-FAIL-KO-FL-002-FL-013-ko-768x1024-desktop-chromium-darwin.png	8db0013f2b044d2ae9521fa10ca739e87e076e4bfd4d33b49a6fa5dc018c0988	768	1024	768x1024	B-PX-GATE-AGE-FAIL-KO	GATE-AGE-FAIL	FL-002,FL-013	ko	FROZEN	RSP-EXPANSION: 768x1024 responsive coverage for GATE-AGE-FAIL; SHEET-MODAL: one exposed modal, inert background, reachable exit
k-tour-id-app/tests/visual/ondo-b-flow-pixels-responsive.spec.ts-snapshots/B-PX-GATE-AGE-FAIL-KO-FL-002-FL-013-ko-801x1000-desktop-chromium-darwin.png	84854bfd808dc7a5ad0a9069de56f1e3580158b2ca12cabb8257e9cd13cc3a81	801	1000	801x1000	B-PX-GATE-AGE-FAIL-KO	GATE-AGE-FAIL	FL-002,FL-013	ko	FROZEN	RSP-EXPANSION: 801x1000 responsive coverage for GATE-AGE-FAIL; SHEET-MODAL: one exposed modal, inert background, reachable exit
k-tour-id-app/tests/visual/ondo-b-flow-pixels-responsive.spec.ts-snapshots/B-PX-GATE-PAYMENT-EN-FL-017-en-360x800-desktop-chromium-darwin.png	469871eecc049a8539a7b852161b57fba888b6c88eb7d3b921128cef92ed99e7	360	800	360x800	B-PX-GATE-PAYMENT-EN	GATE-PAYMENT	FL-017	en	FROZEN	RSP-EXPANSION: 360x800 responsive coverage for GATE-PAYMENT; SHEET-MODAL: one exposed modal, inert background, reachable exit
k-tour-id-app/tests/visual/ondo-b-flow-pixels-responsive.spec.ts-snapshots/B-PX-GATE-PAYMENT-EN-FL-017-en-430x932-desktop-chromium-darwin.png	353227aa9d6e090713d090c94281cacaa831fec168624c90fc971bb9f5e240b2	430	932	430x932	B-PX-GATE-PAYMENT-EN	GATE-PAYMENT	FL-017	en	FROZEN	RSP-EXPANSION: 430x932 responsive coverage for GATE-PAYMENT; SHEET-MODAL: one exposed modal, inert background, reachable exit
k-tour-id-app/tests/visual/ondo-b-flow-pixels-responsive.spec.ts-snapshots/B-PX-GATE-PAYMENT-EN-FL-017-en-768x1024-desktop-chromium-darwin.png	76e3f7ea50034bf905dcc665c41f49d70140395c8b8a5a8cd92eda89d7a05ba3	768	1024	768x1024	B-PX-GATE-PAYMENT-EN	GATE-PAYMENT	FL-017	en	FROZEN	RSP-EXPANSION: 768x1024 responsive coverage for GATE-PAYMENT; SHEET-MODAL: one exposed modal, inert background, reachable exit
k-tour-id-app/tests/visual/ondo-b-flow-pixels-responsive.spec.ts-snapshots/B-PX-GATE-PAYMENT-EN-FL-017-en-801x1000-desktop-chromium-darwin.png	3f33c5f37bb46bee0f7db25dbb89274d3bbd876fc053520199aa7c2cf6b0c09c	801	1000	801x1000	B-PX-GATE-PAYMENT-EN	GATE-PAYMENT	FL-017	en	FROZEN	RSP-EXPANSION: 801x1000 responsive coverage for GATE-PAYMENT; SHEET-MODAL: one exposed modal, inert background, reachable exit
k-tour-id-app/tests/visual/ondo-b-flow-pixels-responsive.spec.ts-snapshots/B-PX-GATE-PAYMENT-FAIL-KO-FL-017-ko-360x800-desktop-chromium-darwin.png	fa7cba34ed4c0547a8385bcab0f3821aadd0bbc393d0cc08df541d2029a00b5d	360	800	360x800	B-PX-GATE-PAYMENT-FAIL-KO	GATE-PAYMENT-FAIL	FL-017	ko	FROZEN	RSP-EXPANSION: 360x800 responsive coverage for GATE-PAYMENT-FAIL; SHEET-MODAL: one exposed modal, inert background, reachable exit
k-tour-id-app/tests/visual/ondo-b-flow-pixels-responsive.spec.ts-snapshots/B-PX-GATE-PAYMENT-FAIL-KO-FL-017-ko-430x932-desktop-chromium-darwin.png	305b5579aec548a695f137af7dd0481b18d740cc2fd2c6fc624ecf16f0274789	430	932	430x932	B-PX-GATE-PAYMENT-FAIL-KO	GATE-PAYMENT-FAIL	FL-017	ko	FROZEN	RSP-EXPANSION: 430x932 responsive coverage for GATE-PAYMENT-FAIL; SHEET-MODAL: one exposed modal, inert background, reachable exit
k-tour-id-app/tests/visual/ondo-b-flow-pixels-responsive.spec.ts-snapshots/B-PX-GATE-PAYMENT-FAIL-KO-FL-017-ko-768x1024-desktop-chromium-darwin.png	9e134f6c7f917fc8025dab6e5916942d61a537a206bbafd0881b69eb8b8bd041	768	1024	768x1024	B-PX-GATE-PAYMENT-FAIL-KO	GATE-PAYMENT-FAIL	FL-017	ko	FROZEN	RSP-EXPANSION: 768x1024 responsive coverage for GATE-PAYMENT-FAIL; SHEET-MODAL: one exposed modal, inert background, reachable exit
k-tour-id-app/tests/visual/ondo-b-flow-pixels-responsive.spec.ts-snapshots/B-PX-GATE-PAYMENT-FAIL-KO-FL-017-ko-801x1000-desktop-chromium-darwin.png	302d9e81748764582c884efd52a0fb0bb267aaaad9bb7e7aa6a3d54e45f9d14a	801	1000	801x1000	B-PX-GATE-PAYMENT-FAIL-KO	GATE-PAYMENT-FAIL	FL-017	ko	FROZEN	RSP-EXPANSION: 801x1000 responsive coverage for GATE-PAYMENT-FAIL; SHEET-MODAL: one exposed modal, inert background, reachable exit
k-tour-id-app/tests/visual/ondo-b-flow-pixels-responsive.spec.ts-snapshots/B-PX-GATE-PERSON-CX-KO-FL-005-ko-360x800-desktop-chromium-darwin.png	a4f8a652d34a7428535e3f0c7f6e1df52929c3aec47257f5b16c2f2bf1e3e533	360	800	360x800	B-PX-GATE-PERSON-CX-KO	GATE-PERSON-CX	FL-005	ko	FROZEN	RSP-EXPANSION: 360x800 responsive coverage for GATE-PERSON-CX; SHEET-MODAL: one exposed modal, inert background, reachable exit
k-tour-id-app/tests/visual/ondo-b-flow-pixels-responsive.spec.ts-snapshots/B-PX-GATE-PERSON-CX-KO-FL-005-ko-430x932-desktop-chromium-darwin.png	5258977bd46ff1c2201e835b7334c1919b58f34571305ddb7efe1af53c79331f	430	932	430x932	B-PX-GATE-PERSON-CX-KO	GATE-PERSON-CX	FL-005	ko	FROZEN	RSP-EXPANSION: 430x932 responsive coverage for GATE-PERSON-CX; SHEET-MODAL: one exposed modal, inert background, reachable exit
k-tour-id-app/tests/visual/ondo-b-flow-pixels-responsive.spec.ts-snapshots/B-PX-GATE-PERSON-CX-KO-FL-005-ko-768x1024-desktop-chromium-darwin.png	6d3f11cf9ec384552ca6a2eff4424ef909ce92c362a265438d357fc4ba95b9b5	768	1024	768x1024	B-PX-GATE-PERSON-CX-KO	GATE-PERSON-CX	FL-005	ko	FROZEN	RSP-EXPANSION: 768x1024 responsive coverage for GATE-PERSON-CX; SHEET-MODAL: one exposed modal, inert background, reachable exit
k-tour-id-app/tests/visual/ondo-b-flow-pixels-responsive.spec.ts-snapshots/B-PX-GATE-PERSON-CX-KO-FL-005-ko-801x1000-desktop-chromium-darwin.png	23b82140163a2f1b11118521f05af0d3324a63e32cf2f01ed193ad74061f319f	801	1000	801x1000	B-PX-GATE-PERSON-CX-KO	GATE-PERSON-CX	FL-005	ko	FROZEN	RSP-EXPANSION: 801x1000 responsive coverage for GATE-PERSON-CX; SHEET-MODAL: one exposed modal, inert background, reachable exit
k-tour-id-app/tests/visual/ondo-b-flow-pixels-responsive.spec.ts-snapshots/B-PX-GATE-PERSON-PASSPORT-EN-FL-006-FL-012-en-360x800-desktop-chromium-darwin.png	fdc0578f354949aabbe9c764859b33a9cc60b74b905369b8feabfcb8c3574611	360	800	360x800	B-PX-GATE-PERSON-PASSPORT-EN	GATE-PERSON-PASSPORT	FL-006,FL-012	en	FROZEN	RSP-EXPANSION: 360x800 responsive coverage for GATE-PERSON-PASSPORT; SHEET-MODAL: one exposed modal, inert background, reachable exit
k-tour-id-app/tests/visual/ondo-b-flow-pixels-responsive.spec.ts-snapshots/B-PX-GATE-PERSON-PASSPORT-EN-FL-006-FL-012-en-430x932-desktop-chromium-darwin.png	04fe19399a3ad88c60d5dffea60d39277f35f8a1799341b16d6c0e2902911673	430	932	430x932	B-PX-GATE-PERSON-PASSPORT-EN	GATE-PERSON-PASSPORT	FL-006,FL-012	en	FROZEN	RSP-EXPANSION: 430x932 responsive coverage for GATE-PERSON-PASSPORT; SHEET-MODAL: one exposed modal, inert background, reachable exit
k-tour-id-app/tests/visual/ondo-b-flow-pixels-responsive.spec.ts-snapshots/B-PX-GATE-PERSON-PASSPORT-EN-FL-006-FL-012-en-768x1024-desktop-chromium-darwin.png	a4088c4ad5bb7e21276315f9e4e4d457698b5dc4700ede5909e10b165a091b14	768	1024	768x1024	B-PX-GATE-PERSON-PASSPORT-EN	GATE-PERSON-PASSPORT	FL-006,FL-012	en	FROZEN	RSP-EXPANSION: 768x1024 responsive coverage for GATE-PERSON-PASSPORT; SHEET-MODAL: one exposed modal, inert background, reachable exit
k-tour-id-app/tests/visual/ondo-b-flow-pixels-responsive.spec.ts-snapshots/B-PX-GATE-PERSON-PASSPORT-EN-FL-006-FL-012-en-801x1000-desktop-chromium-darwin.png	b771ce8b063a9bc5d63c12a2b7ca091d26837a93683c351b28c8b1ad2c170246	801	1000	801x1000	B-PX-GATE-PERSON-PASSPORT-EN	GATE-PERSON-PASSPORT	FL-006,FL-012	en	FROZEN	RSP-EXPANSION: 801x1000 responsive coverage for GATE-PERSON-PASSPORT; SHEET-MODAL: one exposed modal, inert background, reachable exit
k-tour-id-app/tests/visual/ondo-b-flow-pixels-responsive.spec.ts-snapshots/B-PX-GATE-RESIDENCE-UNSUPPORTED-EN-FL-006-en-360x800-desktop-chromium-darwin.png	80b9842ad27397739d23e7321acfb4e70e66e0ea0860a92b24e4f66e959006e3	360	800	360x800	B-PX-GATE-RESIDENCE-UNSUPPORTED-EN	GATE-PERSON-RESIDENCE-UNSUPPORTED	FL-006	en	FROZEN	RSP-EXPANSION: 360x800 responsive coverage for GATE-PERSON-RESIDENCE-UNSUPPORTED; SHEET-MODAL: one exposed modal, inert background, reachable exit
k-tour-id-app/tests/visual/ondo-b-flow-pixels-responsive.spec.ts-snapshots/B-PX-GATE-RESIDENCE-UNSUPPORTED-EN-FL-006-en-430x932-desktop-chromium-darwin.png	a30f697840cf4c933e0ad96de52681b3548a4dbd8c7459b3dd425cc00ec030a8	430	932	430x932	B-PX-GATE-RESIDENCE-UNSUPPORTED-EN	GATE-PERSON-RESIDENCE-UNSUPPORTED	FL-006	en	FROZEN	RSP-EXPANSION: 430x932 responsive coverage for GATE-PERSON-RESIDENCE-UNSUPPORTED; SHEET-MODAL: one exposed modal, inert background, reachable exit
k-tour-id-app/tests/visual/ondo-b-flow-pixels-responsive.spec.ts-snapshots/B-PX-GATE-RESIDENCE-UNSUPPORTED-EN-FL-006-en-768x1024-desktop-chromium-darwin.png	afd61e9b1284c0137357f265d0d220195859d2dc045e95f0773fb9c9a48d932f	768	1024	768x1024	B-PX-GATE-RESIDENCE-UNSUPPORTED-EN	GATE-PERSON-RESIDENCE-UNSUPPORTED	FL-006	en	FROZEN	RSP-EXPANSION: 768x1024 responsive coverage for GATE-PERSON-RESIDENCE-UNSUPPORTED; SHEET-MODAL: one exposed modal, inert background, reachable exit
k-tour-id-app/tests/visual/ondo-b-flow-pixels-responsive.spec.ts-snapshots/B-PX-GATE-RESIDENCE-UNSUPPORTED-EN-FL-006-en-801x1000-desktop-chromium-darwin.png	73421e879c58caa7f142e403f719f43a1ea961b5993895418f85e9ae027e296a	801	1000	801x1000	B-PX-GATE-RESIDENCE-UNSUPPORTED-EN	GATE-PERSON-RESIDENCE-UNSUPPORTED	FL-006	en	FROZEN	RSP-EXPANSION: 801x1000 responsive coverage for GATE-PERSON-RESIDENCE-UNSUPPORTED; SHEET-MODAL: one exposed modal, inert background, reachable exit
k-tour-id-app/tests/visual/ondo-b-flow-pixels-responsive.spec.ts-snapshots/B-PX-LABS-BRIDGE-FAIL-EN-FL-018-en-360x800-desktop-chromium-darwin.png	b644802a0a561d9a2ad988e821c80ff099b142905ba7a9ca661135b880dacb22	360	800	360x800	B-PX-LABS-BRIDGE-FAIL-EN	LABS-BRIDGE-FAIL	FL-018	en	FROZEN	RSP-EXPANSION: 360x800 responsive coverage for LABS-BRIDGE-FAIL; LABS-STABILIZE: technical-state density and scroll closeout
k-tour-id-app/tests/visual/ondo-b-flow-pixels-responsive.spec.ts-snapshots/B-PX-LABS-BRIDGE-FAIL-EN-FL-018-en-430x932-desktop-chromium-darwin.png	8b1f7c8b8bce87af8ded553dd9c4c72de6585185fb31bc2227835b4e5fb791a5	430	932	430x932	B-PX-LABS-BRIDGE-FAIL-EN	LABS-BRIDGE-FAIL	FL-018	en	FROZEN	RSP-EXPANSION: 430x932 responsive coverage for LABS-BRIDGE-FAIL; LABS-STABILIZE: technical-state density and scroll closeout
k-tour-id-app/tests/visual/ondo-b-flow-pixels-responsive.spec.ts-snapshots/B-PX-LABS-BRIDGE-FAIL-EN-FL-018-en-768x1024-desktop-chromium-darwin.png	35d978743d55c0eb977f6df2147903863454da5a72ae3ca490e1d0c6b73ee076	768	1024	768x1024	B-PX-LABS-BRIDGE-FAIL-EN	LABS-BRIDGE-FAIL	FL-018	en	FROZEN	RSP-EXPANSION: 768x1024 responsive coverage for LABS-BRIDGE-FAIL; LABS-STABILIZE: technical-state density and scroll closeout
k-tour-id-app/tests/visual/ondo-b-flow-pixels-responsive.spec.ts-snapshots/B-PX-LABS-BRIDGE-FAIL-EN-FL-018-en-801x1000-desktop-chromium-darwin.png	d55c5e62d7bfe56e34b46c9f16070acf2b480fc4f748d2f159946b9a760021ee	801	1000	801x1000	B-PX-LABS-BRIDGE-FAIL-EN	LABS-BRIDGE-FAIL	FL-018	en	FROZEN	RSP-EXPANSION: 801x1000 responsive coverage for LABS-BRIDGE-FAIL; LABS-STABILIZE: technical-state density and scroll closeout
k-tour-id-app/tests/visual/ondo-b-flow-pixels-responsive.spec.ts-snapshots/B-PX-LABS-BRIDGE-SUCCESS-EN-FL-018-en-360x800-desktop-chromium-darwin.png	7fa24b115d05693b0f1300c63680d66a75ca9c17879d54607b4f52d39e077dbe	360	800	360x800	B-PX-LABS-BRIDGE-SUCCESS-EN	LABS-BRIDGE-SUCCESS	FL-018	en	FROZEN	RSP-EXPANSION: 360x800 responsive coverage for LABS-BRIDGE-SUCCESS; LABS-STABILIZE: technical-state density and scroll closeout
k-tour-id-app/tests/visual/ondo-b-flow-pixels-responsive.spec.ts-snapshots/B-PX-LABS-BRIDGE-SUCCESS-EN-FL-018-en-430x932-desktop-chromium-darwin.png	8d2a4ffbde3d06450f0c614df347023c0f16bb9a06b5baa61f6812e5f16db860	430	932	430x932	B-PX-LABS-BRIDGE-SUCCESS-EN	LABS-BRIDGE-SUCCESS	FL-018	en	FROZEN	RSP-EXPANSION: 430x932 responsive coverage for LABS-BRIDGE-SUCCESS; LABS-STABILIZE: technical-state density and scroll closeout
k-tour-id-app/tests/visual/ondo-b-flow-pixels-responsive.spec.ts-snapshots/B-PX-LABS-BRIDGE-SUCCESS-EN-FL-018-en-768x1024-desktop-chromium-darwin.png	88a40028daab53ceca31f367d5d1ba057b774fc1a69e821e1950c127ac3b3dcf	768	1024	768x1024	B-PX-LABS-BRIDGE-SUCCESS-EN	LABS-BRIDGE-SUCCESS	FL-018	en	FROZEN	RSP-EXPANSION: 768x1024 responsive coverage for LABS-BRIDGE-SUCCESS; LABS-STABILIZE: technical-state density and scroll closeout
k-tour-id-app/tests/visual/ondo-b-flow-pixels-responsive.spec.ts-snapshots/B-PX-LABS-BRIDGE-SUCCESS-EN-FL-018-en-801x1000-desktop-chromium-darwin.png	3d75ba5b4f8334868d09f9669e37f09b9858dba0d7e320d9b04dbd8b476edf10	801	1000	801x1000	B-PX-LABS-BRIDGE-SUCCESS-EN	LABS-BRIDGE-SUCCESS	FL-018	en	FROZEN	RSP-EXPANSION: 801x1000 responsive coverage for LABS-BRIDGE-SUCCESS; LABS-STABILIZE: technical-state density and scroll closeout
k-tour-id-app/tests/visual/ondo-b-flow-pixels-responsive.spec.ts-snapshots/B-PX-LABS-EN-FL-004-FL-016-FL-018-en-360x800-desktop-chromium-darwin.png	4857d8b80a6828c6e4a7fe721d6d3c7b24831b87d1e17f475c928fa7cf2475bf	360	800	360x800	B-PX-LABS-EN	LABS	FL-004,FL-016,FL-018	en	FROZEN	RSP-EXPANSION: 360x800 responsive coverage for LABS; LABS-STABILIZE: technical-state density and scroll closeout
k-tour-id-app/tests/visual/ondo-b-flow-pixels-responsive.spec.ts-snapshots/B-PX-LABS-EN-FL-004-FL-016-FL-018-en-430x932-desktop-chromium-darwin.png	b83d8cc81ddafcedcc8ec79c5931b87f5eb4c1942656678d9d339a9a55818523	430	932	430x932	B-PX-LABS-EN	LABS	FL-004,FL-016,FL-018	en	FROZEN	RSP-EXPANSION: 430x932 responsive coverage for LABS; LABS-STABILIZE: technical-state density and scroll closeout
k-tour-id-app/tests/visual/ondo-b-flow-pixels-responsive.spec.ts-snapshots/B-PX-LABS-EN-FL-004-FL-016-FL-018-en-768x1024-desktop-chromium-darwin.png	d2436b48083071bda95a128e40edf7bff339017df6fced72c8e1ab3faf8d3320	768	1024	768x1024	B-PX-LABS-EN	LABS	FL-004,FL-016,FL-018	en	FROZEN	RSP-EXPANSION: 768x1024 responsive coverage for LABS; LABS-STABILIZE: technical-state density and scroll closeout
k-tour-id-app/tests/visual/ondo-b-flow-pixels-responsive.spec.ts-snapshots/B-PX-LABS-EN-FL-004-FL-016-FL-018-en-801x1000-desktop-chromium-darwin.png	063cffaa813cb4675dcf48e072d18853e58b0ee7cec755cc9763cc105559dc74	801	1000	801x1000	B-PX-LABS-EN	LABS	FL-004,FL-016,FL-018	en	FROZEN	RSP-EXPANSION: 801x1000 responsive coverage for LABS; LABS-STABILIZE: technical-state density and scroll closeout
k-tour-id-app/tests/visual/ondo-b-flow-pixels-responsive.spec.ts-snapshots/B-PX-LABS-TRAIT-FAIL-KO-FL-016-ko-360x800-desktop-chromium-darwin.png	919a0d99f7b70126b3271445767c543d71013013c2a41b66f73a1a8fc9fe8715	360	800	360x800	B-PX-LABS-TRAIT-FAIL-KO	LABS-TRAIT-FAIL	FL-016	ko	FROZEN	RSP-EXPANSION: 360x800 responsive coverage for LABS-TRAIT-FAIL; LABS-STABILIZE: technical-state density and scroll closeout
k-tour-id-app/tests/visual/ondo-b-flow-pixels-responsive.spec.ts-snapshots/B-PX-LABS-TRAIT-FAIL-KO-FL-016-ko-430x932-desktop-chromium-darwin.png	77b4bf7f8d2fb5ee9bbbad61c471f7c0d8cafff72eca3b1a6abc0cc16fae649f	430	932	430x932	B-PX-LABS-TRAIT-FAIL-KO	LABS-TRAIT-FAIL	FL-016	ko	FROZEN	RSP-EXPANSION: 430x932 responsive coverage for LABS-TRAIT-FAIL; LABS-STABILIZE: technical-state density and scroll closeout
k-tour-id-app/tests/visual/ondo-b-flow-pixels-responsive.spec.ts-snapshots/B-PX-LABS-TRAIT-FAIL-KO-FL-016-ko-768x1024-desktop-chromium-darwin.png	39b36e3ac073a5ebb65ac92d9971e6dcc258fed681ff408994a645d07325d113	768	1024	768x1024	B-PX-LABS-TRAIT-FAIL-KO	LABS-TRAIT-FAIL	FL-016	ko	FROZEN	RSP-EXPANSION: 768x1024 responsive coverage for LABS-TRAIT-FAIL; LABS-STABILIZE: technical-state density and scroll closeout
k-tour-id-app/tests/visual/ondo-b-flow-pixels-responsive.spec.ts-snapshots/B-PX-LABS-TRAIT-FAIL-KO-FL-016-ko-801x1000-desktop-chromium-darwin.png	563fce1a1f52f656326d5406c52dc0c9694989057c29e6c513b1bbcb106188de	801	1000	801x1000	B-PX-LABS-TRAIT-FAIL-KO	LABS-TRAIT-FAIL	FL-016	ko	FROZEN	RSP-EXPANSION: 801x1000 responsive coverage for LABS-TRAIT-FAIL; LABS-STABILIZE: technical-state density and scroll closeout
k-tour-id-app/tests/visual/ondo-b-flow-pixels-responsive.spec.ts-snapshots/B-PX-LOCAL-SIGNAL-EMPTY-EN-FL-012-en-360x800-desktop-chromium-darwin.png	ff1a91be10cc89e87e4d84031b7d798363cfb59c9b0106eb7ba726328a9cf93f	360	800	360x800	B-PX-LOCAL-SIGNAL-EMPTY-EN	LOCAL-SIGNAL-EMPTY	FL-012	en	FROZEN	RSP-EXPANSION: 360x800 responsive coverage for LOCAL-SIGNAL-EMPTY; SHEET-MODAL: one exposed modal, inert background, reachable exit
k-tour-id-app/tests/visual/ondo-b-flow-pixels-responsive.spec.ts-snapshots/B-PX-LOCAL-SIGNAL-EMPTY-EN-FL-012-en-430x932-desktop-chromium-darwin.png	d2fe704c7f6f7efe734f0cb9f550998a28a6ac471042a96682a91194b0563bee	430	932	430x932	B-PX-LOCAL-SIGNAL-EMPTY-EN	LOCAL-SIGNAL-EMPTY	FL-012	en	FROZEN	RSP-EXPANSION: 430x932 responsive coverage for LOCAL-SIGNAL-EMPTY; SHEET-MODAL: one exposed modal, inert background, reachable exit
k-tour-id-app/tests/visual/ondo-b-flow-pixels-responsive.spec.ts-snapshots/B-PX-LOCAL-SIGNAL-EMPTY-EN-FL-012-en-768x1024-desktop-chromium-darwin.png	123e7394b7add76bcaddf71c0ff23ac34aec8022e9962e0ca5cde5513f7ce346	768	1024	768x1024	B-PX-LOCAL-SIGNAL-EMPTY-EN	LOCAL-SIGNAL-EMPTY	FL-012	en	FROZEN	RSP-EXPANSION: 768x1024 responsive coverage for LOCAL-SIGNAL-EMPTY; SHEET-MODAL: one exposed modal, inert background, reachable exit
k-tour-id-app/tests/visual/ondo-b-flow-pixels-responsive.spec.ts-snapshots/B-PX-LOCAL-SIGNAL-EMPTY-EN-FL-012-en-801x1000-desktop-chromium-darwin.png	ea22fe4a26afa4e4527e7738f9141a9fac942044f3f7630a3b1d990c439e207c	801	1000	801x1000	B-PX-LOCAL-SIGNAL-EMPTY-EN	LOCAL-SIGNAL-EMPTY	FL-012	en	FROZEN	RSP-EXPANSION: 801x1000 responsive coverage for LOCAL-SIGNAL-EMPTY; SHEET-MODAL: one exposed modal, inert background, reachable exit
k-tour-id-app/tests/visual/ondo-b-flow-pixels-responsive.spec.ts-snapshots/B-PX-LOCAL-SIGNAL-FAIL-KO-FL-012-ko-360x800-desktop-chromium-darwin.png	1b03a9a14327c4769e0e9ad07a0a32550d6dab13a05a7fcf4145a5126d029ddf	360	800	360x800	B-PX-LOCAL-SIGNAL-FAIL-KO	LOCAL-SIGNAL-FAIL	FL-012	ko	FROZEN	RSP-EXPANSION: 360x800 responsive coverage for LOCAL-SIGNAL-FAIL; SHEET-MODAL: one exposed modal, inert background, reachable exit
k-tour-id-app/tests/visual/ondo-b-flow-pixels-responsive.spec.ts-snapshots/B-PX-LOCAL-SIGNAL-FAIL-KO-FL-012-ko-430x932-desktop-chromium-darwin.png	5ed42b33fe10936ef085672cee4efb14972c7bf24b38ee8e5ed39df2a6262fef	430	932	430x932	B-PX-LOCAL-SIGNAL-FAIL-KO	LOCAL-SIGNAL-FAIL	FL-012	ko	FROZEN	RSP-EXPANSION: 430x932 responsive coverage for LOCAL-SIGNAL-FAIL; SHEET-MODAL: one exposed modal, inert background, reachable exit
k-tour-id-app/tests/visual/ondo-b-flow-pixels-responsive.spec.ts-snapshots/B-PX-LOCAL-SIGNAL-FAIL-KO-FL-012-ko-768x1024-desktop-chromium-darwin.png	0b6258a9f0ce62cc8d07e0a831edba0f5706a2a4aab51a2d9862188a51d6704d	768	1024	768x1024	B-PX-LOCAL-SIGNAL-FAIL-KO	LOCAL-SIGNAL-FAIL	FL-012	ko	FROZEN	RSP-EXPANSION: 768x1024 responsive coverage for LOCAL-SIGNAL-FAIL; SHEET-MODAL: one exposed modal, inert background, reachable exit
k-tour-id-app/tests/visual/ondo-b-flow-pixels-responsive.spec.ts-snapshots/B-PX-LOCAL-SIGNAL-FAIL-KO-FL-012-ko-801x1000-desktop-chromium-darwin.png	6e434373df69d4ea092607f4e0235c4810eb4c1d79785ee7b0ca5117cb149558	801	1000	801x1000	B-PX-LOCAL-SIGNAL-FAIL-KO	LOCAL-SIGNAL-FAIL	FL-012	ko	FROZEN	RSP-EXPANSION: 801x1000 responsive coverage for LOCAL-SIGNAL-FAIL; SHEET-MODAL: one exposed modal, inert background, reachable exit
k-tour-id-app/tests/visual/ondo-b-flow-pixels-responsive.spec.ts-snapshots/B-PX-LOCAL-SIGNAL-SUCCESS-EN-FL-012-FL-015-en-360x800-desktop-chromium-darwin.png	925dd4abef77b15f38bfdf97f24ba81dc8b0d7b5d00dfba189d1374edcb97318	360	800	360x800	B-PX-LOCAL-SIGNAL-SUCCESS-EN	LOCAL-SIGNAL-SUCCESS	FL-012,FL-015	en	FROZEN	RSP-EXPANSION: 360x800 responsive coverage for LOCAL-SIGNAL-SUCCESS; SHEET-MODAL: one exposed modal, inert background, reachable exit
k-tour-id-app/tests/visual/ondo-b-flow-pixels-responsive.spec.ts-snapshots/B-PX-LOCAL-SIGNAL-SUCCESS-EN-FL-012-FL-015-en-430x932-desktop-chromium-darwin.png	ebf78b891fcc7918f73b4af495f04ef3289c961948dc10d84c8b8db1e6312e4c	430	932	430x932	B-PX-LOCAL-SIGNAL-SUCCESS-EN	LOCAL-SIGNAL-SUCCESS	FL-012,FL-015	en	FROZEN	RSP-EXPANSION: 430x932 responsive coverage for LOCAL-SIGNAL-SUCCESS; SHEET-MODAL: one exposed modal, inert background, reachable exit
k-tour-id-app/tests/visual/ondo-b-flow-pixels-responsive.spec.ts-snapshots/B-PX-LOCAL-SIGNAL-SUCCESS-EN-FL-012-FL-015-en-768x1024-desktop-chromium-darwin.png	f8f9faccfaea1a31a10a57e66fb82551a3e5793665f5187bc7402c34f31925b5	768	1024	768x1024	B-PX-LOCAL-SIGNAL-SUCCESS-EN	LOCAL-SIGNAL-SUCCESS	FL-012,FL-015	en	FROZEN	RSP-EXPANSION: 768x1024 responsive coverage for LOCAL-SIGNAL-SUCCESS; SHEET-MODAL: one exposed modal, inert background, reachable exit
k-tour-id-app/tests/visual/ondo-b-flow-pixels-responsive.spec.ts-snapshots/B-PX-LOCAL-SIGNAL-SUCCESS-EN-FL-012-FL-015-en-801x1000-desktop-chromium-darwin.png	8cf8268642f2fe9b7f59dfb928bb9f43f568dfda04b3031ed5b83dc5a3d15fad	801	1000	801x1000	B-PX-LOCAL-SIGNAL-SUCCESS-EN	LOCAL-SIGNAL-SUCCESS	FL-012,FL-015	en	FROZEN	RSP-EXPANSION: 801x1000 responsive coverage for LOCAL-SIGNAL-SUCCESS; SHEET-MODAL: one exposed modal, inert background, reachable exit
k-tour-id-app/tests/visual/ondo-b-flow-pixels-responsive.spec.ts-snapshots/B-PX-MY-EN-FL-004-FL-011-FL-015-en-360x800-desktop-chromium-darwin.png	0078989c263fe13cf0cb08a9dfbb315aa847558d102c1217066cbd0512c4b751	360	800	360x800	B-PX-MY-EN	MY	FL-004,FL-011,FL-015	en	FROZEN	RSP-EXPANSION: 360x800 responsive coverage for MY
k-tour-id-app/tests/visual/ondo-b-flow-pixels-responsive.spec.ts-snapshots/B-PX-MY-EN-FL-004-FL-011-FL-015-en-430x932-desktop-chromium-darwin.png	2f13895957f9e7f1111e2c9562d5086f7780301294927eaaa4097e8acf177945	430	932	430x932	B-PX-MY-EN	MY	FL-004,FL-011,FL-015	en	FROZEN	RSP-EXPANSION: 430x932 responsive coverage for MY
k-tour-id-app/tests/visual/ondo-b-flow-pixels-responsive.spec.ts-snapshots/B-PX-MY-EN-FL-004-FL-011-FL-015-en-768x1024-desktop-chromium-darwin.png	2fafaf26f90466efb0b1db0b17db29ed4a1a98c42ad22db07d9e6306ffc0c17c	768	1024	768x1024	B-PX-MY-EN	MY	FL-004,FL-011,FL-015	en	FROZEN	RSP-EXPANSION: 768x1024 responsive coverage for MY
k-tour-id-app/tests/visual/ondo-b-flow-pixels-responsive.spec.ts-snapshots/B-PX-MY-EN-FL-004-FL-011-FL-015-en-801x1000-desktop-chromium-darwin.png	7140ced1f5bbb8a9d39657029aa58b09a8e88f993cff4b1fa4edb3107eb662a7	801	1000	801x1000	B-PX-MY-EN	MY	FL-004,FL-011,FL-015	en	FROZEN	RSP-EXPANSION: 801x1000 responsive coverage for MY
k-tour-id-app/tests/visual/ondo-b-flow-pixels-responsive.spec.ts-snapshots/B-PX-NATION-EN-FL-001-en-360x800-desktop-chromium-darwin.png	fd5823728f72ba6a378b909dea65dd3e94aa479c349cd304bee32c353d592595	360	800	360x800	B-PX-NATION-EN	NATION	FL-001	en	FROZEN	RSP-EXPANSION: 360x800 responsive coverage for NATION; MAP-CONTRAST: nation eyebrow contrast closeout
k-tour-id-app/tests/visual/ondo-b-flow-pixels-responsive.spec.ts-snapshots/B-PX-NATION-EN-FL-001-en-430x932-desktop-chromium-darwin.png	b83e6a20f822a14db234684778b8b02b0ae6aa407d1f16f550ebcec97c8fd1eb	430	932	430x932	B-PX-NATION-EN	NATION	FL-001	en	FROZEN	RSP-EXPANSION: 430x932 responsive coverage for NATION; MAP-CONTRAST: nation eyebrow contrast closeout
k-tour-id-app/tests/visual/ondo-b-flow-pixels-responsive.spec.ts-snapshots/B-PX-NATION-EN-FL-001-en-768x1024-desktop-chromium-darwin.png	f8acdcabb7a3330933b94f0804583abf054a8232560c93f5f1abe17761e0b8e4	768	1024	768x1024	B-PX-NATION-EN	NATION	FL-001	en	FROZEN	RSP-EXPANSION: 768x1024 responsive coverage for NATION; MAP-CONTRAST: nation eyebrow contrast closeout
k-tour-id-app/tests/visual/ondo-b-flow-pixels-responsive.spec.ts-snapshots/B-PX-NATION-EN-FL-001-en-801x1000-desktop-chromium-darwin.png	d5073d769340c41ab0d42ea6a4c4d3dcb5ea688a924ee2873b42160a5c393c74	801	1000	801x1000	B-PX-NATION-EN	NATION	FL-001	en	FROZEN	RSP-EXPANSION: 801x1000 responsive coverage for NATION; MAP-CONTRAST: nation eyebrow contrast closeout
k-tour-id-app/tests/visual/ondo-b-flow-pixels-responsive.spec.ts-snapshots/B-PX-NATION-KO-FL-001-ko-360x800-desktop-chromium-darwin.png	5b156b9b769284687805ad904557e75cb4f250a801948d97d2f5161e56c6f633	360	800	360x800	B-PX-NATION-KO	NATION	FL-001	ko	FROZEN	RSP-EXPANSION: 360x800 responsive coverage for NATION; MAP-CONTRAST: nation eyebrow contrast closeout
k-tour-id-app/tests/visual/ondo-b-flow-pixels-responsive.spec.ts-snapshots/B-PX-NATION-KO-FL-001-ko-430x932-desktop-chromium-darwin.png	291dae5b04f7f8180e4c800ab1a88aa0a76eb20536eabf07f9caf723a2985d2d	430	932	430x932	B-PX-NATION-KO	NATION	FL-001	ko	FROZEN	RSP-EXPANSION: 430x932 responsive coverage for NATION; MAP-CONTRAST: nation eyebrow contrast closeout
k-tour-id-app/tests/visual/ondo-b-flow-pixels-responsive.spec.ts-snapshots/B-PX-NATION-KO-FL-001-ko-768x1024-desktop-chromium-darwin.png	bc189ec43bd9d5075efe2f506ded357b4b870af76cdd47780f5207b1a08455ad	768	1024	768x1024	B-PX-NATION-KO	NATION	FL-001	ko	FROZEN	RSP-EXPANSION: 768x1024 responsive coverage for NATION; MAP-CONTRAST: nation eyebrow contrast closeout
k-tour-id-app/tests/visual/ondo-b-flow-pixels-responsive.spec.ts-snapshots/B-PX-NATION-KO-FL-001-ko-801x1000-desktop-chromium-darwin.png	4fbbc4e90e7b365e8d30d4716e8322e9368f979fbef937b793a144dd6a42009e	801	1000	801x1000	B-PX-NATION-KO	NATION	FL-001	ko	FROZEN	RSP-EXPANSION: 801x1000 responsive coverage for NATION; MAP-CONTRAST: nation eyebrow contrast closeout
k-tour-id-app/tests/visual/ondo-b-flow-pixels-responsive.spec.ts-snapshots/B-PX-ONBOARDING-PERSONAS-KO-FL-007-FL-008-FL-009-ko-360x800-desktop-chromium-darwin.png	5f38100a40975c47d1f0011521e556ba9cd010ef8bef5719068685764149fef3	360	800	360x800	B-PX-ONBOARDING-PERSONAS-KO	ONBOARDING-PERSONAS	FL-007,FL-008,FL-009	ko	FROZEN	RSP-EXPANSION: 360x800 responsive coverage for ONBOARDING-PERSONAS
k-tour-id-app/tests/visual/ondo-b-flow-pixels-responsive.spec.ts-snapshots/B-PX-ONBOARDING-PERSONAS-KO-FL-007-FL-008-FL-009-ko-430x932-desktop-chromium-darwin.png	523d0b076fbfca7ff4914a2a8915cc3e1a6726addf7fa10d7a718a80582e8a3a	430	932	430x932	B-PX-ONBOARDING-PERSONAS-KO	ONBOARDING-PERSONAS	FL-007,FL-008,FL-009	ko	FROZEN	RSP-EXPANSION: 430x932 responsive coverage for ONBOARDING-PERSONAS
k-tour-id-app/tests/visual/ondo-b-flow-pixels-responsive.spec.ts-snapshots/B-PX-ONBOARDING-PERSONAS-KO-FL-007-FL-008-FL-009-ko-768x1024-desktop-chromium-darwin.png	c8c6156f807c2ee36956925e74ce1340c5ecfd7f5227a2018758bf4ca1974c0f	768	1024	768x1024	B-PX-ONBOARDING-PERSONAS-KO	ONBOARDING-PERSONAS	FL-007,FL-008,FL-009	ko	FROZEN	RSP-EXPANSION: 768x1024 responsive coverage for ONBOARDING-PERSONAS
k-tour-id-app/tests/visual/ondo-b-flow-pixels-responsive.spec.ts-snapshots/B-PX-ONBOARDING-PERSONAS-KO-FL-007-FL-008-FL-009-ko-801x1000-desktop-chromium-darwin.png	c07cab7384e41516c9eb99e25b4e0d2b1bc02a93d3f5c2c4a32a5da324574adb	801	1000	801x1000	B-PX-ONBOARDING-PERSONAS-KO	ONBOARDING-PERSONAS	FL-007,FL-008,FL-009	ko	FROZEN	RSP-EXPANSION: 801x1000 responsive coverage for ONBOARDING-PERSONAS
k-tour-id-app/tests/visual/ondo-b-flow-pixels-responsive.spec.ts-snapshots/B-PX-ONBOARDING-PREFERENCES-EN-FL-007-FL-008-FL-009-en-360x800-desktop-chromium-darwin.png	08a754c52d0d348ba12c9c3f81d7e5b6590330f4658463b4608a2f54a5f4f5be	360	800	360x800	B-PX-ONBOARDING-PREFERENCES-EN	ONBOARDING-PREFERENCES	FL-007,FL-008,FL-009	en	FROZEN	RSP-EXPANSION: 360x800 responsive coverage for ONBOARDING-PREFERENCES
k-tour-id-app/tests/visual/ondo-b-flow-pixels-responsive.spec.ts-snapshots/B-PX-ONBOARDING-PREFERENCES-EN-FL-007-FL-008-FL-009-en-430x932-desktop-chromium-darwin.png	5d7af76ebf3e79fb364bca0f626d2190077277cd7a4d9267181b5b52c9dd0ff2	430	932	430x932	B-PX-ONBOARDING-PREFERENCES-EN	ONBOARDING-PREFERENCES	FL-007,FL-008,FL-009	en	FROZEN	RSP-EXPANSION: 430x932 responsive coverage for ONBOARDING-PREFERENCES
k-tour-id-app/tests/visual/ondo-b-flow-pixels-responsive.spec.ts-snapshots/B-PX-ONBOARDING-PREFERENCES-EN-FL-007-FL-008-FL-009-en-768x1024-desktop-chromium-darwin.png	e355d524a802a814b2d7bb1883e2a47f3181c53a1142b22cbe9ca385dfb87a19	768	1024	768x1024	B-PX-ONBOARDING-PREFERENCES-EN	ONBOARDING-PREFERENCES	FL-007,FL-008,FL-009	en	FROZEN	RSP-EXPANSION: 768x1024 responsive coverage for ONBOARDING-PREFERENCES
k-tour-id-app/tests/visual/ondo-b-flow-pixels-responsive.spec.ts-snapshots/B-PX-ONBOARDING-PREFERENCES-EN-FL-007-FL-008-FL-009-en-801x1000-desktop-chromium-darwin.png	c464e952c59a38a9ed1906d6f131f4ed4366e982f9ac3b9b43bb3a09c5998951	801	1000	801x1000	B-PX-ONBOARDING-PREFERENCES-EN	ONBOARDING-PREFERENCES	FL-007,FL-008,FL-009	en	FROZEN	RSP-EXPANSION: 801x1000 responsive coverage for ONBOARDING-PREFERENCES
k-tour-id-app/tests/visual/ondo-b-flow-pixels-responsive.spec.ts-snapshots/B-PX-ONBOARDING-VALUE-EN-FL-007-FL-008-FL-009-en-360x800-desktop-chromium-darwin.png	05217dfaf7a82f66086842d4dc08f1f40bc69fec3c623c8f4f33d2f892cfc15d	360	800	360x800	B-PX-ONBOARDING-VALUE-EN	ONBOARDING-VALUE	FL-007,FL-008,FL-009	en	FROZEN	RSP-EXPANSION: 360x800 responsive coverage for ONBOARDING-VALUE
k-tour-id-app/tests/visual/ondo-b-flow-pixels-responsive.spec.ts-snapshots/B-PX-ONBOARDING-VALUE-EN-FL-007-FL-008-FL-009-en-430x932-desktop-chromium-darwin.png	4c7ae61109368d405ec0d98768db5de153a3c649336d4b63d6b852295347375b	430	932	430x932	B-PX-ONBOARDING-VALUE-EN	ONBOARDING-VALUE	FL-007,FL-008,FL-009	en	FROZEN	RSP-EXPANSION: 430x932 responsive coverage for ONBOARDING-VALUE
k-tour-id-app/tests/visual/ondo-b-flow-pixels-responsive.spec.ts-snapshots/B-PX-ONBOARDING-VALUE-EN-FL-007-FL-008-FL-009-en-768x1024-desktop-chromium-darwin.png	2f4522c0d07e5ebce4e0f53f5b917a32b23ff65dd65912639a39596226b9aea0	768	1024	768x1024	B-PX-ONBOARDING-VALUE-EN	ONBOARDING-VALUE	FL-007,FL-008,FL-009	en	FROZEN	RSP-EXPANSION: 768x1024 responsive coverage for ONBOARDING-VALUE
k-tour-id-app/tests/visual/ondo-b-flow-pixels-responsive.spec.ts-snapshots/B-PX-ONBOARDING-VALUE-EN-FL-007-FL-008-FL-009-en-801x1000-desktop-chromium-darwin.png	18a89e1c1cf33814e9f7fa77677941449684ac0bd916241a34f63d185fba4492	801	1000	801x1000	B-PX-ONBOARDING-VALUE-EN	ONBOARDING-VALUE	FL-007,FL-008,FL-009	en	FROZEN	RSP-EXPANSION: 801x1000 responsive coverage for ONBOARDING-VALUE
k-tour-id-app/tests/visual/ondo-b-flow-pixels-responsive.spec.ts-snapshots/B-PX-PLACE-DETAIL-EN-FL-001-FL-010-FL-011-FL-012-FL-016-en-360x800-desktop-chromium-darwin.png	3985a1149669ac0e11f28a52496c5971ff7d51fefd9a96dde40507049a461494	360	800	360x800	B-PX-PLACE-DETAIL-EN	PLACE-DETAIL	FL-001,FL-010,FL-011,FL-012,FL-016	en	FROZEN	RSP-EXPANSION: 360x800 responsive coverage for PLACE-DETAIL; VENUE-META: secondary venue metadata contrast; SHEET-MODAL: one exposed modal, inert background, reachable exit
k-tour-id-app/tests/visual/ondo-b-flow-pixels-responsive.spec.ts-snapshots/B-PX-PLACE-DETAIL-EN-FL-001-FL-010-FL-011-FL-012-FL-016-en-430x932-desktop-chromium-darwin.png	55409d92af35efa4c871f03b466f37381134fdef26adfaf51f01c62544288409	430	932	430x932	B-PX-PLACE-DETAIL-EN	PLACE-DETAIL	FL-001,FL-010,FL-011,FL-012,FL-016	en	FROZEN	RSP-EXPANSION: 430x932 responsive coverage for PLACE-DETAIL; VENUE-META: secondary venue metadata contrast; SHEET-MODAL: one exposed modal, inert background, reachable exit
k-tour-id-app/tests/visual/ondo-b-flow-pixels-responsive.spec.ts-snapshots/B-PX-PLACE-DETAIL-EN-FL-001-FL-010-FL-011-FL-012-FL-016-en-768x1024-desktop-chromium-darwin.png	bd453317bb3d18c48441bc97d9f22695ebdac848f0184eca8384e98d97f1ef54	768	1024	768x1024	B-PX-PLACE-DETAIL-EN	PLACE-DETAIL	FL-001,FL-010,FL-011,FL-012,FL-016	en	FROZEN	RSP-EXPANSION: 768x1024 responsive coverage for PLACE-DETAIL; VENUE-META: secondary venue metadata contrast; SHEET-MODAL: one exposed modal, inert background, reachable exit
k-tour-id-app/tests/visual/ondo-b-flow-pixels-responsive.spec.ts-snapshots/B-PX-PLACE-DETAIL-EN-FL-001-FL-010-FL-011-FL-012-FL-016-en-801x1000-desktop-chromium-darwin.png	8223130c63b773d05aaebb398034ccb5da22fbca49d286030e167f613104f098	801	1000	801x1000	B-PX-PLACE-DETAIL-EN	PLACE-DETAIL	FL-001,FL-010,FL-011,FL-012,FL-016	en	FROZEN	RSP-EXPANSION: 801x1000 responsive coverage for PLACE-DETAIL; VENUE-META: secondary venue metadata contrast; SHEET-MODAL: one exposed modal, inert background, reachable exit
k-tour-id-app/tests/visual/ondo-b-flow-pixels-responsive.spec.ts-snapshots/B-PX-PLACE-PEEK-EN-FL-001-en-360x800-desktop-chromium-darwin.png	bc0c7eb72df8c95cc30e13fed13224d8ffad2226116659947d7e9181ac504b4b	360	800	360x800	B-PX-PLACE-PEEK-EN	PLACE-PEEK	FL-001	en	FROZEN	RSP-EXPANSION: 360x800 responsive coverage for PLACE-PEEK; VENUE-META: secondary venue metadata contrast; SHEET-MODAL: one exposed modal, inert background, reachable exit
k-tour-id-app/tests/visual/ondo-b-flow-pixels-responsive.spec.ts-snapshots/B-PX-PLACE-PEEK-EN-FL-001-en-430x932-desktop-chromium-darwin.png	122c6a55493dc7634787a9df6418b424539531149f96cbcc5859866b50025359	430	932	430x932	B-PX-PLACE-PEEK-EN	PLACE-PEEK	FL-001	en	FROZEN	RSP-EXPANSION: 430x932 responsive coverage for PLACE-PEEK; VENUE-META: secondary venue metadata contrast; SHEET-MODAL: one exposed modal, inert background, reachable exit
k-tour-id-app/tests/visual/ondo-b-flow-pixels-responsive.spec.ts-snapshots/B-PX-PLACE-PEEK-EN-FL-001-en-768x1024-desktop-chromium-darwin.png	046192f89a854dd6c28e6c45702488e85f1b552ff042ceea42416556fcde52ff	768	1024	768x1024	B-PX-PLACE-PEEK-EN	PLACE-PEEK	FL-001	en	FROZEN	RSP-EXPANSION: 768x1024 responsive coverage for PLACE-PEEK; VENUE-META: secondary venue metadata contrast; SHEET-MODAL: one exposed modal, inert background, reachable exit
k-tour-id-app/tests/visual/ondo-b-flow-pixels-responsive.spec.ts-snapshots/B-PX-PLACE-PEEK-EN-FL-001-en-801x1000-desktop-chromium-darwin.png	8627362899c09831fc9784c8f12abbca0f0f444eca3a1e56ddc8cd474fd584f4	801	1000	801x1000	B-PX-PLACE-PEEK-EN	PLACE-PEEK	FL-001	en	FROZEN	RSP-EXPANSION: 801x1000 responsive coverage for PLACE-PEEK; VENUE-META: secondary venue metadata contrast; SHEET-MODAL: one exposed modal, inert background, reachable exit
k-tour-id-app/tests/visual/ondo-b-flow-pixels-responsive.spec.ts-snapshots/B-PX-PROFILE-KO-FL-015-ko-360x800-desktop-chromium-darwin.png	01b4c8b123e9d9a7b1cfe90c5cc6c3f19f1a9b1435c3a3a34a1a1dd6dcb5d8ab	360	800	360x800	B-PX-PROFILE-KO	PROFILE	FL-015	ko	FROZEN	RSP-EXPANSION: 360x800 responsive coverage for PROFILE
k-tour-id-app/tests/visual/ondo-b-flow-pixels-responsive.spec.ts-snapshots/B-PX-PROFILE-KO-FL-015-ko-430x932-desktop-chromium-darwin.png	5b1258cd583c2c72db6af3fda8c373b3e8e85fe18cdf5bd84039c186e4cbd7fa	430	932	430x932	B-PX-PROFILE-KO	PROFILE	FL-015	ko	FROZEN	RSP-EXPANSION: 430x932 responsive coverage for PROFILE
k-tour-id-app/tests/visual/ondo-b-flow-pixels-responsive.spec.ts-snapshots/B-PX-PROFILE-KO-FL-015-ko-768x1024-desktop-chromium-darwin.png	93669eedfbcf122695aab7175a79c9b3ef8a39e7d7f382dc21b4920d5c134d22	768	1024	768x1024	B-PX-PROFILE-KO	PROFILE	FL-015	ko	FROZEN	RSP-EXPANSION: 768x1024 responsive coverage for PROFILE
k-tour-id-app/tests/visual/ondo-b-flow-pixels-responsive.spec.ts-snapshots/B-PX-PROFILE-KO-FL-015-ko-801x1000-desktop-chromium-darwin.png	47e9057cbd176df31209f67de73cb6956e03324bbe733600382c06197fbbb286	801	1000	801x1000	B-PX-PROFILE-KO	PROFILE	FL-015	ko	FROZEN	RSP-EXPANSION: 801x1000 responsive coverage for PROFILE
k-tour-id-app/tests/visual/ondo-b-flow-pixels-responsive.spec.ts-snapshots/B-PX-REPORT-EN-FL-003-en-360x800-desktop-chromium-darwin.png	b81d53acef3679deb042e88fb1110281f5439217bd365fac7e123561b3a110d7	360	800	360x800	B-PX-REPORT-EN	REPORT	FL-003	en	FROZEN	RSP-EXPANSION: 360x800 responsive coverage for REPORT; SHEET-MODAL: one exposed modal, inert background, reachable exit
k-tour-id-app/tests/visual/ondo-b-flow-pixels-responsive.spec.ts-snapshots/B-PX-REPORT-EN-FL-003-en-430x932-desktop-chromium-darwin.png	fe5c411ccce8e1528c0dea136ebe22e2604a61b1f7dd619fe4b9da7729f5a63b	430	932	430x932	B-PX-REPORT-EN	REPORT	FL-003	en	FROZEN	RSP-EXPANSION: 430x932 responsive coverage for REPORT; SHEET-MODAL: one exposed modal, inert background, reachable exit
k-tour-id-app/tests/visual/ondo-b-flow-pixels-responsive.spec.ts-snapshots/B-PX-REPORT-EN-FL-003-en-768x1024-desktop-chromium-darwin.png	9d5a760b364143db0fc7dfc3854744194a77dc16d9bb579dc088f670efd877fa	768	1024	768x1024	B-PX-REPORT-EN	REPORT	FL-003	en	FROZEN	RSP-EXPANSION: 768x1024 responsive coverage for REPORT; SHEET-MODAL: one exposed modal, inert background, reachable exit
k-tour-id-app/tests/visual/ondo-b-flow-pixels-responsive.spec.ts-snapshots/B-PX-REPORT-EN-FL-003-en-801x1000-desktop-chromium-darwin.png	ece8ccd8edf6ecf575be3cd714a737a5ec746c18e8e329002392075ba88ee06e	801	1000	801x1000	B-PX-REPORT-EN	REPORT	FL-003	en	FROZEN	RSP-EXPANSION: 801x1000 responsive coverage for REPORT; SHEET-MODAL: one exposed modal, inert background, reachable exit
k-tour-id-app/tests/visual/ondo-b-flow-pixels-responsive.spec.ts-snapshots/B-PX-SAVE-FAILURE-EN-FL-011-en-360x800-desktop-chromium-darwin.png	11dc74ce88fa9af7539f49856a9e9389d62c95b9237b486febfdb3d319926a79	360	800	360x800	B-PX-SAVE-FAILURE-EN	SAVE-FAILURE	FL-011	en	FROZEN	RSP-EXPANSION: 360x800 responsive coverage for SAVE-FAILURE; SHEET-MODAL: one exposed modal, inert background, reachable exit
k-tour-id-app/tests/visual/ondo-b-flow-pixels-responsive.spec.ts-snapshots/B-PX-SAVE-FAILURE-EN-FL-011-en-430x932-desktop-chromium-darwin.png	c446c2719342887cd89bd30f111b751437807648135560c76ce6e5e860a4e4dd	430	932	430x932	B-PX-SAVE-FAILURE-EN	SAVE-FAILURE	FL-011	en	FROZEN	RSP-EXPANSION: 430x932 responsive coverage for SAVE-FAILURE; SHEET-MODAL: one exposed modal, inert background, reachable exit
k-tour-id-app/tests/visual/ondo-b-flow-pixels-responsive.spec.ts-snapshots/B-PX-SAVE-FAILURE-EN-FL-011-en-768x1024-desktop-chromium-darwin.png	eb7cf12194d04283fde69afa5c8053adb50d6a1520eb49f00e1bfc561dbf2d28	768	1024	768x1024	B-PX-SAVE-FAILURE-EN	SAVE-FAILURE	FL-011	en	FROZEN	RSP-EXPANSION: 768x1024 responsive coverage for SAVE-FAILURE; SHEET-MODAL: one exposed modal, inert background, reachable exit
k-tour-id-app/tests/visual/ondo-b-flow-pixels-responsive.spec.ts-snapshots/B-PX-SAVE-FAILURE-EN-FL-011-en-801x1000-desktop-chromium-darwin.png	f60a8d74a4418285efd3662bb79fab7d9946c3617a7c67683520f3e468fe5fa9	801	1000	801x1000	B-PX-SAVE-FAILURE-EN	SAVE-FAILURE	FL-011	en	FROZEN	RSP-EXPANSION: 801x1000 responsive coverage for SAVE-FAILURE; SHEET-MODAL: one exposed modal, inert background, reachable exit
k-tour-id-app/tests/visual/ondo-b-flow-pixels-responsive.spec.ts-snapshots/B-PX-SAVE-RECOVERED-KO-FL-011-ko-360x800-desktop-chromium-darwin.png	ad02b52f8f5384e70ae246b489cba6f5a9b13475a2c1b22cda900dc62bd1026f	360	800	360x800	B-PX-SAVE-RECOVERED-KO	SAVE-RECOVERED	FL-011	ko	FROZEN	RSP-EXPANSION: 360x800 responsive coverage for SAVE-RECOVERED; SHEET-MODAL: one exposed modal, inert background, reachable exit
k-tour-id-app/tests/visual/ondo-b-flow-pixels-responsive.spec.ts-snapshots/B-PX-SAVE-RECOVERED-KO-FL-011-ko-430x932-desktop-chromium-darwin.png	c9843cc52521859c4d05cb9ae4970d7fc14db0682ac8d62936e6f3870c75d634	430	932	430x932	B-PX-SAVE-RECOVERED-KO	SAVE-RECOVERED	FL-011	ko	FROZEN	RSP-EXPANSION: 430x932 responsive coverage for SAVE-RECOVERED; SHEET-MODAL: one exposed modal, inert background, reachable exit
k-tour-id-app/tests/visual/ondo-b-flow-pixels-responsive.spec.ts-snapshots/B-PX-SAVE-RECOVERED-KO-FL-011-ko-768x1024-desktop-chromium-darwin.png	45420f0412d7ceb3a387a4a8b3925fdcaf7a72ed0c067734f519de8a4387f300	768	1024	768x1024	B-PX-SAVE-RECOVERED-KO	SAVE-RECOVERED	FL-011	ko	FROZEN	RSP-EXPANSION: 768x1024 responsive coverage for SAVE-RECOVERED; SHEET-MODAL: one exposed modal, inert background, reachable exit
k-tour-id-app/tests/visual/ondo-b-flow-pixels-responsive.spec.ts-snapshots/B-PX-SAVE-RECOVERED-KO-FL-011-ko-801x1000-desktop-chromium-darwin.png	c0cfb026769322ed1d064275466e67b1d1aa87d4e76d80fc8a3d1da9a7691072	801	1000	801x1000	B-PX-SAVE-RECOVERED-KO	SAVE-RECOVERED	FL-011	ko	FROZEN	RSP-EXPANSION: 801x1000 responsive coverage for SAVE-RECOVERED; SHEET-MODAL: one exposed modal, inert background, reachable exit
k-tour-id-app/tests/visual/ondo-b-flow-pixels-responsive.spec.ts-snapshots/B-PX-TABLE-DETAIL-KO-FL-003-ko-360x800-desktop-chromium-darwin.png	aecee78c38b8da324e2ffa35e50a2147fc17ac317109418bf4b8ee66bf3e4f0e	360	800	360x800	B-PX-TABLE-DETAIL-KO	TABLE-DETAIL	FL-003	ko	FROZEN	RSP-EXPANSION: 360x800 responsive coverage for TABLE-DETAIL; SHEET-MODAL: one exposed modal, inert background, reachable exit
k-tour-id-app/tests/visual/ondo-b-flow-pixels-responsive.spec.ts-snapshots/B-PX-TABLE-DETAIL-KO-FL-003-ko-430x932-desktop-chromium-darwin.png	162f42f24adbae18ceb03db7e3c33677f47adfbeec6f18e313caf95d450fe1dc	430	932	430x932	B-PX-TABLE-DETAIL-KO	TABLE-DETAIL	FL-003	ko	FROZEN	RSP-EXPANSION: 430x932 responsive coverage for TABLE-DETAIL; SHEET-MODAL: one exposed modal, inert background, reachable exit
k-tour-id-app/tests/visual/ondo-b-flow-pixels-responsive.spec.ts-snapshots/B-PX-TABLE-DETAIL-KO-FL-003-ko-768x1024-desktop-chromium-darwin.png	7b1e2165d510fc8862863f3b6bd2ead25d1fd3362426c77a2fc56df6690e6101	768	1024	768x1024	B-PX-TABLE-DETAIL-KO	TABLE-DETAIL	FL-003	ko	FROZEN	RSP-EXPANSION: 768x1024 responsive coverage for TABLE-DETAIL; SHEET-MODAL: one exposed modal, inert background, reachable exit
k-tour-id-app/tests/visual/ondo-b-flow-pixels-responsive.spec.ts-snapshots/B-PX-TABLE-DETAIL-KO-FL-003-ko-801x1000-desktop-chromium-darwin.png	fd0bd9f762b3e3b5c5007daba4326e31590f0d3b053a8d109d542f0b901ffa3c	801	1000	801x1000	B-PX-TABLE-DETAIL-KO	TABLE-DETAIL	FL-003	ko	FROZEN	RSP-EXPANSION: 801x1000 responsive coverage for TABLE-DETAIL; SHEET-MODAL: one exposed modal, inert background, reachable exit
k-tour-id-app/tests/visual/ondo-b-flow-pixels-responsive.spec.ts-snapshots/B-PX-TABLE-JOIN-FAIL-EN-FL-003-en-360x800-desktop-chromium-darwin.png	2cf9cc4ff308a7b5e99a79d82a1a112df40540d9920da1c1f5807342b73bf8da	360	800	360x800	B-PX-TABLE-JOIN-FAIL-EN	TABLE-JOIN-FAIL	FL-003	en	FROZEN	RSP-EXPANSION: 360x800 responsive coverage for TABLE-JOIN-FAIL; TABLE-CTA: 360px retry CTA is visible and unclipped; SHEET-MODAL: one exposed modal, inert background, reachable exit
k-tour-id-app/tests/visual/ondo-b-flow-pixels-responsive.spec.ts-snapshots/B-PX-TABLE-JOIN-FAIL-EN-FL-003-en-430x932-desktop-chromium-darwin.png	9aedc120340bca303303bd2d0a5819652cfc9e7c47d044e092957f0d2b3e4440	430	932	430x932	B-PX-TABLE-JOIN-FAIL-EN	TABLE-JOIN-FAIL	FL-003	en	FROZEN	RSP-EXPANSION: 430x932 responsive coverage for TABLE-JOIN-FAIL; SHEET-MODAL: one exposed modal, inert background, reachable exit
k-tour-id-app/tests/visual/ondo-b-flow-pixels-responsive.spec.ts-snapshots/B-PX-TABLE-JOIN-FAIL-EN-FL-003-en-768x1024-desktop-chromium-darwin.png	952da192344a93e99fc8947601ee68a72bc140f0bad69347a08097a1fb54eae9	768	1024	768x1024	B-PX-TABLE-JOIN-FAIL-EN	TABLE-JOIN-FAIL	FL-003	en	FROZEN	RSP-EXPANSION: 768x1024 responsive coverage for TABLE-JOIN-FAIL; SHEET-MODAL: one exposed modal, inert background, reachable exit
k-tour-id-app/tests/visual/ondo-b-flow-pixels-responsive.spec.ts-snapshots/B-PX-TABLE-JOIN-FAIL-EN-FL-003-en-801x1000-desktop-chromium-darwin.png	7b018b14bcc7401c471252cf11a6d72daf5eb6ab6e80a6cc0569e8ff438f6992	801	1000	801x1000	B-PX-TABLE-JOIN-FAIL-EN	TABLE-JOIN-FAIL	FL-003	en	FROZEN	RSP-EXPANSION: 801x1000 responsive coverage for TABLE-JOIN-FAIL; SHEET-MODAL: one exposed modal, inert background, reachable exit
k-tour-id-app/tests/visual/ondo-b-flow-pixels-responsive.spec.ts-snapshots/B-PX-TABLES-LIST-EN-FL-003-en-360x800-desktop-chromium-darwin.png	9b113dd6c551598747224ab499655fe687863bc59b2a729390b46268b52e2ebc	360	800	360x800	B-PX-TABLES-LIST-EN	TABLES-LIST	FL-003	en	FROZEN	RSP-EXPANSION: 360x800 responsive coverage for TABLES-LIST
k-tour-id-app/tests/visual/ondo-b-flow-pixels-responsive.spec.ts-snapshots/B-PX-TABLES-LIST-EN-FL-003-en-430x932-desktop-chromium-darwin.png	899dce02de0d0450f0940138c2bcb7481f2bcb5c5deee4cbf89d4103577fb3d8	430	932	430x932	B-PX-TABLES-LIST-EN	TABLES-LIST	FL-003	en	FROZEN	RSP-EXPANSION: 430x932 responsive coverage for TABLES-LIST
k-tour-id-app/tests/visual/ondo-b-flow-pixels-responsive.spec.ts-snapshots/B-PX-TABLES-LIST-EN-FL-003-en-768x1024-desktop-chromium-darwin.png	cda0051008349685abb59591fbfdc5201bf6706b2b07be8e6ef1b6136ccc725d	768	1024	768x1024	B-PX-TABLES-LIST-EN	TABLES-LIST	FL-003	en	FROZEN	RSP-EXPANSION: 768x1024 responsive coverage for TABLES-LIST
k-tour-id-app/tests/visual/ondo-b-flow-pixels-responsive.spec.ts-snapshots/B-PX-TABLES-LIST-EN-FL-003-en-801x1000-desktop-chromium-darwin.png	dbff4ac7b41d33c73df4f39cdbff4f3f4817cd23a5895612a0998e0a8db0fb30	801	1000	801x1000	B-PX-TABLES-LIST-EN	TABLES-LIST	FL-003	en	FROZEN	RSP-EXPANSION: 801x1000 responsive coverage for TABLES-LIST
k-tour-id-app/tests/visual/ondo-b-flow-pixels-responsive.spec.ts-snapshots/B-PX-TRUST-FOUR-AXES-EN-FL-003-FL-012-FL-015-en-360x800-desktop-chromium-darwin.png	c05e6089fca0f6149a88413e4c7388e96d9aa602ade23e4cd243ba359f525734	360	800	360x800	B-PX-TRUST-FOUR-AXES-EN	TRUST-FOUR-AXES	FL-003,FL-012,FL-015	en	FROZEN	RSP-EXPANSION: 360x800 responsive coverage for TRUST-FOUR-AXES; TRUST-STABILIZE: four-axis hierarchy and scroll closeout
k-tour-id-app/tests/visual/ondo-b-flow-pixels-responsive.spec.ts-snapshots/B-PX-TRUST-FOUR-AXES-EN-FL-003-FL-012-FL-015-en-430x932-desktop-chromium-darwin.png	18f71f4473671fb23e777e89d1e9a9d2ea7fabd8facb8fa3d368376c2cd87f92	430	932	430x932	B-PX-TRUST-FOUR-AXES-EN	TRUST-FOUR-AXES	FL-003,FL-012,FL-015	en	FROZEN	RSP-EXPANSION: 430x932 responsive coverage for TRUST-FOUR-AXES; TRUST-STABILIZE: four-axis hierarchy and scroll closeout
k-tour-id-app/tests/visual/ondo-b-flow-pixels-responsive.spec.ts-snapshots/B-PX-TRUST-FOUR-AXES-EN-FL-003-FL-012-FL-015-en-768x1024-desktop-chromium-darwin.png	9814fe803b11bfb57583e002fbec56732f747f4ec8e86df38d511d5a36b78a6a	768	1024	768x1024	B-PX-TRUST-FOUR-AXES-EN	TRUST-FOUR-AXES	FL-003,FL-012,FL-015	en	FROZEN	RSP-EXPANSION: 768x1024 responsive coverage for TRUST-FOUR-AXES; TRUST-STABILIZE: four-axis hierarchy and scroll closeout
k-tour-id-app/tests/visual/ondo-b-flow-pixels-responsive.spec.ts-snapshots/B-PX-TRUST-FOUR-AXES-EN-FL-003-FL-012-FL-015-en-801x1000-desktop-chromium-darwin.png	b7b3a9849e5bf5094877548a29d365a34687178ac983efb7c098ae231c46d26c	801	1000	801x1000	B-PX-TRUST-FOUR-AXES-EN	TRUST-FOUR-AXES	FL-003,FL-012,FL-015	en	FROZEN	RSP-EXPANSION: 801x1000 responsive coverage for TRUST-FOUR-AXES; TRUST-STABILIZE: four-axis hierarchy and scroll closeout
