path	sha256	width	height	viewport	case_id	state	flows	locale	registry_status	provenance
k-tour-id-app/tests/visual/ondo-b-flow-pixels-desktop.spec.ts-snapshots/B-PX-AFTER19-EXPIRED-REASON-EN-FL-014-en-1440x1000-desktop-chromium-darwin.png	cda6c3f824335880262e57e10e13bb23a80a4dc50d28939891c53963365aac73	1440	1000	1440x1000	B-PX-AFTER19-EXPIRED-REASON-EN	AFTER19-EXPIRED-REASON	FL-014	en	CANDIDATE	R5R-NEW:R5R-D5-003; new closure state registered at 6 exact viewports
k-tour-id-app/tests/visual/ondo-b-flow-pixels-desktop.spec.ts-snapshots/B-PX-AFTER19-PROMPT-EN-FL-013-en-1440x1000-desktop-chromium-darwin.png	0c012b95d00438ca32da235258484c7583b0656be990b0be94786147bbca4bb0	1440	1000	1440x1000	B-PX-AFTER19-PROMPT-EN	AFTER19-PROMPT	FL-013	en	CANDIDATE	R5R-FIX: recaptured after retry product closure; prior_sha=5d73eb4d1deb3179fb2f2080d1df32d58a272cf4882f5440f61e59c90e09d19f
k-tour-id-app/tests/visual/ondo-b-flow-pixels-desktop.spec.ts-snapshots/B-PX-AFTER19-VENUE-LOCKED-EN-FL-002-en-1440x1000-desktop-chromium-darwin.png	b956dd93f0541e661e25658dfb134d536b20b74d19098cc2f9fdd57219c0faa7	1440	1000	1440x1000	B-PX-AFTER19-VENUE-LOCKED-EN	AFTER19-VENUE-LOCKED	FL-002	en	CANDIDATE	R5R-FIX: recaptured after retry product closure; prior_sha=7fb29636ed342416f96f68bb520d2798d43806581fb4ab7460748a32ab24f940
k-tour-id-app/tests/visual/ondo-b-flow-pixels-desktop.spec.ts-snapshots/B-PX-AFTER19-VENUE-RETURN-EN-FL-002-FL-013-FL-014-en-1440x1000-desktop-chromium-darwin.png	dd4320e1041410a22b0c7aebf391b909b742a64761e4d72990451a5aee9e9236	1440	1000	1440x1000	B-PX-AFTER19-VENUE-RETURN-EN	AFTER19-VENUE-RETURN	FL-002,FL-013,FL-014	en	CANDIDATE	R5R-FIX: recaptured after retry product closure; prior_sha=211ab8c3315ec6b78b948929c0cced309fad6d1a84505094a3313cc3a7b38bd0
k-tour-id-app/tests/visual/ondo-b-flow-pixels-desktop.spec.ts-snapshots/B-PX-CHAT-EN-FL-003-en-1440x1000-desktop-chromium-darwin.png	56bfefe6505eb8b75decea1dc4be954893624b7ddf46d9510757c4fa4ac6a286	1440	1000	1440x1000	B-PX-CHAT-EN	CHAT	FL-003	en	CANDIDATE	R5R-FIX: recaptured after retry product closure; prior_sha=3436ad84d02dad5831ef6d4dffa115160cf97ce3c18137d39ba13e981f8cd2a6
k-tour-id-app/tests/visual/ondo-b-flow-pixels-desktop.spec.ts-snapshots/B-PX-CHAT-IMAGE-FAIL-EN-FL-003-en-1440x1000-desktop-chromium-darwin.png	374a92e4fa6205fc272e7958c23e3be430cba499f0afa70721a4b9b9dad04e30	1440	1000	1440x1000	B-PX-CHAT-IMAGE-FAIL-EN	CHAT-IMAGE-FAIL	FL-003	en	CANDIDATE	R5R-FIX: recaptured after retry product closure; prior_sha=ff5661d5bdd467ac8ac642fb6fb9cd6545d6387f8fc8c56a17b291eacb1443b6
k-tour-id-app/tests/visual/ondo-b-flow-pixels-desktop.spec.ts-snapshots/B-PX-CHECKOUT-CANCEL-KO-FL-004-ko-1440x1000-desktop-chromium-darwin.png	f46dfdc56971514e188d23847d6b5902dd432637079cdd5107e02ebee23f0387	1440	1000	1440x1000	B-PX-CHECKOUT-CANCEL-KO	CHECKOUT-CANCEL	FL-004	ko	CANDIDATE	R5R-FIX: recaptured after retry product closure; prior_sha=b8a36c374b1c36107d644a10bba71d38bf205d8a695d6d370f3ecdac548adf2c
k-tour-id-app/tests/visual/ondo-b-flow-pixels-desktop.spec.ts-snapshots/B-PX-CHECKOUT-FAIL-EN-FL-004-en-1440x1000-desktop-chromium-darwin.png	1af6e153c7b4451a013f47fdb19b5d55c8e87c7bea4be57275ca78445bb80331	1440	1000	1440x1000	B-PX-CHECKOUT-FAIL-EN	CHECKOUT-FAIL	FL-004	en	CANDIDATE	R5R-FIX: recaptured after retry product closure; prior_sha=b1c0fa89386363de461d695bf8bf8f237a73fbf888be70c6ff31a71ffbb7ad5c
k-tour-id-app/tests/visual/ondo-b-flow-pixels-desktop.spec.ts-snapshots/B-PX-CHECKOUT-IDLE-EN-FL-004-FL-017-en-1440x1000-desktop-chromium-darwin.png	3dc9a8a6784f81dc54450be84a814d33cbc7243c0ef44ce2b61d2acd3f96cea6	1440	1000	1440x1000	B-PX-CHECKOUT-IDLE-EN	CHECKOUT-IDLE	FL-004,FL-017	en	CANDIDATE	R5R-FIX: recaptured after retry product closure; prior_sha=301dfd3071d9eb1a6ae8b43ea7f7c37e88fab9719e3c543eda1cbef489dbca92
k-tour-id-app/tests/visual/ondo-b-flow-pixels-desktop.spec.ts-snapshots/B-PX-CHECKOUT-RECEIPT-EN-FL-004-en-1440x1000-desktop-chromium-darwin.png	933782386ba1faac3c59d0a514cf770409250774dddfcdee246ca90ca31495df	1440	1000	1440x1000	B-PX-CHECKOUT-RECEIPT-EN	CHECKOUT-RECEIPT	FL-004	en	CANDIDATE	R5R-FIX: recaptured after retry product closure; prior_sha=f4f706aff1edc61d2ba55a0947c1259dbb379c805b85de4a5eef7dfdab226cde
k-tour-id-app/tests/visual/ondo-b-flow-pixels-desktop.spec.ts-snapshots/B-PX-CHECKOUT-STAMP-KO-FL-004-ko-1440x1000-desktop-chromium-darwin.png	798583e1bc3d35db5f6009a214635dd8121e3f752e760c36f121926be1ce4bd4	1440	1000	1440x1000	B-PX-CHECKOUT-STAMP-KO	CHECKOUT-STAMP	FL-004	ko	CANDIDATE	R5R-FIX: recaptured after retry product closure; prior_sha=d64561e8dbe3326b1030f6aa644ce370a47f53c7adedf430f2f90fd1821cd164
k-tour-id-app/tests/visual/ondo-b-flow-pixels-desktop.spec.ts-snapshots/B-PX-CITY-FALLBACK-KO-FL-001-ko-1440x1000-desktop-chromium-darwin.png	837ae19ea7196da890ed6d119304d71142e00df8d75722b794dd786b8fa31b1a	1440	1000	1440x1000	B-PX-CITY-FALLBACK-KO	CITY-FALLBACK	FL-001	ko	CANDIDATE	R5R-FIX: recaptured after retry product closure; prior_sha=0195e1e819c02fe97c66ab41b570b7339552ec91bdddfdc9f33fbd79830b09df
k-tour-id-app/tests/visual/ondo-b-flow-pixels-desktop.spec.ts-snapshots/B-PX-CITY-FILTERED-MAP-EN-FL-001-en-1440x1000-desktop-chromium-darwin.png	e11b816a62374b80971bc8688ae2c41882f6afe7146ad01a7cd4a05b7e7553c2	1440	1000	1440x1000	B-PX-CITY-FILTERED-MAP-EN	CITY-FILTERED-MAP	FL-001	en	CANDIDATE	R5R-FIX: recaptured after retry product closure; prior_sha=71e6cd1a8348809a148d4c36c05e55d49f7813d459582d89084e5aa77a7e8121
k-tour-id-app/tests/visual/ondo-b-flow-pixels-desktop.spec.ts-snapshots/B-PX-CITY-LIST-EN-FL-001-en-1440x1000-desktop-chromium-darwin.png	de9710408271bb172c3f5b87c26b67cb72a3bb7031267c99898a16160fb0f14e	1440	1000	1440x1000	B-PX-CITY-LIST-EN	CITY-LIST	FL-001	en	CANDIDATE	R5R-FIX: recaptured after retry product closure; prior_sha=8f6d0243cfb71103a95a3d89b09c3a925be145875a16879331e3ad5f3e40dd42
k-tour-id-app/tests/visual/ondo-b-flow-pixels-desktop.spec.ts-snapshots/B-PX-CITY-LIVE-EN-FL-001-FL-014-en-1440x1000-desktop-chromium-darwin.png	efa67b8d58f0bbb59b1dc0db1a8ecf6d1770080c6cd9625c5c8ee08d5d0ea61c	1440	1000	1440x1000	B-PX-CITY-LIVE-EN	CITY-LIVE	FL-001,FL-014	en	CANDIDATE	R5R-FIX: recaptured after retry product closure; prior_sha=436e5acf676da3dd2115e8dcc5a07e3c41adbed28dfb004ac3faa2040139322f
k-tour-id-app/tests/visual/ondo-b-flow-pixels-desktop.spec.ts-snapshots/B-PX-CITY-LIVE-KO-FL-001-FL-014-ko-1440x1000-desktop-chromium-darwin.png	2c40c2a5559be803c1606e6294d5119b4f105597e14cecedf645ed390dc0d64e	1440	1000	1440x1000	B-PX-CITY-LIVE-KO	CITY-LIVE	FL-001,FL-014	ko	CANDIDATE	R5R-FIX: recaptured after retry product closure; prior_sha=0fb6db6f105f16854b56d09ed7a403a896e7867dec355c85daaf19e5c6fcb54a
k-tour-id-app/tests/visual/ondo-b-flow-pixels-desktop.spec.ts-snapshots/B-PX-DISCOVERY-RESET-CONFIRM-EN-FL-007-FL-008-FL-009-en-1440x1000-desktop-chromium-darwin.png	3b3c32d032f6ad0a77d2e951e2f174dae50df101688a4e52caeb839ebdbffc19	1440	1000	1440x1000	B-PX-DISCOVERY-RESET-CONFIRM-EN	DISCOVERY-RESET-CONFIRM	FL-007,FL-008,FL-009	en	CANDIDATE	R5R-NEW:D4-R5R-001; new closure state registered at 6 exact viewports
k-tour-id-app/tests/visual/ondo-b-flow-pixels-desktop.spec.ts-snapshots/B-PX-FEEDBACK-KO-FL-003-FL-015-ko-1440x1000-desktop-chromium-darwin.png	815895c48e57d7bcf9699780fe874ee4350d1a42f35e80dc4580ffcf88222877	1440	1000	1440x1000	B-PX-FEEDBACK-KO	FEEDBACK	FL-003,FL-015	ko	CANDIDATE	R5R-FIX: recaptured after retry product closure; prior_sha=7f4fed1842f313a7226a99b911f8545cf61f94f9be05a5c076c2f014e91bdf76
k-tour-id-app/tests/visual/ondo-b-flow-pixels-desktop.spec.ts-snapshots/B-PX-GATE-ACCOUNT-FAIL-KO-FL-010-ko-1440x1000-desktop-chromium-darwin.png	c5e412712576343d8a978bae436cd729debaa82d8ad7d92246f605f059c507a4	1440	1000	1440x1000	B-PX-GATE-ACCOUNT-FAIL-KO	GATE-ACCOUNT-FAIL	FL-010	ko	CANDIDATE	R5R-FIX: recaptured after retry product closure; prior_sha=768d2579e872eac1868ec3bd747cb8a046d4633b99a54751cf13a158f97b7d0b
k-tour-id-app/tests/visual/ondo-b-flow-pixels-desktop.spec.ts-snapshots/B-PX-GATE-AGE-FAIL-KO-FL-002-FL-013-ko-1440x1000-desktop-chromium-darwin.png	7c8a189053004cc70a7489b3ed9f1fbe31be747c3d0971669e0162bffbd233bd	1440	1000	1440x1000	B-PX-GATE-AGE-FAIL-KO	GATE-AGE-FAIL	FL-002,FL-013	ko	CANDIDATE	R5R-FIX: recaptured after retry product closure; prior_sha=e7abe11d5e3ac8820d7b38f8b995cd45d6e859448542df206a80b4af66a99c6f
k-tour-id-app/tests/visual/ondo-b-flow-pixels-desktop.spec.ts-snapshots/B-PX-GATE-PAYMENT-EN-FL-017-en-1440x1000-desktop-chromium-darwin.png	041da866128a2d17e1aac8bd1300f771d76e4ae9c165e0bb7d808ed648b9c7c5	1440	1000	1440x1000	B-PX-GATE-PAYMENT-EN	GATE-PAYMENT	FL-017	en	CANDIDATE	R5R-FIX: recaptured after retry product closure; prior_sha=8c69b64272a70fe10019c514fb301b6daa8c0b90be3d763f323084ed67d90ac3
k-tour-id-app/tests/visual/ondo-b-flow-pixels-desktop.spec.ts-snapshots/B-PX-GATE-PAYMENT-FAIL-KO-FL-017-ko-1440x1000-desktop-chromium-darwin.png	b671243f5130aa1017dbd8211190c26479b254b3d4dee6094fd9719e5b1aa622	1440	1000	1440x1000	B-PX-GATE-PAYMENT-FAIL-KO	GATE-PAYMENT-FAIL	FL-017	ko	CANDIDATE	R5R-FIX: recaptured after retry product closure; prior_sha=7673d0477d74ed096f9c9e7beffdb75ab214d68c1aad2f0f4b76280dbc2e1e3b
k-tour-id-app/tests/visual/ondo-b-flow-pixels-desktop.spec.ts-snapshots/B-PX-GATE-PERSON-CX-KO-FL-005-ko-1440x1000-desktop-chromium-darwin.png	ecd32a54f9fa827f659d85cd8a22f6131babfcf60031ac57265c246fdb3d80fa	1440	1000	1440x1000	B-PX-GATE-PERSON-CX-KO	GATE-PERSON-CX	FL-005	ko	CANDIDATE	R5R-FIX: recaptured after retry product closure; prior_sha=86c6e65434a209d60cc9b51a5bf3e7edd587c0af0438404093a7b7d9e2d252d2
k-tour-id-app/tests/visual/ondo-b-flow-pixels-desktop.spec.ts-snapshots/B-PX-GATE-PERSON-PASSPORT-EN-FL-006-FL-012-en-1440x1000-desktop-chromium-darwin.png	521f1879d9cf22a2825fc2554d589497cda67d861c0816742559a75f5963dab1	1440	1000	1440x1000	B-PX-GATE-PERSON-PASSPORT-EN	GATE-PERSON-PASSPORT	FL-006,FL-012	en	CANDIDATE	R5R-FIX: recaptured after retry product closure; prior_sha=76de3ec1a56ce47508061a1b5b07d4713ee3e84a2026f798645d13d9add10bbe
k-tour-id-app/tests/visual/ondo-b-flow-pixels-desktop.spec.ts-snapshots/B-PX-GATE-RESIDENCE-UNSUPPORTED-EN-FL-006-en-1440x1000-desktop-chromium-darwin.png	906bc4a21c0b38c0bf52f5aace384ad5bd42f21f67bb85d8c24484d9046beac1	1440	1000	1440x1000	B-PX-GATE-RESIDENCE-UNSUPPORTED-EN	GATE-PERSON-RESIDENCE-UNSUPPORTED	FL-006	en	CANDIDATE	R5R-FIX: recaptured after retry product closure; prior_sha=40100ecf21383cac029a89d5a51a0bacfd21b47c67cf6f3ee8ed03f38812b373
k-tour-id-app/tests/visual/ondo-b-flow-pixels-desktop.spec.ts-snapshots/B-PX-LABS-BRIDGE-FAIL-EN-FL-018-en-1440x1000-desktop-chromium-darwin.png	931238c9627340db6330ebdd5431863ac6b8cbfd5358959c8642911010242bb8	1440	1000	1440x1000	B-PX-LABS-BRIDGE-FAIL-EN	LABS-BRIDGE-FAIL	FL-018	en	CANDIDATE	R5R-FIX: recaptured after retry product closure; prior_sha=5a3fcf1b4c2ca3a0b834514122ace056271cae73e7ec11cb0a8b207a129df73a
k-tour-id-app/tests/visual/ondo-b-flow-pixels-desktop.spec.ts-snapshots/B-PX-LABS-BRIDGE-SUCCESS-EN-FL-018-en-1440x1000-desktop-chromium-darwin.png	9f2589b2e3aa0c3b2ad712589e8463ebca477e1a37946ca6eca53297f7c6df6a	1440	1000	1440x1000	B-PX-LABS-BRIDGE-SUCCESS-EN	LABS-BRIDGE-SUCCESS	FL-018	en	CANDIDATE	R5R-FIX: recaptured after retry product closure; prior_sha=b2a6cda9e3317745791a1817d8046f51e32ec9605d5ef2dc47aea283538f4abb
k-tour-id-app/tests/visual/ondo-b-flow-pixels-desktop.spec.ts-snapshots/B-PX-LABS-EN-FL-004-FL-016-FL-018-en-1440x1000-desktop-chromium-darwin.png	bba712a128dfc43e557561d6d3a78c41df5bd16389bc7fefff8cf518d6617a6f	1440	1000	1440x1000	B-PX-LABS-EN	LABS	FL-004,FL-016,FL-018	en	CANDIDATE	R5R-FIX: recaptured after retry product closure; prior_sha=34e0e192e5ff5e75b5d773d884522789f974e17402a6c98a13368d0e8708728f
k-tour-id-app/tests/visual/ondo-b-flow-pixels-desktop.spec.ts-snapshots/B-PX-LABS-TRAIT-FAIL-KO-FL-016-ko-1440x1000-desktop-chromium-darwin.png	66801a904f098a6594b9c7fdb75fdf0735013b0590f784dfb89c10f431c8922c	1440	1000	1440x1000	B-PX-LABS-TRAIT-FAIL-KO	LABS-TRAIT-FAIL	FL-016	ko	CANDIDATE	R5R-FIX: recaptured after retry product closure; prior_sha=2821fd2d73e9a903532073d1d1ee213c780f31271fa7570061ae22b3bd8ddd7b
k-tour-id-app/tests/visual/ondo-b-flow-pixels-desktop.spec.ts-snapshots/B-PX-LOCAL-SIGNAL-EMPTY-EN-FL-012-en-1440x1000-desktop-chromium-darwin.png	f228f3b9c1efea78247b505f8a3df84001f228caa9250691a72a046298b5a569	1440	1000	1440x1000	B-PX-LOCAL-SIGNAL-EMPTY-EN	LOCAL-SIGNAL-EMPTY	FL-012	en	CANDIDATE	R5R-FIX: recaptured after retry product closure; prior_sha=ea0b6d0d616863b3affed881784c31cec2a72049952dd2fdfdadf2692431c31d
k-tour-id-app/tests/visual/ondo-b-flow-pixels-desktop.spec.ts-snapshots/B-PX-LOCAL-SIGNAL-FAIL-KO-FL-012-ko-1440x1000-desktop-chromium-darwin.png	a64cdb8bfd69e01c373bab6342b2fd8a5d3e944969c447d4be90f71c1eaac567	1440	1000	1440x1000	B-PX-LOCAL-SIGNAL-FAIL-KO	LOCAL-SIGNAL-FAIL	FL-012	ko	CANDIDATE	R5R-FIX: recaptured after retry product closure; prior_sha=de924213565c7cc2f5aa86293b851748c014a527ad9e68873fdd2f966a79e6d3
k-tour-id-app/tests/visual/ondo-b-flow-pixels-desktop.spec.ts-snapshots/B-PX-LOCAL-SIGNAL-SUCCESS-EN-FL-012-FL-015-en-1440x1000-desktop-chromium-darwin.png	c8b37a219ceb1aa221f2ba1c5be5c287937cb856bf942fda3609b8dd967d4a69	1440	1000	1440x1000	B-PX-LOCAL-SIGNAL-SUCCESS-EN	LOCAL-SIGNAL-SUCCESS	FL-012,FL-015	en	CANDIDATE	R5R-FIX: recaptured after retry product closure; prior_sha=4e2734a8812a6ede3c4700accf071c889ff02291e9e9743cb117eeb79e2c9b55
k-tour-id-app/tests/visual/ondo-b-flow-pixels-desktop.spec.ts-snapshots/B-PX-MY-EN-FL-004-FL-011-FL-015-en-1440x1000-desktop-chromium-darwin.png	0ba9f394e6cbbf6d5c5f8731b3c16da31b75ece2084b449fcd2afb1d1d970e53	1440	1000	1440x1000	B-PX-MY-EN	MY	FL-004,FL-011,FL-015	en	CANDIDATE	R5R-FIX: recaptured after retry product closure; prior_sha=8b425956eadb16254d485cb9de94ca51c4a21dd9b791c2e9749e1231494c440c
k-tour-id-app/tests/visual/ondo-b-flow-pixels-desktop.spec.ts-snapshots/B-PX-NATION-EN-FL-001-en-1440x1000-desktop-chromium-darwin.png	ff91b29aa50750d003130525eabdafb38128babf378f3ab8df69d926abe4b5dd	1440	1000	1440x1000	B-PX-NATION-EN	NATION	FL-001	en	CANDIDATE	R5R-FIX: recaptured after retry product closure; prior_sha=4ab8633750e53163649849059190fd23c3f95460c923b03bd88dcb61b6e4dbab
k-tour-id-app/tests/visual/ondo-b-flow-pixels-desktop.spec.ts-snapshots/B-PX-NATION-KO-FL-001-ko-1440x1000-desktop-chromium-darwin.png	b8183c9812379c49465d6c294681433f4578a17202eff51aa515a057a8c6746c	1440	1000	1440x1000	B-PX-NATION-KO	NATION	FL-001	ko	CANDIDATE	R5R-FIX: recaptured after retry product closure; prior_sha=ba6d29701112bf36b9e12a9ff108e0b7522a73c177cd5f91b3c1121d14b576a3
k-tour-id-app/tests/visual/ondo-b-flow-pixels-desktop.spec.ts-snapshots/B-PX-ONBOARDING-PERSONAS-KO-FL-007-FL-008-FL-009-ko-1440x1000-desktop-chromium-darwin.png	a3864f20eb86354824a8746ae6a779acda8be4c5392ab98f387ab61785353368	1440	1000	1440x1000	B-PX-ONBOARDING-PERSONAS-KO	ONBOARDING-PERSONAS	FL-007,FL-008,FL-009	ko	CANDIDATE	R5R-FIX: recaptured after retry product closure; prior_sha=ca6cd1d130524d26f2268c941591669e5e61e1b82d0176ddb43df0eb757de115
k-tour-id-app/tests/visual/ondo-b-flow-pixels-desktop.spec.ts-snapshots/B-PX-ONBOARDING-PREFERENCES-EN-FL-007-FL-008-FL-009-en-1440x1000-desktop-chromium-darwin.png	f2d83c2f48b78636bc4b32e48d76e6c244a40dd826ba8c5c42b1e58da37faf89	1440	1000	1440x1000	B-PX-ONBOARDING-PREFERENCES-EN	ONBOARDING-PREFERENCES	FL-007,FL-008,FL-009	en	CANDIDATE	R5R-FIX: recaptured after retry product closure; prior_sha=888b307eb2503bc1d005a4c8ccfc1978fa44bf3cff7aa61c06e175330815e83b
k-tour-id-app/tests/visual/ondo-b-flow-pixels-desktop.spec.ts-snapshots/B-PX-ONBOARDING-VALUE-EN-FL-007-FL-008-FL-009-en-1440x1000-desktop-chromium-darwin.png	11833dc3584e8d68a346c5637943b0b5d42506cf8c60bbed6e324e2f0c8417f6	1440	1000	1440x1000	B-PX-ONBOARDING-VALUE-EN	ONBOARDING-VALUE	FL-007,FL-008,FL-009	en	CANDIDATE	R5R-FIX: recaptured after retry product closure; prior_sha=c78b1093b52f196fe1aa8f57fc523b7ee0e2d53de80df393e9923944b07d0f5f
k-tour-id-app/tests/visual/ondo-b-flow-pixels-desktop.spec.ts-snapshots/B-PX-PLACE-DETAIL-EN-FL-001-FL-010-FL-011-FL-012-FL-016-en-1440x1000-desktop-chromium-darwin.png	b956dd93f0541e661e25658dfb134d536b20b74d19098cc2f9fdd57219c0faa7	1440	1000	1440x1000	B-PX-PLACE-DETAIL-EN	PLACE-DETAIL	FL-001,FL-010,FL-011,FL-012,FL-016	en	CANDIDATE	R5R-FIX: recaptured after retry product closure; prior_sha=7fb29636ed342416f96f68bb520d2798d43806581fb4ab7460748a32ab24f940
k-tour-id-app/tests/visual/ondo-b-flow-pixels-desktop.spec.ts-snapshots/B-PX-PLACE-PEEK-EN-FL-001-en-1440x1000-desktop-chromium-darwin.png	e455a10a8a259c40b860aab3b8cdad10443332bedf24f67069e5a100904a99c3	1440	1000	1440x1000	B-PX-PLACE-PEEK-EN	PLACE-PEEK	FL-001	en	CANDIDATE	R5R-FIX+HARNESS: product closure plus a9b3193 canonical direct-entry/map-ready setup; prior_sha=c8a71c9321c0243be2687bc59c1e69514ae98422117c6fbf14839f7b604f3486
k-tour-id-app/tests/visual/ondo-b-flow-pixels-desktop.spec.ts-snapshots/B-PX-PROFILE-KO-FL-015-ko-1440x1000-desktop-chromium-darwin.png	0dfaa773b1c51ee2c9e3ede2c535f77d7eee52b0c2f88b710977c5d6c09c75cf	1440	1000	1440x1000	B-PX-PROFILE-KO	PROFILE	FL-015	ko	CANDIDATE	R5R-FIX: recaptured after retry product closure; prior_sha=4e44da0fc0d2bed0983207a4157dfeced9207e49be909c57d34aae651f2e0d6c
k-tour-id-app/tests/visual/ondo-b-flow-pixels-desktop.spec.ts-snapshots/B-PX-REPORT-EN-FL-003-en-1440x1000-desktop-chromium-darwin.png	d961f20b09c0ff19e4c9a3b742c6748e6be6ec235590e451cd414576bf21e772	1440	1000	1440x1000	B-PX-REPORT-EN	REPORT	FL-003	en	CANDIDATE	R5R-FIX: recaptured after retry product closure; prior_sha=89fb203a4bb6b290bb4257faf48bb7fd657d736dba378b3658df15735712a317
k-tour-id-app/tests/visual/ondo-b-flow-pixels-desktop.spec.ts-snapshots/B-PX-SAVE-FAILURE-EN-FL-011-en-1440x1000-desktop-chromium-darwin.png	6d7a86b3cc94ee4ee7ae5d61bd3bcfc54972db1d591b4d002377fee611344b10	1440	1000	1440x1000	B-PX-SAVE-FAILURE-EN	SAVE-FAILURE	FL-011	en	CANDIDATE	R5R-FIX: recaptured after retry product closure; prior_sha=7e1abe7e346bc29cb6ad55afd70a198cdc75291eb13ba375f2df8989ef8028a1
k-tour-id-app/tests/visual/ondo-b-flow-pixels-desktop.spec.ts-snapshots/B-PX-SAVE-RECOVERED-KO-FL-011-ko-1440x1000-desktop-chromium-darwin.png	4ccf6dd45b0910be803a92d6f140cbd366382ead0200aa39de39034f870e259f	1440	1000	1440x1000	B-PX-SAVE-RECOVERED-KO	SAVE-RECOVERED	FL-011	ko	CANDIDATE	R5R-FIX: recaptured after retry product closure; prior_sha=e95a90f474ae7e3ac9995e8a6268b8949cb702f466e234aef9916c3ce42c95dd
k-tour-id-app/tests/visual/ondo-b-flow-pixels-desktop.spec.ts-snapshots/B-PX-SESSION-RESET-CONFIRM-KO-FL-010-FL-015-ko-1440x1000-desktop-chromium-darwin.png	58f1f1e2a20a4a805945c86fa4c4bd0feff6b7d203570aef02c96d86c856fdfa	1440	1000	1440x1000	B-PX-SESSION-RESET-CONFIRM-KO	SESSION-RESET-CONFIRM	FL-010,FL-015	ko	CANDIDATE	R5R-NEW:D4-R5R-001; new closure state registered at 6 exact viewports
k-tour-id-app/tests/visual/ondo-b-flow-pixels-desktop.spec.ts-snapshots/B-PX-TABLE-DETAIL-KO-FL-003-ko-1440x1000-desktop-chromium-darwin.png	f43314a520d47b360a8abeb3746231c204b504128f2af3b1d7f4fb0780789cb8	1440	1000	1440x1000	B-PX-TABLE-DETAIL-KO	TABLE-DETAIL	FL-003	ko	CANDIDATE	R5R-FIX: recaptured after retry product closure; prior_sha=50040877608975ad32010ee6735de889bf4f829c1558fb9703c565b22d7f3e3c
k-tour-id-app/tests/visual/ondo-b-flow-pixels-desktop.spec.ts-snapshots/B-PX-TABLE-JOIN-FAIL-EN-FL-003-en-1440x1000-desktop-chromium-darwin.png	f63536674bb4c24273fb49c6f511c1b090c6e422b8ab2705e204d10cc1315ee0	1440	1000	1440x1000	B-PX-TABLE-JOIN-FAIL-EN	TABLE-JOIN-FAIL	FL-003	en	CANDIDATE	R5R-FIX: recaptured after retry product closure; prior_sha=7c7c22d0438ba5ea8b4a58c7b80d3b6fd202246adae59b71f787414e611c3d98
k-tour-id-app/tests/visual/ondo-b-flow-pixels-desktop.spec.ts-snapshots/B-PX-TABLES-LIST-EN-FL-003-en-1440x1000-desktop-chromium-darwin.png	eb319a3f279eb9ffe4101b59e4f6c6adff2696cc631c2f25aefa6b86ba94ef60	1440	1000	1440x1000	B-PX-TABLES-LIST-EN	TABLES-LIST	FL-003	en	CANDIDATE	R5R-FIX: recaptured after retry product closure; prior_sha=dceb002ab7fdd6427e6b809030de743f92524d05da82e817acbffa52c679a40a
k-tour-id-app/tests/visual/ondo-b-flow-pixels-desktop.spec.ts-snapshots/B-PX-TABLES-VENUE-EMPTY-EN-FL-003-en-1440x1000-desktop-chromium-darwin.png	9d45b51aa604da0f7af2df2ee4fbb511190260f167c43b0a7f682ff2d9d9e860	1440	1000	1440x1000	B-PX-TABLES-VENUE-EMPTY-EN	TABLES-VENUE-EMPTY	FL-003	en	CANDIDATE	R5R-FIX: recaptured after retry product closure; prior_sha=c7fbc1f5c15fecec93d8c473de0f035e0b8a46f671d9f366dd2097949ddcdffd
k-tour-id-app/tests/visual/ondo-b-flow-pixels-desktop.spec.ts-snapshots/B-PX-TRUST-FOUR-AXES-EN-FL-003-FL-012-FL-015-en-1440x1000-desktop-chromium-darwin.png	15c37a4bbee47e4bc0be5650897e9dc4d3a470feefb53829e9f0d378a473395b	1440	1000	1440x1000	B-PX-TRUST-FOUR-AXES-EN	TRUST-FOUR-AXES	FL-003,FL-012,FL-015	en	CANDIDATE	R5R-FIX: recaptured after retry product closure; prior_sha=050556db2fa6bf4e084a8b2048ab773bce8ca62a6c1a9ea5119516d474210fa9
k-tour-id-app/tests/visual/ondo-b-flow-pixels-mobile.spec.ts-snapshots/B-PX-AFTER19-EXPIRED-REASON-EN-FL-014-en-390x844-mobile-chromium-darwin.png	99413d0c979bb800fce50d15bedc455b196fe02d9fb1418b662ece29b81770aa	390	844	390x844	B-PX-AFTER19-EXPIRED-REASON-EN	AFTER19-EXPIRED-REASON	FL-014	en	CANDIDATE	R5R-NEW:R5R-D5-003; new closure state registered at 6 exact viewports
k-tour-id-app/tests/visual/ondo-b-flow-pixels-mobile.spec.ts-snapshots/B-PX-AFTER19-PROMPT-EN-FL-013-en-390x844-mobile-chromium-darwin.png	26afd579465a4b4159ab8e79dcac2dee54612833fd207eafda55a02492df32e8	390	844	390x844	B-PX-AFTER19-PROMPT-EN	AFTER19-PROMPT	FL-013	en	CANDIDATE	R5R-CARRY: byte-identical to frozen f1ec9b0c baseline
k-tour-id-app/tests/visual/ondo-b-flow-pixels-mobile.spec.ts-snapshots/B-PX-AFTER19-VENUE-LOCKED-EN-FL-002-en-390x844-mobile-chromium-darwin.png	534b695d3db2059240c377a83ac59c615282f643b97aae7658669e001b0debf2	390	844	390x844	B-PX-AFTER19-VENUE-LOCKED-EN	AFTER19-VENUE-LOCKED	FL-002	en	CANDIDATE	R5R-CARRY: byte-identical to frozen f1ec9b0c baseline
k-tour-id-app/tests/visual/ondo-b-flow-pixels-mobile.spec.ts-snapshots/B-PX-AFTER19-VENUE-RETURN-EN-FL-002-FL-013-FL-014-en-390x844-mobile-chromium-darwin.png	79f108b89210f9190004402fe4f91e3f0af99641daacc38d4434c8bd987b73b9	390	844	390x844	B-PX-AFTER19-VENUE-RETURN-EN	AFTER19-VENUE-RETURN	FL-002,FL-013,FL-014	en	CANDIDATE	R5R-CARRY: byte-identical to frozen f1ec9b0c baseline
k-tour-id-app/tests/visual/ondo-b-flow-pixels-mobile.spec.ts-snapshots/B-PX-CHAT-EN-FL-003-en-390x844-mobile-chromium-darwin.png	bd057b73f432664ffc3e9fee08830731ffdd053e34e0382a0785e85463b1de3e	390	844	390x844	B-PX-CHAT-EN	CHAT	FL-003	en	CANDIDATE	R5R-CARRY: byte-identical to frozen f1ec9b0c baseline
k-tour-id-app/tests/visual/ondo-b-flow-pixels-mobile.spec.ts-snapshots/B-PX-CHAT-IMAGE-FAIL-EN-FL-003-en-390x844-mobile-chromium-darwin.png	dadc6fe0d3f1034516c52f28704e82789864f6b6885e390d1443874da7740276	390	844	390x844	B-PX-CHAT-IMAGE-FAIL-EN	CHAT-IMAGE-FAIL	FL-003	en	CANDIDATE	R5R-CARRY: byte-identical to frozen f1ec9b0c baseline
k-tour-id-app/tests/visual/ondo-b-flow-pixels-mobile.spec.ts-snapshots/B-PX-CHECKOUT-CANCEL-KO-FL-004-ko-390x844-mobile-chromium-darwin.png	166c3e8aa049a89467fce654fcc886b5c7ebb54d31c21cb86838b02850f6984a	390	844	390x844	B-PX-CHECKOUT-CANCEL-KO	CHECKOUT-CANCEL	FL-004	ko	CANDIDATE	R5R-CARRY: byte-identical to frozen f1ec9b0c baseline
k-tour-id-app/tests/visual/ondo-b-flow-pixels-mobile.spec.ts-snapshots/B-PX-CHECKOUT-FAIL-EN-FL-004-en-390x844-mobile-chromium-darwin.png	584447b78b7c400fd775ad7120b18f241affcd59ad44036b46382abe5c68228d	390	844	390x844	B-PX-CHECKOUT-FAIL-EN	CHECKOUT-FAIL	FL-004	en	CANDIDATE	R5R-CARRY: byte-identical to frozen f1ec9b0c baseline
k-tour-id-app/tests/visual/ondo-b-flow-pixels-mobile.spec.ts-snapshots/B-PX-CHECKOUT-IDLE-EN-FL-004-FL-017-en-390x844-mobile-chromium-darwin.png	636ec3af9b3d658f7ce96b00017ad4a6f1129d5a42878a82ba0b844ca934b878	390	844	390x844	B-PX-CHECKOUT-IDLE-EN	CHECKOUT-IDLE	FL-004,FL-017	en	CANDIDATE	R5R-CARRY: byte-identical to frozen f1ec9b0c baseline
k-tour-id-app/tests/visual/ondo-b-flow-pixels-mobile.spec.ts-snapshots/B-PX-CHECKOUT-RECEIPT-EN-FL-004-en-390x844-mobile-chromium-darwin.png	9aa8bcdc2240b2c5e3eabe890b79fc06d4e24d601991e7b1c406826c7abc1eae	390	844	390x844	B-PX-CHECKOUT-RECEIPT-EN	CHECKOUT-RECEIPT	FL-004	en	CANDIDATE	R5R-CARRY: byte-identical to frozen f1ec9b0c baseline
k-tour-id-app/tests/visual/ondo-b-flow-pixels-mobile.spec.ts-snapshots/B-PX-CHECKOUT-STAMP-KO-FL-004-ko-390x844-mobile-chromium-darwin.png	07c192af69ee7e47a25ece81158ac5ca3c00897200a346f87cf54bab9d3a5152	390	844	390x844	B-PX-CHECKOUT-STAMP-KO	CHECKOUT-STAMP	FL-004	ko	CANDIDATE	R5R-CARRY: byte-identical to frozen f1ec9b0c baseline
k-tour-id-app/tests/visual/ondo-b-flow-pixels-mobile.spec.ts-snapshots/B-PX-CITY-FALLBACK-KO-FL-001-ko-390x844-mobile-chromium-darwin.png	f399d5ff6abbc79b178efd59b82f166dcd60c5f5f13b489e64493b0cdc93bbe0	390	844	390x844	B-PX-CITY-FALLBACK-KO	CITY-FALLBACK	FL-001	ko	CANDIDATE	R5R-FIX: recaptured after retry product closure; prior_sha=d9bf97a99be7323b86dae4d995017f5dbc305d8f819f4a38c5e60a6ef012e610
k-tour-id-app/tests/visual/ondo-b-flow-pixels-mobile.spec.ts-snapshots/B-PX-CITY-FILTERED-MAP-EN-FL-001-en-390x844-mobile-chromium-darwin.png	fc6716fffa2fa38882fcf739587e2c814c95a04ed58c0f1dd4637f18a985f00d	390	844	390x844	B-PX-CITY-FILTERED-MAP-EN	CITY-FILTERED-MAP	FL-001	en	CANDIDATE	R5R-CARRY: byte-identical to frozen f1ec9b0c baseline
k-tour-id-app/tests/visual/ondo-b-flow-pixels-mobile.spec.ts-snapshots/B-PX-CITY-LIST-EN-FL-001-en-390x844-mobile-chromium-darwin.png	562a9781ea1d956dfb8acbadb728ee00eaa34917d3a74b01bc4af64b00955763	390	844	390x844	B-PX-CITY-LIST-EN	CITY-LIST	FL-001	en	CANDIDATE	R5R-CARRY: byte-identical to frozen f1ec9b0c baseline
k-tour-id-app/tests/visual/ondo-b-flow-pixels-mobile.spec.ts-snapshots/B-PX-CITY-LIVE-EN-FL-001-FL-014-en-390x844-mobile-chromium-darwin.png	34d73262d89c0c0b01b013d5c39d6e60523a5e30583da48e28180961e52c508b	390	844	390x844	B-PX-CITY-LIVE-EN	CITY-LIVE	FL-001,FL-014	en	CANDIDATE	R5R-CARRY: byte-identical to frozen f1ec9b0c baseline
k-tour-id-app/tests/visual/ondo-b-flow-pixels-mobile.spec.ts-snapshots/B-PX-CITY-LIVE-KO-FL-001-FL-014-ko-390x844-mobile-chromium-darwin.png	7bb9b70f91fc721c7f28f6b51ee4d85ad8eb7a38a4775a8baae490ee1e1394f4	390	844	390x844	B-PX-CITY-LIVE-KO	CITY-LIVE	FL-001,FL-014	ko	CANDIDATE	R5R-CARRY: byte-identical to frozen f1ec9b0c baseline
k-tour-id-app/tests/visual/ondo-b-flow-pixels-mobile.spec.ts-snapshots/B-PX-DISCOVERY-RESET-CONFIRM-EN-FL-007-FL-008-FL-009-en-390x844-mobile-chromium-darwin.png	a3471df7e728a9d81deee39473281618f77e72ab2909c7710007527a841f2e13	390	844	390x844	B-PX-DISCOVERY-RESET-CONFIRM-EN	DISCOVERY-RESET-CONFIRM	FL-007,FL-008,FL-009	en	CANDIDATE	R5R-NEW:D4-R5R-001; new closure state registered at 6 exact viewports
k-tour-id-app/tests/visual/ondo-b-flow-pixels-mobile.spec.ts-snapshots/B-PX-FEEDBACK-KO-FL-003-FL-015-ko-390x844-mobile-chromium-darwin.png	fb8cf614b0629f9f75502efc2777b10eff27964f1bba027a87edaa2cb842ce71	390	844	390x844	B-PX-FEEDBACK-KO	FEEDBACK	FL-003,FL-015	ko	CANDIDATE	R5R-CARRY: byte-identical to frozen f1ec9b0c baseline
k-tour-id-app/tests/visual/ondo-b-flow-pixels-mobile.spec.ts-snapshots/B-PX-GATE-ACCOUNT-FAIL-KO-FL-010-ko-390x844-mobile-chromium-darwin.png	9c6e3d86e7e8254545cbf718d32a308ca088d484b9619b3d8931d45649c04b4a	390	844	390x844	B-PX-GATE-ACCOUNT-FAIL-KO	GATE-ACCOUNT-FAIL	FL-010	ko	CANDIDATE	R5R-CARRY: byte-identical to frozen f1ec9b0c baseline
k-tour-id-app/tests/visual/ondo-b-flow-pixels-mobile.spec.ts-snapshots/B-PX-GATE-AGE-FAIL-KO-FL-002-FL-013-ko-390x844-mobile-chromium-darwin.png	3d917dc8621cd4d9fbe5a9a46e6ce43e504773b7523962de7da3b38824337833	390	844	390x844	B-PX-GATE-AGE-FAIL-KO	GATE-AGE-FAIL	FL-002,FL-013	ko	CANDIDATE	R5R-CARRY: byte-identical to frozen f1ec9b0c baseline
k-tour-id-app/tests/visual/ondo-b-flow-pixels-mobile.spec.ts-snapshots/B-PX-GATE-PAYMENT-EN-FL-017-en-390x844-mobile-chromium-darwin.png	68d2778dfc994929b73615348b68ef3f7c645e426452cd54573a4d0a5ac136d8	390	844	390x844	B-PX-GATE-PAYMENT-EN	GATE-PAYMENT	FL-017	en	CANDIDATE	R5R-CARRY: byte-identical to frozen f1ec9b0c baseline
k-tour-id-app/tests/visual/ondo-b-flow-pixels-mobile.spec.ts-snapshots/B-PX-GATE-PAYMENT-FAIL-KO-FL-017-ko-390x844-mobile-chromium-darwin.png	fca7e706345e5ec4c5408f283c43b6228d3aa8e9546bba9b307076b5382c37db	390	844	390x844	B-PX-GATE-PAYMENT-FAIL-KO	GATE-PAYMENT-FAIL	FL-017	ko	CANDIDATE	R5R-CARRY: byte-identical to frozen f1ec9b0c baseline
k-tour-id-app/tests/visual/ondo-b-flow-pixels-mobile.spec.ts-snapshots/B-PX-GATE-PERSON-CX-KO-FL-005-ko-390x844-mobile-chromium-darwin.png	fa22df671680617ef307b8b252c05ca02e7a4ab0bac77a9b0492d10b7ef6eead	390	844	390x844	B-PX-GATE-PERSON-CX-KO	GATE-PERSON-CX	FL-005	ko	CANDIDATE	R5R-CARRY: byte-identical to frozen f1ec9b0c baseline
k-tour-id-app/tests/visual/ondo-b-flow-pixels-mobile.spec.ts-snapshots/B-PX-GATE-PERSON-PASSPORT-EN-FL-006-FL-012-en-390x844-mobile-chromium-darwin.png	4047a59ced2b8987a7f80f898d973916f88c77e0ff6cd470ab8d105a5a4461b3	390	844	390x844	B-PX-GATE-PERSON-PASSPORT-EN	GATE-PERSON-PASSPORT	FL-006,FL-012	en	CANDIDATE	R5R-CARRY: byte-identical to frozen f1ec9b0c baseline
k-tour-id-app/tests/visual/ondo-b-flow-pixels-mobile.spec.ts-snapshots/B-PX-GATE-RESIDENCE-UNSUPPORTED-EN-FL-006-en-390x844-mobile-chromium-darwin.png	c0a6c179c259a8e212ebf03d7dfa55ad89d2b47b716ea6cf43018ebfbb6e78f2	390	844	390x844	B-PX-GATE-RESIDENCE-UNSUPPORTED-EN	GATE-PERSON-RESIDENCE-UNSUPPORTED	FL-006	en	CANDIDATE	R5R-CARRY: byte-identical to frozen f1ec9b0c baseline
k-tour-id-app/tests/visual/ondo-b-flow-pixels-mobile.spec.ts-snapshots/B-PX-LABS-BRIDGE-FAIL-EN-FL-018-en-390x844-mobile-chromium-darwin.png	e6d4a2f790023242dec84825985217597e2d562de317f521c59326a94a554815	390	844	390x844	B-PX-LABS-BRIDGE-FAIL-EN	LABS-BRIDGE-FAIL	FL-018	en	CANDIDATE	R5R-CARRY: byte-identical to frozen f1ec9b0c baseline
k-tour-id-app/tests/visual/ondo-b-flow-pixels-mobile.spec.ts-snapshots/B-PX-LABS-BRIDGE-SUCCESS-EN-FL-018-en-390x844-mobile-chromium-darwin.png	c5c0c593a8fe3cd9a4cdae37f3d353e0194cb2956706d8bba875e9191d84ff5a	390	844	390x844	B-PX-LABS-BRIDGE-SUCCESS-EN	LABS-BRIDGE-SUCCESS	FL-018	en	CANDIDATE	R5R-CARRY: byte-identical to frozen f1ec9b0c baseline
k-tour-id-app/tests/visual/ondo-b-flow-pixels-mobile.spec.ts-snapshots/B-PX-LABS-EN-FL-004-FL-016-FL-018-en-390x844-mobile-chromium-darwin.png	1782c746234b36aafe30dc9b22d390f199076c1d93866884b95636640ea0eea3	390	844	390x844	B-PX-LABS-EN	LABS	FL-004,FL-016,FL-018	en	CANDIDATE	R5R-CARRY: byte-identical to frozen f1ec9b0c baseline
k-tour-id-app/tests/visual/ondo-b-flow-pixels-mobile.spec.ts-snapshots/B-PX-LABS-TRAIT-FAIL-KO-FL-016-ko-390x844-mobile-chromium-darwin.png	0c0172fab893685050c9dbf9e7ef7aaeb4609f57e4f0e74778ae4444da669bae	390	844	390x844	B-PX-LABS-TRAIT-FAIL-KO	LABS-TRAIT-FAIL	FL-016	ko	CANDIDATE	R5R-CARRY: byte-identical to frozen f1ec9b0c baseline
k-tour-id-app/tests/visual/ondo-b-flow-pixels-mobile.spec.ts-snapshots/B-PX-LOCAL-SIGNAL-EMPTY-EN-FL-012-en-390x844-mobile-chromium-darwin.png	d30280da3a81e2b50142c2e576b09cab2965abb62cc770f34a8e48d77ef2606e	390	844	390x844	B-PX-LOCAL-SIGNAL-EMPTY-EN	LOCAL-SIGNAL-EMPTY	FL-012	en	CANDIDATE	R5R-CARRY: byte-identical to frozen f1ec9b0c baseline
k-tour-id-app/tests/visual/ondo-b-flow-pixels-mobile.spec.ts-snapshots/B-PX-LOCAL-SIGNAL-FAIL-KO-FL-012-ko-390x844-mobile-chromium-darwin.png	e2e2dc3a0dd1abbe98f262985b7eb65de51712439841d21e15634c983f9d5a01	390	844	390x844	B-PX-LOCAL-SIGNAL-FAIL-KO	LOCAL-SIGNAL-FAIL	FL-012	ko	CANDIDATE	R5R-CARRY: byte-identical to frozen f1ec9b0c baseline
k-tour-id-app/tests/visual/ondo-b-flow-pixels-mobile.spec.ts-snapshots/B-PX-LOCAL-SIGNAL-SUCCESS-EN-FL-012-FL-015-en-390x844-mobile-chromium-darwin.png	a9983596c0398e99d5ac6ced98b2b2e591faf86c6c97053d8cdd71c7d0161dde	390	844	390x844	B-PX-LOCAL-SIGNAL-SUCCESS-EN	LOCAL-SIGNAL-SUCCESS	FL-012,FL-015	en	CANDIDATE	R5R-CARRY: byte-identical to frozen f1ec9b0c baseline
k-tour-id-app/tests/visual/ondo-b-flow-pixels-mobile.spec.ts-snapshots/B-PX-MY-EN-FL-004-FL-011-FL-015-en-390x844-mobile-chromium-darwin.png	6eb510d46d1ce7f2a4d413328f7d3197809d67c94e2ae00f01d38eb82e5bc80f	390	844	390x844	B-PX-MY-EN	MY	FL-004,FL-011,FL-015	en	CANDIDATE	R5R-CARRY: byte-identical to frozen f1ec9b0c baseline
k-tour-id-app/tests/visual/ondo-b-flow-pixels-mobile.spec.ts-snapshots/B-PX-NATION-EN-FL-001-en-390x844-mobile-chromium-darwin.png	3d333448b30cb400935162c3f290808b07a29b78e7a9a6d3449a03751e4028d2	390	844	390x844	B-PX-NATION-EN	NATION	FL-001	en	CANDIDATE	R5R-CARRY: byte-identical to frozen f1ec9b0c baseline
k-tour-id-app/tests/visual/ondo-b-flow-pixels-mobile.spec.ts-snapshots/B-PX-NATION-KO-FL-001-ko-390x844-mobile-chromium-darwin.png	c63972fdd9745b09ab8d9b07e6fa375b036d1110d7d05806026f499990b977c5	390	844	390x844	B-PX-NATION-KO	NATION	FL-001	ko	CANDIDATE	R5R-CARRY: byte-identical to frozen f1ec9b0c baseline
k-tour-id-app/tests/visual/ondo-b-flow-pixels-mobile.spec.ts-snapshots/B-PX-ONBOARDING-PERSONAS-KO-FL-007-FL-008-FL-009-ko-390x844-mobile-chromium-darwin.png	7ea5a55be660086e3929ecf219039e03b8b3b9aceeaa55cdf585baf8b7780c25	390	844	390x844	B-PX-ONBOARDING-PERSONAS-KO	ONBOARDING-PERSONAS	FL-007,FL-008,FL-009	ko	CANDIDATE	R5R-CARRY: byte-identical to frozen f1ec9b0c baseline
k-tour-id-app/tests/visual/ondo-b-flow-pixels-mobile.spec.ts-snapshots/B-PX-ONBOARDING-PREFERENCES-EN-FL-007-FL-008-FL-009-en-390x844-mobile-chromium-darwin.png	f13d6dcdf074c73ee18139039df42b9ada41c30ac500c02a8edad80f3f51308a	390	844	390x844	B-PX-ONBOARDING-PREFERENCES-EN	ONBOARDING-PREFERENCES	FL-007,FL-008,FL-009	en	CANDIDATE	R5R-CARRY: byte-identical to frozen f1ec9b0c baseline
k-tour-id-app/tests/visual/ondo-b-flow-pixels-mobile.spec.ts-snapshots/B-PX-ONBOARDING-VALUE-EN-FL-007-FL-008-FL-009-en-390x844-mobile-chromium-darwin.png	3fef9f67a3e9845d512072c4df023593fab793ae091922db8341cdb444aed710	390	844	390x844	B-PX-ONBOARDING-VALUE-EN	ONBOARDING-VALUE	FL-007,FL-008,FL-009	en	CANDIDATE	R5R-CARRY: byte-identical to frozen f1ec9b0c baseline
k-tour-id-app/tests/visual/ondo-b-flow-pixels-mobile.spec.ts-snapshots/B-PX-PLACE-DETAIL-EN-FL-001-FL-010-FL-011-FL-012-FL-016-en-390x844-mobile-chromium-darwin.png	305a4a7807779ea8b5cfdc3a52ffc3532ec4fbe7018e979c67aa1bea53f8a88e	390	844	390x844	B-PX-PLACE-DETAIL-EN	PLACE-DETAIL	FL-001,FL-010,FL-011,FL-012,FL-016	en	CANDIDATE	R5R-CARRY: byte-identical to frozen f1ec9b0c baseline
k-tour-id-app/tests/visual/ondo-b-flow-pixels-mobile.spec.ts-snapshots/B-PX-PLACE-PEEK-EN-FL-001-en-390x844-mobile-chromium-darwin.png	975e48f1cb92cd37283c40b555d41bb2dfc3035a656bbef0783ebdfccb5d6912	390	844	390x844	B-PX-PLACE-PEEK-EN	PLACE-PEEK	FL-001	en	CANDIDATE	R5R-FIX+HARNESS: product closure plus a9b3193 canonical direct-entry/map-ready setup; prior_sha=0597978a83485150968c16549e8cfc36aa5fdb1b0794c32a8770d4a0ce589f0d
k-tour-id-app/tests/visual/ondo-b-flow-pixels-mobile.spec.ts-snapshots/B-PX-PROFILE-KO-FL-015-ko-390x844-mobile-chromium-darwin.png	91ba67d64d567a9b7355a38e7af566eac945ad922ac007769c9dcc6a21ab9b03	390	844	390x844	B-PX-PROFILE-KO	PROFILE	FL-015	ko	CANDIDATE	R5R-CARRY: byte-identical to frozen f1ec9b0c baseline
k-tour-id-app/tests/visual/ondo-b-flow-pixels-mobile.spec.ts-snapshots/B-PX-REPORT-EN-FL-003-en-390x844-mobile-chromium-darwin.png	43874ecb68b4d8f3a33b3d6d026c253aeff84f8f1c64cd76b438703479643301	390	844	390x844	B-PX-REPORT-EN	REPORT	FL-003	en	CANDIDATE	R5R-CARRY: byte-identical to frozen f1ec9b0c baseline
k-tour-id-app/tests/visual/ondo-b-flow-pixels-mobile.spec.ts-snapshots/B-PX-SAVE-FAILURE-EN-FL-011-en-390x844-mobile-chromium-darwin.png	0c2744cb592a29f98f1ef7a7b4f7bdd0e9545fbad9b4dd8140a7bf39cef53254	390	844	390x844	B-PX-SAVE-FAILURE-EN	SAVE-FAILURE	FL-011	en	CANDIDATE	R5R-CARRY: byte-identical to frozen f1ec9b0c baseline
k-tour-id-app/tests/visual/ondo-b-flow-pixels-mobile.spec.ts-snapshots/B-PX-SAVE-RECOVERED-KO-FL-011-ko-390x844-mobile-chromium-darwin.png	ad6487c17402295121bae5e428f30e78e38656a1eb42eec36b43ca1817416a36	390	844	390x844	B-PX-SAVE-RECOVERED-KO	SAVE-RECOVERED	FL-011	ko	CANDIDATE	R5R-CARRY: byte-identical to frozen f1ec9b0c baseline
k-tour-id-app/tests/visual/ondo-b-flow-pixels-mobile.spec.ts-snapshots/B-PX-SESSION-RESET-CONFIRM-KO-FL-010-FL-015-ko-390x844-mobile-chromium-darwin.png	09c2d9d24cfb701e85ae491e3904191c3b3ce0b1a02f348167ba76c37e6611fc	390	844	390x844	B-PX-SESSION-RESET-CONFIRM-KO	SESSION-RESET-CONFIRM	FL-010,FL-015	ko	CANDIDATE	R5R-NEW:D4-R5R-001; new closure state registered at 6 exact viewports
k-tour-id-app/tests/visual/ondo-b-flow-pixels-mobile.spec.ts-snapshots/B-PX-TABLE-DETAIL-KO-FL-003-ko-390x844-mobile-chromium-darwin.png	0b4c7630c2f2d0e60a182096d1a52e6a2dea72d1b6d86e26fd8a03d2d1b06eeb	390	844	390x844	B-PX-TABLE-DETAIL-KO	TABLE-DETAIL	FL-003	ko	CANDIDATE	R5R-CARRY: byte-identical to frozen f1ec9b0c baseline
k-tour-id-app/tests/visual/ondo-b-flow-pixels-mobile.spec.ts-snapshots/B-PX-TABLE-JOIN-FAIL-EN-FL-003-en-390x844-mobile-chromium-darwin.png	4f303640534664e7d22324b048ef28197fd1557660892ddb240142b853525d71	390	844	390x844	B-PX-TABLE-JOIN-FAIL-EN	TABLE-JOIN-FAIL	FL-003	en	CANDIDATE	R5R-CARRY: byte-identical to frozen f1ec9b0c baseline
k-tour-id-app/tests/visual/ondo-b-flow-pixels-mobile.spec.ts-snapshots/B-PX-TABLES-LIST-EN-FL-003-en-390x844-mobile-chromium-darwin.png	1698837fc1477f0b693cceab03464f1d1ac69b322c2203b19f5118e32706858d	390	844	390x844	B-PX-TABLES-LIST-EN	TABLES-LIST	FL-003	en	CANDIDATE	R5R-CARRY: byte-identical to frozen f1ec9b0c baseline
k-tour-id-app/tests/visual/ondo-b-flow-pixels-mobile.spec.ts-snapshots/B-PX-TABLES-VENUE-EMPTY-EN-FL-003-en-390x844-mobile-chromium-darwin.png	6e80a589f9ed38d644f4d5c83d674f4c01cabe81ad8bf5ed2211ded4983670d0	390	844	390x844	B-PX-TABLES-VENUE-EMPTY-EN	TABLES-VENUE-EMPTY	FL-003	en	CANDIDATE	R5R-CARRY: byte-identical to frozen f1ec9b0c baseline
k-tour-id-app/tests/visual/ondo-b-flow-pixels-mobile.spec.ts-snapshots/B-PX-TRUST-FOUR-AXES-EN-FL-003-FL-012-FL-015-en-390x844-mobile-chromium-darwin.png	39a0564480acfa57de0b2293d5e485631a37bb65add5b18840613d9a0a951bb8	390	844	390x844	B-PX-TRUST-FOUR-AXES-EN	TRUST-FOUR-AXES	FL-003,FL-012,FL-015	en	CANDIDATE	R5R-FIX: recaptured after retry product closure; prior_sha=225370ea7eca063816c3d7e9578ddc721e48bf04c2c1c0055148c3a4f7cee6ad
k-tour-id-app/tests/visual/ondo-b-flow-pixels-responsive.spec.ts-snapshots/B-PX-AFTER19-EXPIRED-REASON-EN-FL-014-en-360x800-desktop-chromium-darwin.png	4dc740209755cc92ce876d280023d37f3d8cbee56aac2ecd8abb9d0ca856203f	360	800	360x800	B-PX-AFTER19-EXPIRED-REASON-EN	AFTER19-EXPIRED-REASON	FL-014	en	CANDIDATE	R5R-NEW:R5R-D5-003; new closure state registered at 6 exact viewports
k-tour-id-app/tests/visual/ondo-b-flow-pixels-responsive.spec.ts-snapshots/B-PX-AFTER19-EXPIRED-REASON-EN-FL-014-en-430x932-desktop-chromium-darwin.png	e507f2303cc037057347323e93afec222fd98c2acb4be0cc00c62480715a47f7	430	932	430x932	B-PX-AFTER19-EXPIRED-REASON-EN	AFTER19-EXPIRED-REASON	FL-014	en	CANDIDATE	R5R-NEW:R5R-D5-003; new closure state registered at 6 exact viewports
k-tour-id-app/tests/visual/ondo-b-flow-pixels-responsive.spec.ts-snapshots/B-PX-AFTER19-EXPIRED-REASON-EN-FL-014-en-768x1024-desktop-chromium-darwin.png	9876683cc58925079b32f74c75cb73b5a094ddc9c6863dbf95e3049a56a8e04f	768	1024	768x1024	B-PX-AFTER19-EXPIRED-REASON-EN	AFTER19-EXPIRED-REASON	FL-014	en	CANDIDATE	R5R-NEW:R5R-D5-003; new closure state registered at 6 exact viewports
k-tour-id-app/tests/visual/ondo-b-flow-pixels-responsive.spec.ts-snapshots/B-PX-AFTER19-EXPIRED-REASON-EN-FL-014-en-801x1000-desktop-chromium-darwin.png	d50ca47edb12f9932613d8a226e05a54dbdc75e60946a59cce9c02bb8e66e6e3	801	1000	801x1000	B-PX-AFTER19-EXPIRED-REASON-EN	AFTER19-EXPIRED-REASON	FL-014	en	CANDIDATE	R5R-NEW:R5R-D5-003; new closure state registered at 6 exact viewports
k-tour-id-app/tests/visual/ondo-b-flow-pixels-responsive.spec.ts-snapshots/B-PX-AFTER19-PROMPT-EN-FL-013-en-360x800-desktop-chromium-darwin.png	bf75fa28e5fc2b1172269bceade17fed49d23a02f8ec1ab0e4a8a334bdfc7a52	360	800	360x800	B-PX-AFTER19-PROMPT-EN	AFTER19-PROMPT	FL-013	en	CANDIDATE	R5R-CARRY: byte-identical to frozen f1ec9b0c baseline
k-tour-id-app/tests/visual/ondo-b-flow-pixels-responsive.spec.ts-snapshots/B-PX-AFTER19-PROMPT-EN-FL-013-en-430x932-desktop-chromium-darwin.png	b6b971453a7436886a0813ab9c7a4361c376b0ff385d2ee37f831726a2525563	430	932	430x932	B-PX-AFTER19-PROMPT-EN	AFTER19-PROMPT	FL-013	en	CANDIDATE	R5R-CARRY: byte-identical to frozen f1ec9b0c baseline
k-tour-id-app/tests/visual/ondo-b-flow-pixels-responsive.spec.ts-snapshots/B-PX-AFTER19-PROMPT-EN-FL-013-en-768x1024-desktop-chromium-darwin.png	d30733d41689c24007ea89c2d42fb71f866c92e9674ca46c0a21838314a7203d	768	1024	768x1024	B-PX-AFTER19-PROMPT-EN	AFTER19-PROMPT	FL-013	en	CANDIDATE	R5R-CARRY: byte-identical to frozen f1ec9b0c baseline
k-tour-id-app/tests/visual/ondo-b-flow-pixels-responsive.spec.ts-snapshots/B-PX-AFTER19-PROMPT-EN-FL-013-en-801x1000-desktop-chromium-darwin.png	a4c2ae7ada0ca3d75831148f9755a002d19e4d6ede97716bd7db2309fced41ad	801	1000	801x1000	B-PX-AFTER19-PROMPT-EN	AFTER19-PROMPT	FL-013	en	CANDIDATE	R5R-FIX: recaptured after retry product closure; prior_sha=69e430cbe73d897078a34f96c531dad98a9adf7dc45b4bb6705cef56cb28bd26
k-tour-id-app/tests/visual/ondo-b-flow-pixels-responsive.spec.ts-snapshots/B-PX-AFTER19-VENUE-LOCKED-EN-FL-002-en-360x800-desktop-chromium-darwin.png	97a5bab43787df3719109bfe2d6045ca4551ac9fd8c616607f15c29c8fe787c6	360	800	360x800	B-PX-AFTER19-VENUE-LOCKED-EN	AFTER19-VENUE-LOCKED	FL-002	en	CANDIDATE	R5R-CARRY: byte-identical to frozen f1ec9b0c baseline
k-tour-id-app/tests/visual/ondo-b-flow-pixels-responsive.spec.ts-snapshots/B-PX-AFTER19-VENUE-LOCKED-EN-FL-002-en-430x932-desktop-chromium-darwin.png	779ae74f023c6ccbcf11fcafa1785c714c75292a5f19fddcbfa7eb0d69ed6ad6	430	932	430x932	B-PX-AFTER19-VENUE-LOCKED-EN	AFTER19-VENUE-LOCKED	FL-002	en	CANDIDATE	R5R-CARRY: byte-identical to frozen f1ec9b0c baseline
k-tour-id-app/tests/visual/ondo-b-flow-pixels-responsive.spec.ts-snapshots/B-PX-AFTER19-VENUE-LOCKED-EN-FL-002-en-768x1024-desktop-chromium-darwin.png	33e299f7ec6dbb6e26a093968ecaf402ad46b3db43dd30d0abb640afe633bd09	768	1024	768x1024	B-PX-AFTER19-VENUE-LOCKED-EN	AFTER19-VENUE-LOCKED	FL-002	en	CANDIDATE	R5R-FIX: recaptured after retry product closure; prior_sha=a26137890e9108c92b0352c237b52730b5aae5b1169133b1fcb33a3a4e70ebab
k-tour-id-app/tests/visual/ondo-b-flow-pixels-responsive.spec.ts-snapshots/B-PX-AFTER19-VENUE-LOCKED-EN-FL-002-en-801x1000-desktop-chromium-darwin.png	b08fdb24afee84d946f3ceb22ea082d3c2ed1ceca6726dc927a65594e1a57a72	801	1000	801x1000	B-PX-AFTER19-VENUE-LOCKED-EN	AFTER19-VENUE-LOCKED	FL-002	en	CANDIDATE	R5R-FIX: recaptured after retry product closure; prior_sha=e82a65f672ffeec76b542fdee8e13e95e15ab43fcea09bac98314de1d8841c25
k-tour-id-app/tests/visual/ondo-b-flow-pixels-responsive.spec.ts-snapshots/B-PX-AFTER19-VENUE-RETURN-EN-FL-002-FL-013-FL-014-en-360x800-desktop-chromium-darwin.png	2ddca33dfb36065baa541f12000b7759296df866d1ed92b4e1ed17c8acf3e5d7	360	800	360x800	B-PX-AFTER19-VENUE-RETURN-EN	AFTER19-VENUE-RETURN	FL-002,FL-013,FL-014	en	CANDIDATE	R5R-CARRY: byte-identical to frozen f1ec9b0c baseline
k-tour-id-app/tests/visual/ondo-b-flow-pixels-responsive.spec.ts-snapshots/B-PX-AFTER19-VENUE-RETURN-EN-FL-002-FL-013-FL-014-en-430x932-desktop-chromium-darwin.png	8505f6ac204cd5757417b3acba255cdd7b496fb04dcbd2f6db29b3bed001a1e6	430	932	430x932	B-PX-AFTER19-VENUE-RETURN-EN	AFTER19-VENUE-RETURN	FL-002,FL-013,FL-014	en	CANDIDATE	R5R-CARRY: byte-identical to frozen f1ec9b0c baseline
k-tour-id-app/tests/visual/ondo-b-flow-pixels-responsive.spec.ts-snapshots/B-PX-AFTER19-VENUE-RETURN-EN-FL-002-FL-013-FL-014-en-768x1024-desktop-chromium-darwin.png	160ba9e3d1b6afb076263c80e6ca3f8d882b7c58dc6d98540652e7ccbe69fbae	768	1024	768x1024	B-PX-AFTER19-VENUE-RETURN-EN	AFTER19-VENUE-RETURN	FL-002,FL-013,FL-014	en	CANDIDATE	R5R-FIX: recaptured after retry product closure; prior_sha=2fee7ed1b6b34e34e9f0815e9799862907c457375b6b52ce2063fdab4987185f
k-tour-id-app/tests/visual/ondo-b-flow-pixels-responsive.spec.ts-snapshots/B-PX-AFTER19-VENUE-RETURN-EN-FL-002-FL-013-FL-014-en-801x1000-desktop-chromium-darwin.png	c4bf281217fb4626afc0c94b73e98cd89ea0c36997de6f0db296112bcf975734	801	1000	801x1000	B-PX-AFTER19-VENUE-RETURN-EN	AFTER19-VENUE-RETURN	FL-002,FL-013,FL-014	en	CANDIDATE	R5R-FIX: recaptured after retry product closure; prior_sha=dbfd420d3ca724c2bfbe6866972f15b7a6e48a3c074803b30aaa055f0603926e
k-tour-id-app/tests/visual/ondo-b-flow-pixels-responsive.spec.ts-snapshots/B-PX-CHAT-EN-FL-003-en-360x800-desktop-chromium-darwin.png	d00c15913d1ccde59155bacb570de56e19872ffa3fcae0c13686fd813aa68057	360	800	360x800	B-PX-CHAT-EN	CHAT	FL-003	en	CANDIDATE	R5R-CARRY: byte-identical to frozen f1ec9b0c baseline
k-tour-id-app/tests/visual/ondo-b-flow-pixels-responsive.spec.ts-snapshots/B-PX-CHAT-EN-FL-003-en-430x932-desktop-chromium-darwin.png	ac4dc64d24415b0289557b27bb204b91d856b973dcf4173c01ad6296b2c54e20	430	932	430x932	B-PX-CHAT-EN	CHAT	FL-003	en	CANDIDATE	R5R-CARRY: byte-identical to frozen f1ec9b0c baseline
k-tour-id-app/tests/visual/ondo-b-flow-pixels-responsive.spec.ts-snapshots/B-PX-CHAT-EN-FL-003-en-768x1024-desktop-chromium-darwin.png	3696c96e6555079d15876b916ea427fac9c3f24ef87ac9e51c0b0e040d1e3b40	768	1024	768x1024	B-PX-CHAT-EN	CHAT	FL-003	en	CANDIDATE	R5R-FIX: recaptured after retry product closure; prior_sha=7df8d0d55bed2ec46341b6d5c3165a8fe309e81677941ca542947fd237f1047d
k-tour-id-app/tests/visual/ondo-b-flow-pixels-responsive.spec.ts-snapshots/B-PX-CHAT-EN-FL-003-en-801x1000-desktop-chromium-darwin.png	8f281dc2942c97f06ad0b5a1d6092ea5f6b9480b4cb1b24d1110c24a065d2fdb	801	1000	801x1000	B-PX-CHAT-EN	CHAT	FL-003	en	CANDIDATE	R5R-FIX: recaptured after retry product closure; prior_sha=61d2aa985c015ea00c8ae5a9fc03c636cb20c1b3f6bce9f9fe45e41ebc7964cd
k-tour-id-app/tests/visual/ondo-b-flow-pixels-responsive.spec.ts-snapshots/B-PX-CHAT-IMAGE-FAIL-EN-FL-003-en-360x800-desktop-chromium-darwin.png	9a6622c4416c68132de9028097c6e015a79f08337b861cf8914a82c03c007758	360	800	360x800	B-PX-CHAT-IMAGE-FAIL-EN	CHAT-IMAGE-FAIL	FL-003	en	CANDIDATE	R5R-CARRY: byte-identical to frozen f1ec9b0c baseline
k-tour-id-app/tests/visual/ondo-b-flow-pixels-responsive.spec.ts-snapshots/B-PX-CHAT-IMAGE-FAIL-EN-FL-003-en-430x932-desktop-chromium-darwin.png	937c13a2dec6158f12d0ac7b00545692c59e1297bd7abaaf237d3c15bc012cfe	430	932	430x932	B-PX-CHAT-IMAGE-FAIL-EN	CHAT-IMAGE-FAIL	FL-003	en	CANDIDATE	R5R-CARRY: byte-identical to frozen f1ec9b0c baseline
k-tour-id-app/tests/visual/ondo-b-flow-pixels-responsive.spec.ts-snapshots/B-PX-CHAT-IMAGE-FAIL-EN-FL-003-en-768x1024-desktop-chromium-darwin.png	2708f8451c4591518a5c07004f14ca20cce9385617833462a21e370760808ebf	768	1024	768x1024	B-PX-CHAT-IMAGE-FAIL-EN	CHAT-IMAGE-FAIL	FL-003	en	CANDIDATE	R5R-FIX: recaptured after retry product closure; prior_sha=44639b19323e4b29dcc7e0858a008eb25595e5c3fd868a90dd45345a560955cc
k-tour-id-app/tests/visual/ondo-b-flow-pixels-responsive.spec.ts-snapshots/B-PX-CHAT-IMAGE-FAIL-EN-FL-003-en-801x1000-desktop-chromium-darwin.png	cc4fad3c7f8e13c65056dbd46d6de2fe54aab692fb439a41e5e0c341d04cd5ff	801	1000	801x1000	B-PX-CHAT-IMAGE-FAIL-EN	CHAT-IMAGE-FAIL	FL-003	en	CANDIDATE	R5R-FIX: recaptured after retry product closure; prior_sha=180a3241e1771057d60ae21aa693aec23146fd2c6cec743768c51ff8fad4eed6
k-tour-id-app/tests/visual/ondo-b-flow-pixels-responsive.spec.ts-snapshots/B-PX-CHECKOUT-CANCEL-KO-FL-004-ko-360x800-desktop-chromium-darwin.png	e137c489883d6519812ac255bf8777826104ff21b2fb7887821307cebbdbac49	360	800	360x800	B-PX-CHECKOUT-CANCEL-KO	CHECKOUT-CANCEL	FL-004	ko	CANDIDATE	R5R-CARRY: byte-identical to frozen f1ec9b0c baseline
k-tour-id-app/tests/visual/ondo-b-flow-pixels-responsive.spec.ts-snapshots/B-PX-CHECKOUT-CANCEL-KO-FL-004-ko-430x932-desktop-chromium-darwin.png	b111c9cb636b361320201c7ae9da255494b50149631036240a83b8315ebb96e0	430	932	430x932	B-PX-CHECKOUT-CANCEL-KO	CHECKOUT-CANCEL	FL-004	ko	CANDIDATE	R5R-CARRY: byte-identical to frozen f1ec9b0c baseline
k-tour-id-app/tests/visual/ondo-b-flow-pixels-responsive.spec.ts-snapshots/B-PX-CHECKOUT-CANCEL-KO-FL-004-ko-768x1024-desktop-chromium-darwin.png	0cff4c051983e4352a1970fb77486d51635e77e56e68184e8926b18097b1f9b1	768	1024	768x1024	B-PX-CHECKOUT-CANCEL-KO	CHECKOUT-CANCEL	FL-004	ko	CANDIDATE	R5R-FIX: recaptured after retry product closure; prior_sha=b2ad9779f1cefd195ae27fd04d8a3a6e4448c22eedf72d14f88a537c28ac7d8b
k-tour-id-app/tests/visual/ondo-b-flow-pixels-responsive.spec.ts-snapshots/B-PX-CHECKOUT-CANCEL-KO-FL-004-ko-801x1000-desktop-chromium-darwin.png	60ac2c26f571c63fe24b9c47a1ddb47c1e7fac91064446f29f80a2f085487783	801	1000	801x1000	B-PX-CHECKOUT-CANCEL-KO	CHECKOUT-CANCEL	FL-004	ko	CANDIDATE	R5R-FIX: recaptured after retry product closure; prior_sha=6316ca4861427c80d1f2078c890000fa0182142f201857dd1b087357ee29b38a
k-tour-id-app/tests/visual/ondo-b-flow-pixels-responsive.spec.ts-snapshots/B-PX-CHECKOUT-FAIL-EN-FL-004-en-360x800-desktop-chromium-darwin.png	7cca108dd31f95889262dd8b3347e65c46661adc97177f5d849766f6cfe6ac76	360	800	360x800	B-PX-CHECKOUT-FAIL-EN	CHECKOUT-FAIL	FL-004	en	CANDIDATE	R5R-CARRY: byte-identical to frozen f1ec9b0c baseline
k-tour-id-app/tests/visual/ondo-b-flow-pixels-responsive.spec.ts-snapshots/B-PX-CHECKOUT-FAIL-EN-FL-004-en-430x932-desktop-chromium-darwin.png	844d473759862a326be1435aa3548843db840f41421dd003af60980f1b16d8c1	430	932	430x932	B-PX-CHECKOUT-FAIL-EN	CHECKOUT-FAIL	FL-004	en	CANDIDATE	R5R-CARRY: byte-identical to frozen f1ec9b0c baseline
k-tour-id-app/tests/visual/ondo-b-flow-pixels-responsive.spec.ts-snapshots/B-PX-CHECKOUT-FAIL-EN-FL-004-en-768x1024-desktop-chromium-darwin.png	66682eebae5b2c9b3dc30ada796128e35368e81012549c9de9bf5ba0b190f66c	768	1024	768x1024	B-PX-CHECKOUT-FAIL-EN	CHECKOUT-FAIL	FL-004	en	CANDIDATE	R5R-FIX: recaptured after retry product closure; prior_sha=71658947fa1f15d11d5d3895f0fbb03bd574711ccc12853f1fa93270cad4fe52
k-tour-id-app/tests/visual/ondo-b-flow-pixels-responsive.spec.ts-snapshots/B-PX-CHECKOUT-FAIL-EN-FL-004-en-801x1000-desktop-chromium-darwin.png	ac53bbf449e54c160313c00f422c8b27ed8438d625a5c1867044c593798ecaef	801	1000	801x1000	B-PX-CHECKOUT-FAIL-EN	CHECKOUT-FAIL	FL-004	en	CANDIDATE	R5R-FIX: recaptured after retry product closure; prior_sha=bb8a9539a8f2eb62a4dab20e6e696612e21f63c58ac93cc953522bb22f975114
k-tour-id-app/tests/visual/ondo-b-flow-pixels-responsive.spec.ts-snapshots/B-PX-CHECKOUT-IDLE-EN-FL-004-FL-017-en-360x800-desktop-chromium-darwin.png	949b9943f9c649b3045242c142bd63984131ef698ee72be19e3bddf7db92eb82	360	800	360x800	B-PX-CHECKOUT-IDLE-EN	CHECKOUT-IDLE	FL-004,FL-017	en	CANDIDATE	R5R-CARRY: byte-identical to frozen f1ec9b0c baseline
k-tour-id-app/tests/visual/ondo-b-flow-pixels-responsive.spec.ts-snapshots/B-PX-CHECKOUT-IDLE-EN-FL-004-FL-017-en-430x932-desktop-chromium-darwin.png	4f68eadc99cc04e17cf2b94f150017ac6cc7515688de2d517efbf512cd5b1d06	430	932	430x932	B-PX-CHECKOUT-IDLE-EN	CHECKOUT-IDLE	FL-004,FL-017	en	CANDIDATE	R5R-CARRY: byte-identical to frozen f1ec9b0c baseline
k-tour-id-app/tests/visual/ondo-b-flow-pixels-responsive.spec.ts-snapshots/B-PX-CHECKOUT-IDLE-EN-FL-004-FL-017-en-768x1024-desktop-chromium-darwin.png	4108d44b1ac29238b8ea8b3e24134f925ca99d31ad74ac97185b13fefdc397ab	768	1024	768x1024	B-PX-CHECKOUT-IDLE-EN	CHECKOUT-IDLE	FL-004,FL-017	en	CANDIDATE	R5R-FIX: recaptured after retry product closure; prior_sha=74bb5d7369ef4e274dd5baffe8bb4bf4ffe1f9d60d749a7daed37be6ace39896
k-tour-id-app/tests/visual/ondo-b-flow-pixels-responsive.spec.ts-snapshots/B-PX-CHECKOUT-IDLE-EN-FL-004-FL-017-en-801x1000-desktop-chromium-darwin.png	0995220d9dcd7a114bc5e1f6567152da4d9f059e8d16922ac2a6cc215e432806	801	1000	801x1000	B-PX-CHECKOUT-IDLE-EN	CHECKOUT-IDLE	FL-004,FL-017	en	CANDIDATE	R5R-FIX: recaptured after retry product closure; prior_sha=9fc69c7765688d8e9a7a38f1f04c6e300b1bf4b9392d1949f1a7a490c201b5a8
k-tour-id-app/tests/visual/ondo-b-flow-pixels-responsive.spec.ts-snapshots/B-PX-CHECKOUT-RECEIPT-EN-FL-004-en-360x800-desktop-chromium-darwin.png	0a47583b910728f915e228bfd204e8da9bd2681877d57dc15e8097645ee3e1e6	360	800	360x800	B-PX-CHECKOUT-RECEIPT-EN	CHECKOUT-RECEIPT	FL-004	en	CANDIDATE	R5R-CARRY: byte-identical to frozen f1ec9b0c baseline
k-tour-id-app/tests/visual/ondo-b-flow-pixels-responsive.spec.ts-snapshots/B-PX-CHECKOUT-RECEIPT-EN-FL-004-en-430x932-desktop-chromium-darwin.png	6b978ea69df074b5e253413b932f9e6404feece805380e9e8e92559352018b80	430	932	430x932	B-PX-CHECKOUT-RECEIPT-EN	CHECKOUT-RECEIPT	FL-004	en	CANDIDATE	R5R-CARRY: byte-identical to frozen f1ec9b0c baseline
k-tour-id-app/tests/visual/ondo-b-flow-pixels-responsive.spec.ts-snapshots/B-PX-CHECKOUT-RECEIPT-EN-FL-004-en-768x1024-desktop-chromium-darwin.png	c224d351a5bb54fd2074a6d82cba284d58c8dd8ac138040f20e849ee2a246264	768	1024	768x1024	B-PX-CHECKOUT-RECEIPT-EN	CHECKOUT-RECEIPT	FL-004	en	CANDIDATE	R5R-FIX: recaptured after retry product closure; prior_sha=4efa2c0011283428f23a49e47c783a884036ee67ce40b1b9c894d6fcc985813e
k-tour-id-app/tests/visual/ondo-b-flow-pixels-responsive.spec.ts-snapshots/B-PX-CHECKOUT-RECEIPT-EN-FL-004-en-801x1000-desktop-chromium-darwin.png	a795817584b7e1f5aaf14ca4688481bcf7a73173dc646eea29156f303d6f542b	801	1000	801x1000	B-PX-CHECKOUT-RECEIPT-EN	CHECKOUT-RECEIPT	FL-004	en	CANDIDATE	R5R-FIX: recaptured after retry product closure; prior_sha=8a01c3e9de44fd4557be070155fc8288d1031e8aa98eb1878bc4a4e76ca40df6
k-tour-id-app/tests/visual/ondo-b-flow-pixels-responsive.spec.ts-snapshots/B-PX-CHECKOUT-STAMP-KO-FL-004-ko-360x800-desktop-chromium-darwin.png	b32c6515ac4d1ad38b50965c29772e284856a76973e84474194bc373947cb126	360	800	360x800	B-PX-CHECKOUT-STAMP-KO	CHECKOUT-STAMP	FL-004	ko	CANDIDATE	R5R-CARRY: byte-identical to frozen f1ec9b0c baseline
k-tour-id-app/tests/visual/ondo-b-flow-pixels-responsive.spec.ts-snapshots/B-PX-CHECKOUT-STAMP-KO-FL-004-ko-430x932-desktop-chromium-darwin.png	12e35c369f47c0a081d60075c7872a1fd38c3ef15872e39630e27d22b1427077	430	932	430x932	B-PX-CHECKOUT-STAMP-KO	CHECKOUT-STAMP	FL-004	ko	CANDIDATE	R5R-CARRY: byte-identical to frozen f1ec9b0c baseline
k-tour-id-app/tests/visual/ondo-b-flow-pixels-responsive.spec.ts-snapshots/B-PX-CHECKOUT-STAMP-KO-FL-004-ko-768x1024-desktop-chromium-darwin.png	3f445c04137919ab15fc0df6c7bc2acafcf078857663dc174cc55d743885f50a	768	1024	768x1024	B-PX-CHECKOUT-STAMP-KO	CHECKOUT-STAMP	FL-004	ko	CANDIDATE	R5R-FIX: recaptured after retry product closure; prior_sha=25d9f950b6cae142ff09f74abc7cdea98e916959d21736f2d76ab5b2ec659aca
k-tour-id-app/tests/visual/ondo-b-flow-pixels-responsive.spec.ts-snapshots/B-PX-CHECKOUT-STAMP-KO-FL-004-ko-801x1000-desktop-chromium-darwin.png	259ead663e81794c2d10fd75ee3cbeb72542dc79bbf0727eb9d75d392e7a3913	801	1000	801x1000	B-PX-CHECKOUT-STAMP-KO	CHECKOUT-STAMP	FL-004	ko	CANDIDATE	R5R-FIX: recaptured after retry product closure; prior_sha=7d2c78c31533b33ae452f1999216ab7432b90d8cf43c20c910aeb2cb4676acd0
k-tour-id-app/tests/visual/ondo-b-flow-pixels-responsive.spec.ts-snapshots/B-PX-CITY-FALLBACK-KO-FL-001-ko-360x800-desktop-chromium-darwin.png	a5edb9ff807429b87ee358e68dd2934eebd7a28429b10865c3b57d61e449b118	360	800	360x800	B-PX-CITY-FALLBACK-KO	CITY-FALLBACK	FL-001	ko	CANDIDATE	R5R-FIX: recaptured after retry product closure; prior_sha=2a529334098d29b60a6dd0bafd46b34b809fd707fdc2e39889b9ad67b46c65ea
k-tour-id-app/tests/visual/ondo-b-flow-pixels-responsive.spec.ts-snapshots/B-PX-CITY-FALLBACK-KO-FL-001-ko-430x932-desktop-chromium-darwin.png	f0ec2af07e5eb2e17442df9252cd09f47b9d505456b4662e0043f131f97a0d08	430	932	430x932	B-PX-CITY-FALLBACK-KO	CITY-FALLBACK	FL-001	ko	CANDIDATE	R5R-FIX: recaptured after retry product closure; prior_sha=15c92f145de51c3f5dfa4c94d031066ec478226c9fed8bd160d9879560fd5f83
k-tour-id-app/tests/visual/ondo-b-flow-pixels-responsive.spec.ts-snapshots/B-PX-CITY-FALLBACK-KO-FL-001-ko-768x1024-desktop-chromium-darwin.png	1075d7fbdf8132337a6f819e40774e0a6c3f0781d48f6d97aa3dd3ed353c20e9	768	1024	768x1024	B-PX-CITY-FALLBACK-KO	CITY-FALLBACK	FL-001	ko	CANDIDATE	R5R-FIX: recaptured after retry product closure; prior_sha=cedb2a7434ed7d23018d30c1274fabf40a2bedddbe20d77ba15dd1e044c56c94
k-tour-id-app/tests/visual/ondo-b-flow-pixels-responsive.spec.ts-snapshots/B-PX-CITY-FALLBACK-KO-FL-001-ko-801x1000-desktop-chromium-darwin.png	1ac3cbfe607017a8064fff0ab1f5f833871164d408eb37c439a3b42a77094488	801	1000	801x1000	B-PX-CITY-FALLBACK-KO	CITY-FALLBACK	FL-001	ko	CANDIDATE	R5R-FIX: recaptured after retry product closure; prior_sha=248da294fa7be862a4d7345c158a3fdb42fbd683432d244a5819da2f9ec22fb3
k-tour-id-app/tests/visual/ondo-b-flow-pixels-responsive.spec.ts-snapshots/B-PX-CITY-FILTERED-MAP-EN-FL-001-en-360x800-desktop-chromium-darwin.png	91ef3f49774ef90970e8ff08fd1577f8a06bb2956af4dc79978f5b3dd5fe93b0	360	800	360x800	B-PX-CITY-FILTERED-MAP-EN	CITY-FILTERED-MAP	FL-001	en	CANDIDATE	R5R-CARRY: byte-identical to frozen f1ec9b0c baseline
k-tour-id-app/tests/visual/ondo-b-flow-pixels-responsive.spec.ts-snapshots/B-PX-CITY-FILTERED-MAP-EN-FL-001-en-430x932-desktop-chromium-darwin.png	dcb4becfe8b561aa4fa17df7e7b453c60d367e87d6b1970baa85d1d8f2080175	430	932	430x932	B-PX-CITY-FILTERED-MAP-EN	CITY-FILTERED-MAP	FL-001	en	CANDIDATE	R5R-CARRY: byte-identical to frozen f1ec9b0c baseline
k-tour-id-app/tests/visual/ondo-b-flow-pixels-responsive.spec.ts-snapshots/B-PX-CITY-FILTERED-MAP-EN-FL-001-en-768x1024-desktop-chromium-darwin.png	73d9ef3025d3e440811862073c9fea578b252cf3cf61fc1096401ce61fe6288b	768	1024	768x1024	B-PX-CITY-FILTERED-MAP-EN	CITY-FILTERED-MAP	FL-001	en	CANDIDATE	R5R-CARRY: byte-identical to frozen f1ec9b0c baseline
k-tour-id-app/tests/visual/ondo-b-flow-pixels-responsive.spec.ts-snapshots/B-PX-CITY-FILTERED-MAP-EN-FL-001-en-801x1000-desktop-chromium-darwin.png	bac126cc02e36c1f1a83053016d59215c410700d89eafd1f521b75c1cdc646c5	801	1000	801x1000	B-PX-CITY-FILTERED-MAP-EN	CITY-FILTERED-MAP	FL-001	en	CANDIDATE	R5R-FIX: recaptured after retry product closure; prior_sha=77c9eabbcf454220d2770844978f130a72e915f086dfad9bf710583232cf2414
k-tour-id-app/tests/visual/ondo-b-flow-pixels-responsive.spec.ts-snapshots/B-PX-CITY-LIST-EN-FL-001-en-360x800-desktop-chromium-darwin.png	abb30cfa3b8e9d6ca4b0a6c6c163238092a386986219d158f1a0a320aca9f5fe	360	800	360x800	B-PX-CITY-LIST-EN	CITY-LIST	FL-001	en	CANDIDATE	R5R-CARRY: byte-identical to frozen f1ec9b0c baseline
k-tour-id-app/tests/visual/ondo-b-flow-pixels-responsive.spec.ts-snapshots/B-PX-CITY-LIST-EN-FL-001-en-430x932-desktop-chromium-darwin.png	6a4b12fd59600f24fc32304c585e09090dcd1e0e765151e7fffc8a6c2ecd54b4	430	932	430x932	B-PX-CITY-LIST-EN	CITY-LIST	FL-001	en	CANDIDATE	R5R-CARRY: byte-identical to frozen f1ec9b0c baseline
k-tour-id-app/tests/visual/ondo-b-flow-pixels-responsive.spec.ts-snapshots/B-PX-CITY-LIST-EN-FL-001-en-768x1024-desktop-chromium-darwin.png	54dbd9758d5b01507b2b62cdbce347eb112b6e0b3adf598d1353a45d90d1db11	768	1024	768x1024	B-PX-CITY-LIST-EN	CITY-LIST	FL-001	en	CANDIDATE	R5R-CARRY: byte-identical to frozen f1ec9b0c baseline
k-tour-id-app/tests/visual/ondo-b-flow-pixels-responsive.spec.ts-snapshots/B-PX-CITY-LIST-EN-FL-001-en-801x1000-desktop-chromium-darwin.png	165664f237f1f302a87d908102ae351d6a46106777891740b96bfb1c947d8df9	801	1000	801x1000	B-PX-CITY-LIST-EN	CITY-LIST	FL-001	en	CANDIDATE	R5R-FIX: recaptured after retry product closure; prior_sha=d90ef4c13185643cd5265f29a073d6c35c375378cbcd4bed8e4cbdc908602ed4
k-tour-id-app/tests/visual/ondo-b-flow-pixels-responsive.spec.ts-snapshots/B-PX-CITY-LIVE-EN-FL-001-FL-014-en-360x800-desktop-chromium-darwin.png	b5d15e11852f861717bb5fa17d6359a2f5d4b35c759a52728d53541631eb64e2	360	800	360x800	B-PX-CITY-LIVE-EN	CITY-LIVE	FL-001,FL-014	en	CANDIDATE	R5R-CARRY: byte-identical to frozen f1ec9b0c baseline
k-tour-id-app/tests/visual/ondo-b-flow-pixels-responsive.spec.ts-snapshots/B-PX-CITY-LIVE-EN-FL-001-FL-014-en-430x932-desktop-chromium-darwin.png	0806e7bc4c92f09d02c8f1aef908310fdda303dff69fc5072909dd98751766f4	430	932	430x932	B-PX-CITY-LIVE-EN	CITY-LIVE	FL-001,FL-014	en	CANDIDATE	R5R-CARRY: byte-identical to frozen f1ec9b0c baseline
k-tour-id-app/tests/visual/ondo-b-flow-pixels-responsive.spec.ts-snapshots/B-PX-CITY-LIVE-EN-FL-001-FL-014-en-768x1024-desktop-chromium-darwin.png	a4df08ef41f273ee1830e3117d4978a6c23b89ec062440d68781227610731013	768	1024	768x1024	B-PX-CITY-LIVE-EN	CITY-LIVE	FL-001,FL-014	en	CANDIDATE	R5R-CARRY: byte-identical to frozen f1ec9b0c baseline
k-tour-id-app/tests/visual/ondo-b-flow-pixels-responsive.spec.ts-snapshots/B-PX-CITY-LIVE-EN-FL-001-FL-014-en-801x1000-desktop-chromium-darwin.png	aa80e2330b0f241c8aa5425640117fe0307370e1235044dfc109396782a9cc7f	801	1000	801x1000	B-PX-CITY-LIVE-EN	CITY-LIVE	FL-001,FL-014	en	CANDIDATE	R5R-FIX: recaptured after retry product closure; prior_sha=5ffdcbfc6dc841d209785fcda370061d84b3d51e13ca60388cdceb3ee0296998
k-tour-id-app/tests/visual/ondo-b-flow-pixels-responsive.spec.ts-snapshots/B-PX-CITY-LIVE-KO-FL-001-FL-014-ko-360x800-desktop-chromium-darwin.png	b9b6ceb89da3765e872703f5f1018fe83f3b8d0bdb83113b2d051bbb3ba82446	360	800	360x800	B-PX-CITY-LIVE-KO	CITY-LIVE	FL-001,FL-014	ko	CANDIDATE	R5R-CARRY: byte-identical to frozen f1ec9b0c baseline
k-tour-id-app/tests/visual/ondo-b-flow-pixels-responsive.spec.ts-snapshots/B-PX-CITY-LIVE-KO-FL-001-FL-014-ko-430x932-desktop-chromium-darwin.png	9de3890a512c9cd926b1a68d23432c50a1096880f1a6a026d7a7711fe5c72653	430	932	430x932	B-PX-CITY-LIVE-KO	CITY-LIVE	FL-001,FL-014	ko	CANDIDATE	R5R-CARRY: byte-identical to frozen f1ec9b0c baseline
k-tour-id-app/tests/visual/ondo-b-flow-pixels-responsive.spec.ts-snapshots/B-PX-CITY-LIVE-KO-FL-001-FL-014-ko-768x1024-desktop-chromium-darwin.png	1f0a9748d366673069f29df518f2f3717201b1d6fc49bf05753564db053f0b17	768	1024	768x1024	B-PX-CITY-LIVE-KO	CITY-LIVE	FL-001,FL-014	ko	CANDIDATE	R5R-CARRY: byte-identical to frozen f1ec9b0c baseline
k-tour-id-app/tests/visual/ondo-b-flow-pixels-responsive.spec.ts-snapshots/B-PX-CITY-LIVE-KO-FL-001-FL-014-ko-801x1000-desktop-chromium-darwin.png	5d230452b8e436b41ef6c83810093c32f9d6ab51e551652e642da109fea8bd74	801	1000	801x1000	B-PX-CITY-LIVE-KO	CITY-LIVE	FL-001,FL-014	ko	CANDIDATE	R5R-FIX: recaptured after retry product closure; prior_sha=a53b115a4ebaaefc0b93fa1df1dd09e2cfa065864f002648b29573d46f460128
k-tour-id-app/tests/visual/ondo-b-flow-pixels-responsive.spec.ts-snapshots/B-PX-DISCOVERY-RESET-CONFIRM-EN-FL-007-FL-008-FL-009-en-360x800-desktop-chromium-darwin.png	7c7d84a36a4bb64702649ebd3a4ca8e32886c6acc9ab4d66cd22faa81d62f41e	360	800	360x800	B-PX-DISCOVERY-RESET-CONFIRM-EN	DISCOVERY-RESET-CONFIRM	FL-007,FL-008,FL-009	en	CANDIDATE	R5R-NEW:D4-R5R-001; new closure state registered at 6 exact viewports
k-tour-id-app/tests/visual/ondo-b-flow-pixels-responsive.spec.ts-snapshots/B-PX-DISCOVERY-RESET-CONFIRM-EN-FL-007-FL-008-FL-009-en-430x932-desktop-chromium-darwin.png	5f66f4adfc810989540b07f6c3eed58a1510db343c8e4370cbd768d3960cfb14	430	932	430x932	B-PX-DISCOVERY-RESET-CONFIRM-EN	DISCOVERY-RESET-CONFIRM	FL-007,FL-008,FL-009	en	CANDIDATE	R5R-NEW:D4-R5R-001; new closure state registered at 6 exact viewports
k-tour-id-app/tests/visual/ondo-b-flow-pixels-responsive.spec.ts-snapshots/B-PX-DISCOVERY-RESET-CONFIRM-EN-FL-007-FL-008-FL-009-en-768x1024-desktop-chromium-darwin.png	abe3d36ee41b010ca910bce50fa1a357ea1d14e1f56f24b59d1098920e854fc7	768	1024	768x1024	B-PX-DISCOVERY-RESET-CONFIRM-EN	DISCOVERY-RESET-CONFIRM	FL-007,FL-008,FL-009	en	CANDIDATE	R5R-NEW:D4-R5R-001; new closure state registered at 6 exact viewports
k-tour-id-app/tests/visual/ondo-b-flow-pixels-responsive.spec.ts-snapshots/B-PX-DISCOVERY-RESET-CONFIRM-EN-FL-007-FL-008-FL-009-en-801x1000-desktop-chromium-darwin.png	f43c72273500bfbfa8feb9bd9eda7b56a14509a73606d967b5272dce436ec690	801	1000	801x1000	B-PX-DISCOVERY-RESET-CONFIRM-EN	DISCOVERY-RESET-CONFIRM	FL-007,FL-008,FL-009	en	CANDIDATE	R5R-NEW:D4-R5R-001; new closure state registered at 6 exact viewports
k-tour-id-app/tests/visual/ondo-b-flow-pixels-responsive.spec.ts-snapshots/B-PX-FEEDBACK-KO-FL-003-FL-015-ko-360x800-desktop-chromium-darwin.png	d5c0c6ecada39d85949a32a866541be525e11bbd65c636cc762d26991d171ef9	360	800	360x800	B-PX-FEEDBACK-KO	FEEDBACK	FL-003,FL-015	ko	CANDIDATE	R5R-CARRY: byte-identical to frozen f1ec9b0c baseline
k-tour-id-app/tests/visual/ondo-b-flow-pixels-responsive.spec.ts-snapshots/B-PX-FEEDBACK-KO-FL-003-FL-015-ko-430x932-desktop-chromium-darwin.png	fac0a48463c9a64481345f30c11747111b82a09f6f14fa0f39c10c4d6508f648	430	932	430x932	B-PX-FEEDBACK-KO	FEEDBACK	FL-003,FL-015	ko	CANDIDATE	R5R-CARRY: byte-identical to frozen f1ec9b0c baseline
k-tour-id-app/tests/visual/ondo-b-flow-pixels-responsive.spec.ts-snapshots/B-PX-FEEDBACK-KO-FL-003-FL-015-ko-768x1024-desktop-chromium-darwin.png	38bf225f1b51016763005eb171a74d2cf67abdac950b3f0ae8fbe400feeeae57	768	1024	768x1024	B-PX-FEEDBACK-KO	FEEDBACK	FL-003,FL-015	ko	CANDIDATE	R5R-FIX: recaptured after retry product closure; prior_sha=4331c9187652324fe47fb3114caf263363ca09468bf21e7e459c533b613f0c6f
k-tour-id-app/tests/visual/ondo-b-flow-pixels-responsive.spec.ts-snapshots/B-PX-FEEDBACK-KO-FL-003-FL-015-ko-801x1000-desktop-chromium-darwin.png	ed533dc5111bb175400db40081c775cf431761dfcd1135f3989338b19368d25a	801	1000	801x1000	B-PX-FEEDBACK-KO	FEEDBACK	FL-003,FL-015	ko	CANDIDATE	R5R-FIX: recaptured after retry product closure; prior_sha=766759866862c30cb7085c8583072771f308cf58c903fbdd20d05c7d5a9967c5
k-tour-id-app/tests/visual/ondo-b-flow-pixels-responsive.spec.ts-snapshots/B-PX-GATE-ACCOUNT-FAIL-KO-FL-010-ko-360x800-desktop-chromium-darwin.png	9dd299e3b61473b3f966e91006d426d654a54f276d7a96d745bd87ac068951f9	360	800	360x800	B-PX-GATE-ACCOUNT-FAIL-KO	GATE-ACCOUNT-FAIL	FL-010	ko	CANDIDATE	R5R-CARRY: byte-identical to frozen f1ec9b0c baseline
k-tour-id-app/tests/visual/ondo-b-flow-pixels-responsive.spec.ts-snapshots/B-PX-GATE-ACCOUNT-FAIL-KO-FL-010-ko-430x932-desktop-chromium-darwin.png	60ff86f257befb2626720bc23e16c58f10820a7bfae3a59417379b8fb4aed5cd	430	932	430x932	B-PX-GATE-ACCOUNT-FAIL-KO	GATE-ACCOUNT-FAIL	FL-010	ko	CANDIDATE	R5R-CARRY: byte-identical to frozen f1ec9b0c baseline
k-tour-id-app/tests/visual/ondo-b-flow-pixels-responsive.spec.ts-snapshots/B-PX-GATE-ACCOUNT-FAIL-KO-FL-010-ko-768x1024-desktop-chromium-darwin.png	2b318ba209a3a3c34281808f731170f321a8d5135f83bba9247bb2918447d122	768	1024	768x1024	B-PX-GATE-ACCOUNT-FAIL-KO	GATE-ACCOUNT-FAIL	FL-010	ko	CANDIDATE	R5R-FIX: recaptured after retry product closure; prior_sha=db96f832b0243e5d31064cafbd8cc390837257a0560f109f94d86d10e2652cf9
k-tour-id-app/tests/visual/ondo-b-flow-pixels-responsive.spec.ts-snapshots/B-PX-GATE-ACCOUNT-FAIL-KO-FL-010-ko-801x1000-desktop-chromium-darwin.png	82b05723e952106b8bc813106e4d5783c0cf2b4161d255152c8ea919696b15eb	801	1000	801x1000	B-PX-GATE-ACCOUNT-FAIL-KO	GATE-ACCOUNT-FAIL	FL-010	ko	CANDIDATE	R5R-FIX: recaptured after retry product closure; prior_sha=7ee83df0e3b3e62c0d539911c151eb052bda11cb460a4859d1126636b9a348a9
k-tour-id-app/tests/visual/ondo-b-flow-pixels-responsive.spec.ts-snapshots/B-PX-GATE-AGE-FAIL-KO-FL-002-FL-013-ko-360x800-desktop-chromium-darwin.png	3c7eb64e72ce97b824bd30742f6e7406a02ea63c43f9cddec977ad350c7cea0a	360	800	360x800	B-PX-GATE-AGE-FAIL-KO	GATE-AGE-FAIL	FL-002,FL-013	ko	CANDIDATE	R5R-CARRY: byte-identical to frozen f1ec9b0c baseline
k-tour-id-app/tests/visual/ondo-b-flow-pixels-responsive.spec.ts-snapshots/B-PX-GATE-AGE-FAIL-KO-FL-002-FL-013-ko-430x932-desktop-chromium-darwin.png	068fa84c5c75baa48f9458f1c75cdc9896f4267e4b6a6b77a6dc4b385f30d839	430	932	430x932	B-PX-GATE-AGE-FAIL-KO	GATE-AGE-FAIL	FL-002,FL-013	ko	CANDIDATE	R5R-CARRY: byte-identical to frozen f1ec9b0c baseline
k-tour-id-app/tests/visual/ondo-b-flow-pixels-responsive.spec.ts-snapshots/B-PX-GATE-AGE-FAIL-KO-FL-002-FL-013-ko-768x1024-desktop-chromium-darwin.png	f95a538fdbf6c5eae95c2230afbb4ebac7e1acd1eb2dd10b52ab6e7c391a0d41	768	1024	768x1024	B-PX-GATE-AGE-FAIL-KO	GATE-AGE-FAIL	FL-002,FL-013	ko	CANDIDATE	R5R-CARRY: byte-identical to frozen f1ec9b0c baseline
k-tour-id-app/tests/visual/ondo-b-flow-pixels-responsive.spec.ts-snapshots/B-PX-GATE-AGE-FAIL-KO-FL-002-FL-013-ko-801x1000-desktop-chromium-darwin.png	a2ad3c11191ec10a8e04ba4fbeeeb5442a60c8bee9e4e693ca925247346d62bc	801	1000	801x1000	B-PX-GATE-AGE-FAIL-KO	GATE-AGE-FAIL	FL-002,FL-013	ko	CANDIDATE	R5R-FIX: recaptured after retry product closure; prior_sha=7441f5a95ed4cbb9751a1c016efbedf12e809084ab97aa9fb5e51348f48dcc51
k-tour-id-app/tests/visual/ondo-b-flow-pixels-responsive.spec.ts-snapshots/B-PX-GATE-PAYMENT-EN-FL-017-en-360x800-desktop-chromium-darwin.png	b33186fe20682ee05129c96a8db28d6bed18795afa2cc084d3bff96fab79f1f4	360	800	360x800	B-PX-GATE-PAYMENT-EN	GATE-PAYMENT	FL-017	en	CANDIDATE	R5R-CARRY: byte-identical to frozen f1ec9b0c baseline
k-tour-id-app/tests/visual/ondo-b-flow-pixels-responsive.spec.ts-snapshots/B-PX-GATE-PAYMENT-EN-FL-017-en-430x932-desktop-chromium-darwin.png	9c9c8c93a39f8c4863d32214fe857494e55bd056f77382ab74f6099828246180	430	932	430x932	B-PX-GATE-PAYMENT-EN	GATE-PAYMENT	FL-017	en	CANDIDATE	R5R-CARRY: byte-identical to frozen f1ec9b0c baseline
k-tour-id-app/tests/visual/ondo-b-flow-pixels-responsive.spec.ts-snapshots/B-PX-GATE-PAYMENT-EN-FL-017-en-768x1024-desktop-chromium-darwin.png	1cc73720cb6807255d1fd1c447d983d2c463b93951a64b56e650ed0d2abd0a91	768	1024	768x1024	B-PX-GATE-PAYMENT-EN	GATE-PAYMENT	FL-017	en	CANDIDATE	R5R-FIX: recaptured after retry product closure; prior_sha=97becefd027720ae89c949a94d1070cf34e2b1eac55f8736167b1ef92334b91c
k-tour-id-app/tests/visual/ondo-b-flow-pixels-responsive.spec.ts-snapshots/B-PX-GATE-PAYMENT-EN-FL-017-en-801x1000-desktop-chromium-darwin.png	a00f1406fe0be803ad0c9e47eeed29777b5c47d6ad4254d31adb7bcb4ac00bdb	801	1000	801x1000	B-PX-GATE-PAYMENT-EN	GATE-PAYMENT	FL-017	en	CANDIDATE	R5R-FIX: recaptured after retry product closure; prior_sha=2e8fddc4a6a9c2a469fdac600d81ed8107ebd3251643664f27b54b03ffbb4186
k-tour-id-app/tests/visual/ondo-b-flow-pixels-responsive.spec.ts-snapshots/B-PX-GATE-PAYMENT-FAIL-KO-FL-017-ko-360x800-desktop-chromium-darwin.png	fa7cba34ed4c0547a8385bcab0f3821aadd0bbc393d0cc08df541d2029a00b5d	360	800	360x800	B-PX-GATE-PAYMENT-FAIL-KO	GATE-PAYMENT-FAIL	FL-017	ko	CANDIDATE	R5R-CARRY: byte-identical to frozen f1ec9b0c baseline
k-tour-id-app/tests/visual/ondo-b-flow-pixels-responsive.spec.ts-snapshots/B-PX-GATE-PAYMENT-FAIL-KO-FL-017-ko-430x932-desktop-chromium-darwin.png	305b5579aec548a695f137af7dd0481b18d740cc2fd2c6fc624ecf16f0274789	430	932	430x932	B-PX-GATE-PAYMENT-FAIL-KO	GATE-PAYMENT-FAIL	FL-017	ko	CANDIDATE	R5R-CARRY: byte-identical to frozen f1ec9b0c baseline
k-tour-id-app/tests/visual/ondo-b-flow-pixels-responsive.spec.ts-snapshots/B-PX-GATE-PAYMENT-FAIL-KO-FL-017-ko-768x1024-desktop-chromium-darwin.png	d53e3490b9ba42df68395db1549afd329fe9e3b1083f80c5fb339b5699d97ea9	768	1024	768x1024	B-PX-GATE-PAYMENT-FAIL-KO	GATE-PAYMENT-FAIL	FL-017	ko	CANDIDATE	R5R-FIX: recaptured after retry product closure; prior_sha=9e134f6c7f917fc8025dab6e5916942d61a537a206bbafd0881b69eb8b8bd041
k-tour-id-app/tests/visual/ondo-b-flow-pixels-responsive.spec.ts-snapshots/B-PX-GATE-PAYMENT-FAIL-KO-FL-017-ko-801x1000-desktop-chromium-darwin.png	76fed99cc84b300b2bf6a41017a54b6ad7596287aff9c7d071097c362f811fcf	801	1000	801x1000	B-PX-GATE-PAYMENT-FAIL-KO	GATE-PAYMENT-FAIL	FL-017	ko	CANDIDATE	R5R-FIX: recaptured after retry product closure; prior_sha=302d9e81748764582c884efd52a0fb0bb267aaaad9bb7e7aa6a3d54e45f9d14a
k-tour-id-app/tests/visual/ondo-b-flow-pixels-responsive.spec.ts-snapshots/B-PX-GATE-PERSON-CX-KO-FL-005-ko-360x800-desktop-chromium-darwin.png	22c461bd5db0dacee65a157704bf43bb047dbe5d994d1c809a9c97d7bfbbbbdb	360	800	360x800	B-PX-GATE-PERSON-CX-KO	GATE-PERSON-CX	FL-005	ko	CANDIDATE	R5R-CARRY: byte-identical to frozen f1ec9b0c baseline
k-tour-id-app/tests/visual/ondo-b-flow-pixels-responsive.spec.ts-snapshots/B-PX-GATE-PERSON-CX-KO-FL-005-ko-430x932-desktop-chromium-darwin.png	01e38ce2202cd5962d3ae88b5a04d34b1305147ccc73ece52259f1b27068ba39	430	932	430x932	B-PX-GATE-PERSON-CX-KO	GATE-PERSON-CX	FL-005	ko	CANDIDATE	R5R-CARRY: byte-identical to frozen f1ec9b0c baseline
k-tour-id-app/tests/visual/ondo-b-flow-pixels-responsive.spec.ts-snapshots/B-PX-GATE-PERSON-CX-KO-FL-005-ko-768x1024-desktop-chromium-darwin.png	cbe18cf2578dbcb3e63b79ea8a94e3a114241016df8ad29ce45684b4859a83ea	768	1024	768x1024	B-PX-GATE-PERSON-CX-KO	GATE-PERSON-CX	FL-005	ko	CANDIDATE	R5R-FIX: recaptured after retry product closure; prior_sha=4d5a64603bad0658c96c8c909515f2456e2a36b8a2b64112f2e8aa5ed9730de9
k-tour-id-app/tests/visual/ondo-b-flow-pixels-responsive.spec.ts-snapshots/B-PX-GATE-PERSON-CX-KO-FL-005-ko-801x1000-desktop-chromium-darwin.png	e54581feacad48f6c894f07c4ab775cfdb3211799a1da7607e95d442b45b164d	801	1000	801x1000	B-PX-GATE-PERSON-CX-KO	GATE-PERSON-CX	FL-005	ko	CANDIDATE	R5R-FIX: recaptured after retry product closure; prior_sha=d6589295fac2bb55d6e56d71f8fc10ff84cd5f9c800433dbccf3ced19b512244
k-tour-id-app/tests/visual/ondo-b-flow-pixels-responsive.spec.ts-snapshots/B-PX-GATE-PERSON-PASSPORT-EN-FL-006-FL-012-en-360x800-desktop-chromium-darwin.png	4574a2aa1c495afaecfa4458b44fb32e416a4610ab33b8572ee802b9df24ce6a	360	800	360x800	B-PX-GATE-PERSON-PASSPORT-EN	GATE-PERSON-PASSPORT	FL-006,FL-012	en	CANDIDATE	R5R-CARRY: byte-identical to frozen f1ec9b0c baseline
k-tour-id-app/tests/visual/ondo-b-flow-pixels-responsive.spec.ts-snapshots/B-PX-GATE-PERSON-PASSPORT-EN-FL-006-FL-012-en-430x932-desktop-chromium-darwin.png	783e9cd761230f7b3ee31b32b5ab64f8db7a3a02cc495081d307b3c659f1963d	430	932	430x932	B-PX-GATE-PERSON-PASSPORT-EN	GATE-PERSON-PASSPORT	FL-006,FL-012	en	CANDIDATE	R5R-CARRY: byte-identical to frozen f1ec9b0c baseline
k-tour-id-app/tests/visual/ondo-b-flow-pixels-responsive.spec.ts-snapshots/B-PX-GATE-PERSON-PASSPORT-EN-FL-006-FL-012-en-768x1024-desktop-chromium-darwin.png	736d8695744c5dba46317bec4320693116d9e28642d6a928aa496966867db707	768	1024	768x1024	B-PX-GATE-PERSON-PASSPORT-EN	GATE-PERSON-PASSPORT	FL-006,FL-012	en	CANDIDATE	R5R-FIX: recaptured after retry product closure; prior_sha=2dd4f55e82dcf1d67af6edd5f080b86ad7daa67768a2a21eb634ad14bdeafa55
k-tour-id-app/tests/visual/ondo-b-flow-pixels-responsive.spec.ts-snapshots/B-PX-GATE-PERSON-PASSPORT-EN-FL-006-FL-012-en-801x1000-desktop-chromium-darwin.png	ac23c3082f62133bc79799e8f0bcb80d9801ae7d0b6f2d690da5adaba5827543	801	1000	801x1000	B-PX-GATE-PERSON-PASSPORT-EN	GATE-PERSON-PASSPORT	FL-006,FL-012	en	CANDIDATE	R5R-FIX: recaptured after retry product closure; prior_sha=fe839d9827ca8d9062f69b9656deffc1a343820c68d32f1ffa21cf0a630d8e84
k-tour-id-app/tests/visual/ondo-b-flow-pixels-responsive.spec.ts-snapshots/B-PX-GATE-RESIDENCE-UNSUPPORTED-EN-FL-006-en-360x800-desktop-chromium-darwin.png	02fe19341bb1b823b433f35535c66a7a00a52df33cc0d07ce4e92f4c1409ff0c	360	800	360x800	B-PX-GATE-RESIDENCE-UNSUPPORTED-EN	GATE-PERSON-RESIDENCE-UNSUPPORTED	FL-006	en	CANDIDATE	R5R-CARRY: byte-identical to frozen f1ec9b0c baseline
k-tour-id-app/tests/visual/ondo-b-flow-pixels-responsive.spec.ts-snapshots/B-PX-GATE-RESIDENCE-UNSUPPORTED-EN-FL-006-en-430x932-desktop-chromium-darwin.png	5a2c5faf04e92fed6e74337a3a3aeab689bc14cc975534e9fdc2e2747048c563	430	932	430x932	B-PX-GATE-RESIDENCE-UNSUPPORTED-EN	GATE-PERSON-RESIDENCE-UNSUPPORTED	FL-006	en	CANDIDATE	R5R-CARRY: byte-identical to frozen f1ec9b0c baseline
k-tour-id-app/tests/visual/ondo-b-flow-pixels-responsive.spec.ts-snapshots/B-PX-GATE-RESIDENCE-UNSUPPORTED-EN-FL-006-en-768x1024-desktop-chromium-darwin.png	429ba83dd1e90717880d670b7a33570123fedb205035642ce69a929ebbd240ee	768	1024	768x1024	B-PX-GATE-RESIDENCE-UNSUPPORTED-EN	GATE-PERSON-RESIDENCE-UNSUPPORTED	FL-006	en	CANDIDATE	R5R-FIX: recaptured after retry product closure; prior_sha=7d5aa0db0e360b8c1e1df5b8531582dcd6e970fcb4350cc96d45579d7cd97235
k-tour-id-app/tests/visual/ondo-b-flow-pixels-responsive.spec.ts-snapshots/B-PX-GATE-RESIDENCE-UNSUPPORTED-EN-FL-006-en-801x1000-desktop-chromium-darwin.png	3388825b5f85d1d6e7e3f712a8914deddd25ed9eac914966e44561dd345d27a6	801	1000	801x1000	B-PX-GATE-RESIDENCE-UNSUPPORTED-EN	GATE-PERSON-RESIDENCE-UNSUPPORTED	FL-006	en	CANDIDATE	R5R-FIX: recaptured after retry product closure; prior_sha=0b0deb6baecdae28b7c6885b3ee4f6cee65f21ad716e37a0e2257ed9ff0e5abe
k-tour-id-app/tests/visual/ondo-b-flow-pixels-responsive.spec.ts-snapshots/B-PX-LABS-BRIDGE-FAIL-EN-FL-018-en-360x800-desktop-chromium-darwin.png	3a270764d61ca373422b6ddb153e9fdb02d8f3021b16ec9fa34f55ab5764cfda	360	800	360x800	B-PX-LABS-BRIDGE-FAIL-EN	LABS-BRIDGE-FAIL	FL-018	en	CANDIDATE	R5R-CARRY: byte-identical to frozen f1ec9b0c baseline
k-tour-id-app/tests/visual/ondo-b-flow-pixels-responsive.spec.ts-snapshots/B-PX-LABS-BRIDGE-FAIL-EN-FL-018-en-430x932-desktop-chromium-darwin.png	80957e5b19a13a6037043c5e735116b7072bb98d1012cf5feaa425c4f9b3fc68	430	932	430x932	B-PX-LABS-BRIDGE-FAIL-EN	LABS-BRIDGE-FAIL	FL-018	en	CANDIDATE	R5R-CARRY: byte-identical to frozen f1ec9b0c baseline
k-tour-id-app/tests/visual/ondo-b-flow-pixels-responsive.spec.ts-snapshots/B-PX-LABS-BRIDGE-FAIL-EN-FL-018-en-768x1024-desktop-chromium-darwin.png	c86387e3a99834f21a76016ae390e4aef7088c7912be5afaf9f4e75a1b116807	768	1024	768x1024	B-PX-LABS-BRIDGE-FAIL-EN	LABS-BRIDGE-FAIL	FL-018	en	CANDIDATE	R5R-FIX: recaptured after retry product closure; prior_sha=767bc9367b074324520745fd64b4aa9411c6f7d50654aa463aadda29627bccbe
k-tour-id-app/tests/visual/ondo-b-flow-pixels-responsive.spec.ts-snapshots/B-PX-LABS-BRIDGE-FAIL-EN-FL-018-en-801x1000-desktop-chromium-darwin.png	30fa3b474136d9279d996acaadebc9fdfa5808ddbf7e973cade4e670f7139f95	801	1000	801x1000	B-PX-LABS-BRIDGE-FAIL-EN	LABS-BRIDGE-FAIL	FL-018	en	CANDIDATE	R5R-FIX: recaptured after retry product closure; prior_sha=9bb151b50ef991b6453977c5126489ed88e85285d9a732c1bff39dde6a81468c
k-tour-id-app/tests/visual/ondo-b-flow-pixels-responsive.spec.ts-snapshots/B-PX-LABS-BRIDGE-SUCCESS-EN-FL-018-en-360x800-desktop-chromium-darwin.png	343bd55e65a13574407122bd650ecc8d0f7f4b68837a4135160b9104a6f2f708	360	800	360x800	B-PX-LABS-BRIDGE-SUCCESS-EN	LABS-BRIDGE-SUCCESS	FL-018	en	CANDIDATE	R5R-CARRY: byte-identical to frozen f1ec9b0c baseline
k-tour-id-app/tests/visual/ondo-b-flow-pixels-responsive.spec.ts-snapshots/B-PX-LABS-BRIDGE-SUCCESS-EN-FL-018-en-430x932-desktop-chromium-darwin.png	93545e1573c742c56b922c60a9b5dd4ab3f9cc55c354c75f8e5d8117eeba1e4e	430	932	430x932	B-PX-LABS-BRIDGE-SUCCESS-EN	LABS-BRIDGE-SUCCESS	FL-018	en	CANDIDATE	R5R-CARRY: byte-identical to frozen f1ec9b0c baseline
k-tour-id-app/tests/visual/ondo-b-flow-pixels-responsive.spec.ts-snapshots/B-PX-LABS-BRIDGE-SUCCESS-EN-FL-018-en-768x1024-desktop-chromium-darwin.png	1368d3cd8fcfb8b50f17641fee2af506b6ae872f4d6c23defaf649ce7d63ba74	768	1024	768x1024	B-PX-LABS-BRIDGE-SUCCESS-EN	LABS-BRIDGE-SUCCESS	FL-018	en	CANDIDATE	R5R-FIX: recaptured after retry product closure; prior_sha=050ebbc11af03e015a3ee154dc898cbe8774dd484001166ec4253835930f5677
k-tour-id-app/tests/visual/ondo-b-flow-pixels-responsive.spec.ts-snapshots/B-PX-LABS-BRIDGE-SUCCESS-EN-FL-018-en-801x1000-desktop-chromium-darwin.png	24162b1d990ef59ba4b68f979462cbdd737ee182a9bbb9415a1f0b7461234fd2	801	1000	801x1000	B-PX-LABS-BRIDGE-SUCCESS-EN	LABS-BRIDGE-SUCCESS	FL-018	en	CANDIDATE	R5R-FIX: recaptured after retry product closure; prior_sha=d8699f20494f6ae6511da6091cee3c0476f31d7ed55e8b0dfb5805dd13d4bc40
k-tour-id-app/tests/visual/ondo-b-flow-pixels-responsive.spec.ts-snapshots/B-PX-LABS-EN-FL-004-FL-016-FL-018-en-360x800-desktop-chromium-darwin.png	4857d8b80a6828c6e4a7fe721d6d3c7b24831b87d1e17f475c928fa7cf2475bf	360	800	360x800	B-PX-LABS-EN	LABS	FL-004,FL-016,FL-018	en	CANDIDATE	R5R-CARRY: byte-identical to frozen f1ec9b0c baseline
k-tour-id-app/tests/visual/ondo-b-flow-pixels-responsive.spec.ts-snapshots/B-PX-LABS-EN-FL-004-FL-016-FL-018-en-430x932-desktop-chromium-darwin.png	3fe6f1ed589cf97387dd52a850e022b4ff11555d5329b7503b5f88dc8b5abac9	430	932	430x932	B-PX-LABS-EN	LABS	FL-004,FL-016,FL-018	en	CANDIDATE	R5R-FIX: recaptured after retry product closure; prior_sha=a640ad2d606550b2140c7f24ad33a34be09128edefac9a829046de1a72602b94
k-tour-id-app/tests/visual/ondo-b-flow-pixels-responsive.spec.ts-snapshots/B-PX-LABS-EN-FL-004-FL-016-FL-018-en-768x1024-desktop-chromium-darwin.png	496dadd022fe70a95da70d3699e29cbea0714c8eea8f2ad974c8f670023a1670	768	1024	768x1024	B-PX-LABS-EN	LABS	FL-004,FL-016,FL-018	en	CANDIDATE	R5R-FIX: recaptured after retry product closure; prior_sha=300612b4d14368d36f00d51d3d4735abe437be77032da9b87bed144c5f2ad5b7
k-tour-id-app/tests/visual/ondo-b-flow-pixels-responsive.spec.ts-snapshots/B-PX-LABS-EN-FL-004-FL-016-FL-018-en-801x1000-desktop-chromium-darwin.png	2a1f7b8a052d0ad85ad37e2069782e69dd8b03b801462ad711f7a11daca94995	801	1000	801x1000	B-PX-LABS-EN	LABS	FL-004,FL-016,FL-018	en	CANDIDATE	R5R-FIX: recaptured after retry product closure; prior_sha=89f311ac15b65b57eb59b5fcfce2c09959a7ec26b2371649d235e574b39d526f
k-tour-id-app/tests/visual/ondo-b-flow-pixels-responsive.spec.ts-snapshots/B-PX-LABS-TRAIT-FAIL-KO-FL-016-ko-360x800-desktop-chromium-darwin.png	72d58df3116470ae94aa7a423cd4a6b921599d34ac8c7c732c56ef43a1834615	360	800	360x800	B-PX-LABS-TRAIT-FAIL-KO	LABS-TRAIT-FAIL	FL-016	ko	CANDIDATE	R5R-CARRY: byte-identical to frozen f1ec9b0c baseline
k-tour-id-app/tests/visual/ondo-b-flow-pixels-responsive.spec.ts-snapshots/B-PX-LABS-TRAIT-FAIL-KO-FL-016-ko-430x932-desktop-chromium-darwin.png	1e27407611f7aad70d561df477e53fc1f73bc7ee31a0883f9ad6036d3b528a36	430	932	430x932	B-PX-LABS-TRAIT-FAIL-KO	LABS-TRAIT-FAIL	FL-016	ko	CANDIDATE	R5R-CARRY: byte-identical to frozen f1ec9b0c baseline
k-tour-id-app/tests/visual/ondo-b-flow-pixels-responsive.spec.ts-snapshots/B-PX-LABS-TRAIT-FAIL-KO-FL-016-ko-768x1024-desktop-chromium-darwin.png	47397047f9e55f5b4d7d124ef05f2dd797e7574e0a5bc0ee3dfaf12bf73dbbf7	768	1024	768x1024	B-PX-LABS-TRAIT-FAIL-KO	LABS-TRAIT-FAIL	FL-016	ko	CANDIDATE	R5R-FIX: recaptured after retry product closure; prior_sha=ffc4a92c1854725ebe590370099358d4106b47c1cefee1a42a7f99ec1b1696d4
k-tour-id-app/tests/visual/ondo-b-flow-pixels-responsive.spec.ts-snapshots/B-PX-LABS-TRAIT-FAIL-KO-FL-016-ko-801x1000-desktop-chromium-darwin.png	f1d2b4fd546b4af74bd74f7186e2c84de6c3e3c6ca4c522abc6f1335d6b5eaea	801	1000	801x1000	B-PX-LABS-TRAIT-FAIL-KO	LABS-TRAIT-FAIL	FL-016	ko	CANDIDATE	R5R-FIX: recaptured after retry product closure; prior_sha=b43b95be8c40ff1dfd76d2f47a3f6601ec0a5f7d8b45886a81eb92b31b291fc2
k-tour-id-app/tests/visual/ondo-b-flow-pixels-responsive.spec.ts-snapshots/B-PX-LOCAL-SIGNAL-EMPTY-EN-FL-012-en-360x800-desktop-chromium-darwin.png	ff1a91be10cc89e87e4d84031b7d798363cfb59c9b0106eb7ba726328a9cf93f	360	800	360x800	B-PX-LOCAL-SIGNAL-EMPTY-EN	LOCAL-SIGNAL-EMPTY	FL-012	en	CANDIDATE	R5R-CARRY: byte-identical to frozen f1ec9b0c baseline
k-tour-id-app/tests/visual/ondo-b-flow-pixels-responsive.spec.ts-snapshots/B-PX-LOCAL-SIGNAL-EMPTY-EN-FL-012-en-430x932-desktop-chromium-darwin.png	d2fe704c7f6f7efe734f0cb9f550998a28a6ac471042a96682a91194b0563bee	430	932	430x932	B-PX-LOCAL-SIGNAL-EMPTY-EN	LOCAL-SIGNAL-EMPTY	FL-012	en	CANDIDATE	R5R-CARRY: byte-identical to frozen f1ec9b0c baseline
k-tour-id-app/tests/visual/ondo-b-flow-pixels-responsive.spec.ts-snapshots/B-PX-LOCAL-SIGNAL-EMPTY-EN-FL-012-en-768x1024-desktop-chromium-darwin.png	155e79a31a24933a14a9cb1eaa1294080a2e109acdf86a4cfe0eebc4cab90b99	768	1024	768x1024	B-PX-LOCAL-SIGNAL-EMPTY-EN	LOCAL-SIGNAL-EMPTY	FL-012	en	CANDIDATE	R5R-FIX: recaptured after retry product closure; prior_sha=6c856f4e95a6c620a624891b90c935b17a30da0854cf87e08c4031ff08f6be9d
k-tour-id-app/tests/visual/ondo-b-flow-pixels-responsive.spec.ts-snapshots/B-PX-LOCAL-SIGNAL-EMPTY-EN-FL-012-en-801x1000-desktop-chromium-darwin.png	30d925cc070bd1be81bc3509a78743e03aed0f7f691f1361a06e58a910d1f4b1	801	1000	801x1000	B-PX-LOCAL-SIGNAL-EMPTY-EN	LOCAL-SIGNAL-EMPTY	FL-012	en	CANDIDATE	R5R-FIX: recaptured after retry product closure; prior_sha=c2b64b2618a61f141e1aad8aea36900d1b95abb79050035e07f1088599006d96
k-tour-id-app/tests/visual/ondo-b-flow-pixels-responsive.spec.ts-snapshots/B-PX-LOCAL-SIGNAL-FAIL-KO-FL-012-ko-360x800-desktop-chromium-darwin.png	b2fecfd6734319df1696c810fa491ed43d4f0834503312138d4e6254c5aafd29	360	800	360x800	B-PX-LOCAL-SIGNAL-FAIL-KO	LOCAL-SIGNAL-FAIL	FL-012	ko	CANDIDATE	R5R-CARRY: byte-identical to frozen f1ec9b0c baseline
k-tour-id-app/tests/visual/ondo-b-flow-pixels-responsive.spec.ts-snapshots/B-PX-LOCAL-SIGNAL-FAIL-KO-FL-012-ko-430x932-desktop-chromium-darwin.png	cb8906f88d5d2005f6736c457e21979b5a88bcdf2cd160f970c3e4419bbb272a	430	932	430x932	B-PX-LOCAL-SIGNAL-FAIL-KO	LOCAL-SIGNAL-FAIL	FL-012	ko	CANDIDATE	R5R-CARRY: byte-identical to frozen f1ec9b0c baseline
k-tour-id-app/tests/visual/ondo-b-flow-pixels-responsive.spec.ts-snapshots/B-PX-LOCAL-SIGNAL-FAIL-KO-FL-012-ko-768x1024-desktop-chromium-darwin.png	18eb16325c707089875419d63468d2429dadb9f7a56209f049813517a78c5dcc	768	1024	768x1024	B-PX-LOCAL-SIGNAL-FAIL-KO	LOCAL-SIGNAL-FAIL	FL-012	ko	CANDIDATE	R5R-FIX: recaptured after retry product closure; prior_sha=800a3a418b1806174cc09f09742e20e43850deaab903155180255c63d82af35d
k-tour-id-app/tests/visual/ondo-b-flow-pixels-responsive.spec.ts-snapshots/B-PX-LOCAL-SIGNAL-FAIL-KO-FL-012-ko-801x1000-desktop-chromium-darwin.png	60788634bb57f652e5afd6000769f60cb964c7e8019fd964824910e5d4142938	801	1000	801x1000	B-PX-LOCAL-SIGNAL-FAIL-KO	LOCAL-SIGNAL-FAIL	FL-012	ko	CANDIDATE	R5R-FIX: recaptured after retry product closure; prior_sha=4ad404b3fe469a38ce694c6b1cf19691a8c3bbfce9e1f2b106dd6c0871856ea1
k-tour-id-app/tests/visual/ondo-b-flow-pixels-responsive.spec.ts-snapshots/B-PX-LOCAL-SIGNAL-SUCCESS-EN-FL-012-FL-015-en-360x800-desktop-chromium-darwin.png	ff41d78ea643ab5e7cc2909a67dd1f75a635dd6dd48e013f68863adff8e39152	360	800	360x800	B-PX-LOCAL-SIGNAL-SUCCESS-EN	LOCAL-SIGNAL-SUCCESS	FL-012,FL-015	en	CANDIDATE	R5R-CARRY: byte-identical to frozen f1ec9b0c baseline
k-tour-id-app/tests/visual/ondo-b-flow-pixels-responsive.spec.ts-snapshots/B-PX-LOCAL-SIGNAL-SUCCESS-EN-FL-012-FL-015-en-430x932-desktop-chromium-darwin.png	74a7803afe3cef28e1901961aeb018d32a07d604eabd4ebe7a42bfc66cfbe47e	430	932	430x932	B-PX-LOCAL-SIGNAL-SUCCESS-EN	LOCAL-SIGNAL-SUCCESS	FL-012,FL-015	en	CANDIDATE	R5R-CARRY: byte-identical to frozen f1ec9b0c baseline
k-tour-id-app/tests/visual/ondo-b-flow-pixels-responsive.spec.ts-snapshots/B-PX-LOCAL-SIGNAL-SUCCESS-EN-FL-012-FL-015-en-768x1024-desktop-chromium-darwin.png	a9ec2191d6baf2b310471dad088b06ce32bcc10c3fce9af5d5682678ff55493a	768	1024	768x1024	B-PX-LOCAL-SIGNAL-SUCCESS-EN	LOCAL-SIGNAL-SUCCESS	FL-012,FL-015	en	CANDIDATE	R5R-FIX: recaptured after retry product closure; prior_sha=ec6b317f4f9c9d9e6497eaac120fc82e0c1732b778f2d55d28a6fb90f3bfb66e
k-tour-id-app/tests/visual/ondo-b-flow-pixels-responsive.spec.ts-snapshots/B-PX-LOCAL-SIGNAL-SUCCESS-EN-FL-012-FL-015-en-801x1000-desktop-chromium-darwin.png	b0722cb3faf9cdeb499ea28a0f22bad09c54e59367f19540369c5fb2e0d683ca	801	1000	801x1000	B-PX-LOCAL-SIGNAL-SUCCESS-EN	LOCAL-SIGNAL-SUCCESS	FL-012,FL-015	en	CANDIDATE	R5R-FIX: recaptured after retry product closure; prior_sha=4c129b54351ddfd1e55087f32c6b45ff21dea10a45d10b2aeeff146373c217d9
k-tour-id-app/tests/visual/ondo-b-flow-pixels-responsive.spec.ts-snapshots/B-PX-MY-EN-FL-004-FL-011-FL-015-en-360x800-desktop-chromium-darwin.png	87057c5ad9713525a3d41101bcd0f52acf6b05fee64fbfe0e93ec107c1e885f3	360	800	360x800	B-PX-MY-EN	MY	FL-004,FL-011,FL-015	en	CANDIDATE	R5R-CARRY: byte-identical to frozen f1ec9b0c baseline
k-tour-id-app/tests/visual/ondo-b-flow-pixels-responsive.spec.ts-snapshots/B-PX-MY-EN-FL-004-FL-011-FL-015-en-430x932-desktop-chromium-darwin.png	80d941c60758068bade33cd7ece25222077d1cf870c9ddcb158448b3f33b0dae	430	932	430x932	B-PX-MY-EN	MY	FL-004,FL-011,FL-015	en	CANDIDATE	R5R-CARRY: byte-identical to frozen f1ec9b0c baseline
k-tour-id-app/tests/visual/ondo-b-flow-pixels-responsive.spec.ts-snapshots/B-PX-MY-EN-FL-004-FL-011-FL-015-en-768x1024-desktop-chromium-darwin.png	5ca8ab6828631492452d7d9e982ebe0076b09e8192c2be68439c9b6b79fd262f	768	1024	768x1024	B-PX-MY-EN	MY	FL-004,FL-011,FL-015	en	CANDIDATE	R5R-FIX: recaptured after retry product closure; prior_sha=8fe5c55583125839f1bcabc0ce0d5c4aeba0761a6e57647b9abbea964292e7ac
k-tour-id-app/tests/visual/ondo-b-flow-pixels-responsive.spec.ts-snapshots/B-PX-MY-EN-FL-004-FL-011-FL-015-en-801x1000-desktop-chromium-darwin.png	ec21871856523141e18302434cc1ecd857c7028741f3da67889dfa06077dc8c4	801	1000	801x1000	B-PX-MY-EN	MY	FL-004,FL-011,FL-015	en	CANDIDATE	R5R-FIX: recaptured after retry product closure; prior_sha=23082d55dc2ea97ed5fb7c7609b24e879aceb5ffe4084c4e64b68d1c464f96e5
k-tour-id-app/tests/visual/ondo-b-flow-pixels-responsive.spec.ts-snapshots/B-PX-NATION-EN-FL-001-en-360x800-desktop-chromium-darwin.png	53e850d1a4c413c1f81511e415d319cfdf9ea7875fd46ab2f69511abd8c5c2e8	360	800	360x800	B-PX-NATION-EN	NATION	FL-001	en	CANDIDATE	R5R-CARRY: byte-identical to frozen f1ec9b0c baseline
k-tour-id-app/tests/visual/ondo-b-flow-pixels-responsive.spec.ts-snapshots/B-PX-NATION-EN-FL-001-en-430x932-desktop-chromium-darwin.png	5980bec17ae0024cf573d1c155549bd6a4be64ee8cf21c4805b5b3ee5f0d093b	430	932	430x932	B-PX-NATION-EN	NATION	FL-001	en	CANDIDATE	R5R-CARRY: byte-identical to frozen f1ec9b0c baseline
k-tour-id-app/tests/visual/ondo-b-flow-pixels-responsive.spec.ts-snapshots/B-PX-NATION-EN-FL-001-en-768x1024-desktop-chromium-darwin.png	b0795b444c2c57e68e6fccafcf2747eb954b4364e8ce85395f464d4648613862	768	1024	768x1024	B-PX-NATION-EN	NATION	FL-001	en	CANDIDATE	R5R-CARRY: byte-identical to frozen f1ec9b0c baseline
k-tour-id-app/tests/visual/ondo-b-flow-pixels-responsive.spec.ts-snapshots/B-PX-NATION-EN-FL-001-en-801x1000-desktop-chromium-darwin.png	d70c1f075636557b6dbe14215f0c05eb2ee3f3e338b7f1be31b3928728300191	801	1000	801x1000	B-PX-NATION-EN	NATION	FL-001	en	CANDIDATE	R5R-FIX: recaptured after retry product closure; prior_sha=02937af82730502669e03586e7ff1f9a2cc5d6e32ba76fc3b1b5e88e19e84b35
k-tour-id-app/tests/visual/ondo-b-flow-pixels-responsive.spec.ts-snapshots/B-PX-NATION-KO-FL-001-ko-360x800-desktop-chromium-darwin.png	06098616c95484f6f395cf2a7f9e159e2844a48f2bd5da4080e0039030619a54	360	800	360x800	B-PX-NATION-KO	NATION	FL-001	ko	CANDIDATE	R5R-CARRY: byte-identical to frozen f1ec9b0c baseline
k-tour-id-app/tests/visual/ondo-b-flow-pixels-responsive.spec.ts-snapshots/B-PX-NATION-KO-FL-001-ko-430x932-desktop-chromium-darwin.png	1403cfe840355ceec96ca34fde4012e7e2803144ceb3ba7d32278dd7503d839e	430	932	430x932	B-PX-NATION-KO	NATION	FL-001	ko	CANDIDATE	R5R-CARRY: byte-identical to frozen f1ec9b0c baseline
k-tour-id-app/tests/visual/ondo-b-flow-pixels-responsive.spec.ts-snapshots/B-PX-NATION-KO-FL-001-ko-768x1024-desktop-chromium-darwin.png	18509f33e57981f997ded89f0143d45c926ac9dc60be8bd94a354a7fe702e2a0	768	1024	768x1024	B-PX-NATION-KO	NATION	FL-001	ko	CANDIDATE	R5R-CARRY: byte-identical to frozen f1ec9b0c baseline
k-tour-id-app/tests/visual/ondo-b-flow-pixels-responsive.spec.ts-snapshots/B-PX-NATION-KO-FL-001-ko-801x1000-desktop-chromium-darwin.png	ecc4fdff7ca0b9a66d547279b696f79e6b3604acdd0f425c5abaf202edcaa81a	801	1000	801x1000	B-PX-NATION-KO	NATION	FL-001	ko	CANDIDATE	R5R-FIX: recaptured after retry product closure; prior_sha=9b33c0febea0212b45137d2244cad1064fb029662da2f99f0c60aeb016f26bc6
k-tour-id-app/tests/visual/ondo-b-flow-pixels-responsive.spec.ts-snapshots/B-PX-ONBOARDING-PERSONAS-KO-FL-007-FL-008-FL-009-ko-360x800-desktop-chromium-darwin.png	dba2f9c6f0b07ee41382dee6b5e25982e5f265c0c26f5c7887dab275e62d77ae	360	800	360x800	B-PX-ONBOARDING-PERSONAS-KO	ONBOARDING-PERSONAS	FL-007,FL-008,FL-009	ko	CANDIDATE	R5R-CARRY: byte-identical to frozen f1ec9b0c baseline
k-tour-id-app/tests/visual/ondo-b-flow-pixels-responsive.spec.ts-snapshots/B-PX-ONBOARDING-PERSONAS-KO-FL-007-FL-008-FL-009-ko-430x932-desktop-chromium-darwin.png	132571caac5a39b7f93417280e34eef7ac03d0029a6ad78f21cfb2764682e506	430	932	430x932	B-PX-ONBOARDING-PERSONAS-KO	ONBOARDING-PERSONAS	FL-007,FL-008,FL-009	ko	CANDIDATE	R5R-CARRY: byte-identical to frozen f1ec9b0c baseline
k-tour-id-app/tests/visual/ondo-b-flow-pixels-responsive.spec.ts-snapshots/B-PX-ONBOARDING-PERSONAS-KO-FL-007-FL-008-FL-009-ko-768x1024-desktop-chromium-darwin.png	2a9dc32945aa484ef7b59413c07bb4b7bc983f0ab3646c3ab751a12602b4bc36	768	1024	768x1024	B-PX-ONBOARDING-PERSONAS-KO	ONBOARDING-PERSONAS	FL-007,FL-008,FL-009	ko	CANDIDATE	R5R-FIX: recaptured after retry product closure; prior_sha=7dd2c1d6c24ed6ebd6dbd61265c38ae286b30f462fcf730b4d94e50bf218061a
k-tour-id-app/tests/visual/ondo-b-flow-pixels-responsive.spec.ts-snapshots/B-PX-ONBOARDING-PERSONAS-KO-FL-007-FL-008-FL-009-ko-801x1000-desktop-chromium-darwin.png	94f864e9a4b088c3f1707470a45f7bb3d404f08b2c1d1deb49c2506d5a9770cc	801	1000	801x1000	B-PX-ONBOARDING-PERSONAS-KO	ONBOARDING-PERSONAS	FL-007,FL-008,FL-009	ko	CANDIDATE	R5R-FIX: recaptured after retry product closure; prior_sha=b71c6c613c60434b401a74d71b09cea66e20f760be0b47d9555dbc48d4684f93
k-tour-id-app/tests/visual/ondo-b-flow-pixels-responsive.spec.ts-snapshots/B-PX-ONBOARDING-PREFERENCES-EN-FL-007-FL-008-FL-009-en-360x800-desktop-chromium-darwin.png	160bde572c91deeb36afaec9b03335443754dd7e2b0f4a7ed274e6effd375b50	360	800	360x800	B-PX-ONBOARDING-PREFERENCES-EN	ONBOARDING-PREFERENCES	FL-007,FL-008,FL-009	en	CANDIDATE	R5R-CARRY: byte-identical to frozen f1ec9b0c baseline
k-tour-id-app/tests/visual/ondo-b-flow-pixels-responsive.spec.ts-snapshots/B-PX-ONBOARDING-PREFERENCES-EN-FL-007-FL-008-FL-009-en-430x932-desktop-chromium-darwin.png	37f4bc5f0e4fbba93564df12d9f54e94bc6312fd85aa94394cfd9716c9f3c95b	430	932	430x932	B-PX-ONBOARDING-PREFERENCES-EN	ONBOARDING-PREFERENCES	FL-007,FL-008,FL-009	en	CANDIDATE	R5R-CARRY: byte-identical to frozen f1ec9b0c baseline
k-tour-id-app/tests/visual/ondo-b-flow-pixels-responsive.spec.ts-snapshots/B-PX-ONBOARDING-PREFERENCES-EN-FL-007-FL-008-FL-009-en-768x1024-desktop-chromium-darwin.png	d82866f087c379b1ce09019a1d15ec3a42e5045b4103a3cdf36ebe456637ddb6	768	1024	768x1024	B-PX-ONBOARDING-PREFERENCES-EN	ONBOARDING-PREFERENCES	FL-007,FL-008,FL-009	en	CANDIDATE	R5R-FIX: recaptured after retry product closure; prior_sha=afed88ae6359b34653304d2b103d6588c2f5bcd5c1a6156ad995c1b4a8aa6462
k-tour-id-app/tests/visual/ondo-b-flow-pixels-responsive.spec.ts-snapshots/B-PX-ONBOARDING-PREFERENCES-EN-FL-007-FL-008-FL-009-en-801x1000-desktop-chromium-darwin.png	673a60e930e82d7d5e15410ebf62822eef813a2c989367785e3ee4abcef49fc8	801	1000	801x1000	B-PX-ONBOARDING-PREFERENCES-EN	ONBOARDING-PREFERENCES	FL-007,FL-008,FL-009	en	CANDIDATE	R5R-FIX: recaptured after retry product closure; prior_sha=e13c3ed9a4718a65e06198ee76e67b0c2305bb144d520f8a8cfa7fd14414d350
k-tour-id-app/tests/visual/ondo-b-flow-pixels-responsive.spec.ts-snapshots/B-PX-ONBOARDING-VALUE-EN-FL-007-FL-008-FL-009-en-360x800-desktop-chromium-darwin.png	05217dfaf7a82f66086842d4dc08f1f40bc69fec3c623c8f4f33d2f892cfc15d	360	800	360x800	B-PX-ONBOARDING-VALUE-EN	ONBOARDING-VALUE	FL-007,FL-008,FL-009	en	CANDIDATE	R5R-CARRY: byte-identical to frozen f1ec9b0c baseline
k-tour-id-app/tests/visual/ondo-b-flow-pixels-responsive.spec.ts-snapshots/B-PX-ONBOARDING-VALUE-EN-FL-007-FL-008-FL-009-en-430x932-desktop-chromium-darwin.png	4c7ae61109368d405ec0d98768db5de153a3c649336d4b63d6b852295347375b	430	932	430x932	B-PX-ONBOARDING-VALUE-EN	ONBOARDING-VALUE	FL-007,FL-008,FL-009	en	CANDIDATE	R5R-CARRY: byte-identical to frozen f1ec9b0c baseline
k-tour-id-app/tests/visual/ondo-b-flow-pixels-responsive.spec.ts-snapshots/B-PX-ONBOARDING-VALUE-EN-FL-007-FL-008-FL-009-en-768x1024-desktop-chromium-darwin.png	34a62ea56a5c17432aea23c2f3b494cb5ae76d1f7e3861505ea01d2fe0786811	768	1024	768x1024	B-PX-ONBOARDING-VALUE-EN	ONBOARDING-VALUE	FL-007,FL-008,FL-009	en	CANDIDATE	R5R-FIX: recaptured after retry product closure; prior_sha=2f4522c0d07e5ebce4e0f53f5b917a32b23ff65dd65912639a39596226b9aea0
k-tour-id-app/tests/visual/ondo-b-flow-pixels-responsive.spec.ts-snapshots/B-PX-ONBOARDING-VALUE-EN-FL-007-FL-008-FL-009-en-801x1000-desktop-chromium-darwin.png	724fbb87b1e717b750428fc34b82c8cae8acc8091bafb5d527ed780ed624053d	801	1000	801x1000	B-PX-ONBOARDING-VALUE-EN	ONBOARDING-VALUE	FL-007,FL-008,FL-009	en	CANDIDATE	R5R-FIX: recaptured after retry product closure; prior_sha=18a89e1c1cf33814e9f7fa77677941449684ac0bd916241a34f63d185fba4492
k-tour-id-app/tests/visual/ondo-b-flow-pixels-responsive.spec.ts-snapshots/B-PX-PLACE-DETAIL-EN-FL-001-FL-010-FL-011-FL-012-FL-016-en-360x800-desktop-chromium-darwin.png	9cb8ba636052ffc3af08a48989e593e205a5417bc3aabdeaf8e66c07ff65fefc	360	800	360x800	B-PX-PLACE-DETAIL-EN	PLACE-DETAIL	FL-001,FL-010,FL-011,FL-012,FL-016	en	CANDIDATE	R5R-CARRY: byte-identical to frozen f1ec9b0c baseline
k-tour-id-app/tests/visual/ondo-b-flow-pixels-responsive.spec.ts-snapshots/B-PX-PLACE-DETAIL-EN-FL-001-FL-010-FL-011-FL-012-FL-016-en-430x932-desktop-chromium-darwin.png	5ce1560431bee3002c6dd13a160f33fb2b7f37c2e69f15c75676ef173e1ebb59	430	932	430x932	B-PX-PLACE-DETAIL-EN	PLACE-DETAIL	FL-001,FL-010,FL-011,FL-012,FL-016	en	CANDIDATE	R5R-CARRY: byte-identical to frozen f1ec9b0c baseline
k-tour-id-app/tests/visual/ondo-b-flow-pixels-responsive.spec.ts-snapshots/B-PX-PLACE-DETAIL-EN-FL-001-FL-010-FL-011-FL-012-FL-016-en-768x1024-desktop-chromium-darwin.png	33e299f7ec6dbb6e26a093968ecaf402ad46b3db43dd30d0abb640afe633bd09	768	1024	768x1024	B-PX-PLACE-DETAIL-EN	PLACE-DETAIL	FL-001,FL-010,FL-011,FL-012,FL-016	en	CANDIDATE	R5R-FIX: recaptured after retry product closure; prior_sha=a26137890e9108c92b0352c237b52730b5aae5b1169133b1fcb33a3a4e70ebab
k-tour-id-app/tests/visual/ondo-b-flow-pixels-responsive.spec.ts-snapshots/B-PX-PLACE-DETAIL-EN-FL-001-FL-010-FL-011-FL-012-FL-016-en-801x1000-desktop-chromium-darwin.png	b08fdb24afee84d946f3ceb22ea082d3c2ed1ceca6726dc927a65594e1a57a72	801	1000	801x1000	B-PX-PLACE-DETAIL-EN	PLACE-DETAIL	FL-001,FL-010,FL-011,FL-012,FL-016	en	CANDIDATE	R5R-FIX: recaptured after retry product closure; prior_sha=e82a65f672ffeec76b542fdee8e13e95e15ab43fcea09bac98314de1d8841c25
k-tour-id-app/tests/visual/ondo-b-flow-pixels-responsive.spec.ts-snapshots/B-PX-PLACE-PEEK-EN-FL-001-en-360x800-desktop-chromium-darwin.png	4fe4a5c787891d65fbade36dc7c212f6c6711ac257c8d0a3184c980820f42c66	360	800	360x800	B-PX-PLACE-PEEK-EN	PLACE-PEEK	FL-001	en	CANDIDATE	R5R-FIX+HARNESS: product closure plus a9b3193 canonical direct-entry/map-ready setup; prior_sha=8c5329ceacc6f50f60b2fee2ab52dc25182eba33cc3e71458e81774a59d2a82e
k-tour-id-app/tests/visual/ondo-b-flow-pixels-responsive.spec.ts-snapshots/B-PX-PLACE-PEEK-EN-FL-001-en-430x932-desktop-chromium-darwin.png	62618c7635b79fec21fb7eeebc1435ca70f832ed736089785da408d8193c3c0b	430	932	430x932	B-PX-PLACE-PEEK-EN	PLACE-PEEK	FL-001	en	CANDIDATE	R5R-FIX+HARNESS: product closure plus a9b3193 canonical direct-entry/map-ready setup; prior_sha=53017b6f0bf9bf6a8e97ba837ef7add86b4c68ab98aca1e7dbe975f5abfcb3cc
k-tour-id-app/tests/visual/ondo-b-flow-pixels-responsive.spec.ts-snapshots/B-PX-PLACE-PEEK-EN-FL-001-en-768x1024-desktop-chromium-darwin.png	6763ca0c1e9ab694e74fbe61031ad10e862b4d7af848b07afd916e264902b167	768	1024	768x1024	B-PX-PLACE-PEEK-EN	PLACE-PEEK	FL-001	en	CANDIDATE	R5R-FIX+HARNESS: product closure plus a9b3193 canonical direct-entry/map-ready setup; prior_sha=44838fcffe6ecbb0add1ba172f703cba5f24ccd20a9fb16fddb5524195645ae1
k-tour-id-app/tests/visual/ondo-b-flow-pixels-responsive.spec.ts-snapshots/B-PX-PLACE-PEEK-EN-FL-001-en-801x1000-desktop-chromium-darwin.png	72eac86dd6b585b01dfe5e09d5f80ff0e3a479617989e4d3f164c409ea372505	801	1000	801x1000	B-PX-PLACE-PEEK-EN	PLACE-PEEK	FL-001	en	CANDIDATE	R5R-FIX+HARNESS: product closure plus a9b3193 canonical direct-entry/map-ready setup; prior_sha=29230ed571ff9d8a6b121b4eb5a256af2352730e09ab8022de6012733f1a4d41
k-tour-id-app/tests/visual/ondo-b-flow-pixels-responsive.spec.ts-snapshots/B-PX-PROFILE-KO-FL-015-ko-360x800-desktop-chromium-darwin.png	5f63af85d65e84a0d69703f21c20e594f86784a114d47b7176b4d2faae9916f1	360	800	360x800	B-PX-PROFILE-KO	PROFILE	FL-015	ko	CANDIDATE	R5R-CARRY: byte-identical to frozen f1ec9b0c baseline
k-tour-id-app/tests/visual/ondo-b-flow-pixels-responsive.spec.ts-snapshots/B-PX-PROFILE-KO-FL-015-ko-430x932-desktop-chromium-darwin.png	3fb9bd196066394e375c5a0230af7f5e25395bdeef314322957d76336845d9d4	430	932	430x932	B-PX-PROFILE-KO	PROFILE	FL-015	ko	CANDIDATE	R5R-CARRY: byte-identical to frozen f1ec9b0c baseline
k-tour-id-app/tests/visual/ondo-b-flow-pixels-responsive.spec.ts-snapshots/B-PX-PROFILE-KO-FL-015-ko-768x1024-desktop-chromium-darwin.png	9ee2042de0c26ea36bb11c1c8197a462e71e0e60f30d50f861627384ff517919	768	1024	768x1024	B-PX-PROFILE-KO	PROFILE	FL-015	ko	CANDIDATE	R5R-FIX: recaptured after retry product closure; prior_sha=8c4a9029ae245f696ee13c5bab91b80d799c21c2d74ad4a359d413c73e5adf03
k-tour-id-app/tests/visual/ondo-b-flow-pixels-responsive.spec.ts-snapshots/B-PX-PROFILE-KO-FL-015-ko-801x1000-desktop-chromium-darwin.png	c52f2431283a450a5697e8ef4599bcc01c3c50dfd4950fd95b46a1db37a73014	801	1000	801x1000	B-PX-PROFILE-KO	PROFILE	FL-015	ko	CANDIDATE	R5R-FIX: recaptured after retry product closure; prior_sha=0aa7c59aa6f5b384ef46caad6a4c0995aa258644e72c16a14a4f1a4b9c5a546a
k-tour-id-app/tests/visual/ondo-b-flow-pixels-responsive.spec.ts-snapshots/B-PX-REPORT-EN-FL-003-en-360x800-desktop-chromium-darwin.png	ee570df21412ad49d884ba093e1ae30923d5f1609e11a074848ca2003daf470d	360	800	360x800	B-PX-REPORT-EN	REPORT	FL-003	en	CANDIDATE	R5R-CARRY: byte-identical to frozen f1ec9b0c baseline
k-tour-id-app/tests/visual/ondo-b-flow-pixels-responsive.spec.ts-snapshots/B-PX-REPORT-EN-FL-003-en-430x932-desktop-chromium-darwin.png	7df93d99bac5912528da04cb4a7adf82ce8c6b45aa6f6a40e341bc97e358c036	430	932	430x932	B-PX-REPORT-EN	REPORT	FL-003	en	CANDIDATE	R5R-CARRY: byte-identical to frozen f1ec9b0c baseline
k-tour-id-app/tests/visual/ondo-b-flow-pixels-responsive.spec.ts-snapshots/B-PX-REPORT-EN-FL-003-en-768x1024-desktop-chromium-darwin.png	fd0212d8ad078b171d50b05ac3ca8cd8fc2ac2df7da1ae3a5c13defc154c0f1a	768	1024	768x1024	B-PX-REPORT-EN	REPORT	FL-003	en	CANDIDATE	R5R-FIX: recaptured after retry product closure; prior_sha=200e87d6a8fa9f535d6b97ff4cfe2e1d76b8b7c7cd6f385a4bc2870a077c5adb
k-tour-id-app/tests/visual/ondo-b-flow-pixels-responsive.spec.ts-snapshots/B-PX-REPORT-EN-FL-003-en-801x1000-desktop-chromium-darwin.png	9010114b0092c6fa5acff866509300f1d66a454b087b1ae6a258aa14f87fc434	801	1000	801x1000	B-PX-REPORT-EN	REPORT	FL-003	en	CANDIDATE	R5R-FIX: recaptured after retry product closure; prior_sha=eb2914f453abe135a15ef897f56611c8a55d9b615d03049c3e6062b05b68b26e
k-tour-id-app/tests/visual/ondo-b-flow-pixels-responsive.spec.ts-snapshots/B-PX-SAVE-FAILURE-EN-FL-011-en-360x800-desktop-chromium-darwin.png	420f2873543f557981a68ab5daee96f625d87cc7a19d7c53682160aebed15199	360	800	360x800	B-PX-SAVE-FAILURE-EN	SAVE-FAILURE	FL-011	en	CANDIDATE	R5R-CARRY: byte-identical to frozen f1ec9b0c baseline
k-tour-id-app/tests/visual/ondo-b-flow-pixels-responsive.spec.ts-snapshots/B-PX-SAVE-FAILURE-EN-FL-011-en-430x932-desktop-chromium-darwin.png	fe1b386552f878341575e455cc3bc85b63862b1363d7c9fcaf3344832483dbf6	430	932	430x932	B-PX-SAVE-FAILURE-EN	SAVE-FAILURE	FL-011	en	CANDIDATE	R5R-CARRY: byte-identical to frozen f1ec9b0c baseline
k-tour-id-app/tests/visual/ondo-b-flow-pixels-responsive.spec.ts-snapshots/B-PX-SAVE-FAILURE-EN-FL-011-en-768x1024-desktop-chromium-darwin.png	a07ae4e679d4b79228f7e760d49aecec98a2e918c5c9d50df46fc32e5f26ecc7	768	1024	768x1024	B-PX-SAVE-FAILURE-EN	SAVE-FAILURE	FL-011	en	CANDIDATE	R5R-FIX: recaptured after retry product closure; prior_sha=f72bdd4667ac04fcaf069d7818b2baa854438d252d1467c9413c3dc18c6e906a
k-tour-id-app/tests/visual/ondo-b-flow-pixels-responsive.spec.ts-snapshots/B-PX-SAVE-FAILURE-EN-FL-011-en-801x1000-desktop-chromium-darwin.png	13feb871320895c862606156366127f3afa39758cfc5d475b05ac8c993e7938f	801	1000	801x1000	B-PX-SAVE-FAILURE-EN	SAVE-FAILURE	FL-011	en	CANDIDATE	R5R-FIX: recaptured after retry product closure; prior_sha=4cdea99d64b311bec027fe0db2eae72b9b2af42ef1599f36430e0c2dc2bec68a
k-tour-id-app/tests/visual/ondo-b-flow-pixels-responsive.spec.ts-snapshots/B-PX-SAVE-RECOVERED-KO-FL-011-ko-360x800-desktop-chromium-darwin.png	858f1159c34d2bb4f70c1987281074c17de9f65d5a34b197de016f6a3cefdd14	360	800	360x800	B-PX-SAVE-RECOVERED-KO	SAVE-RECOVERED	FL-011	ko	CANDIDATE	R5R-CARRY: byte-identical to frozen f1ec9b0c baseline
k-tour-id-app/tests/visual/ondo-b-flow-pixels-responsive.spec.ts-snapshots/B-PX-SAVE-RECOVERED-KO-FL-011-ko-430x932-desktop-chromium-darwin.png	c8a56b72f6f829760023d75ee47b054166fdcb6d321faf6c97f2924834752203	430	932	430x932	B-PX-SAVE-RECOVERED-KO	SAVE-RECOVERED	FL-011	ko	CANDIDATE	R5R-CARRY: byte-identical to frozen f1ec9b0c baseline
k-tour-id-app/tests/visual/ondo-b-flow-pixels-responsive.spec.ts-snapshots/B-PX-SAVE-RECOVERED-KO-FL-011-ko-768x1024-desktop-chromium-darwin.png	e441b55cdafb5af01b670bcff3abd68278024d1c5232fec4bb05596ee59e4916	768	1024	768x1024	B-PX-SAVE-RECOVERED-KO	SAVE-RECOVERED	FL-011	ko	CANDIDATE	R5R-FIX: recaptured after retry product closure; prior_sha=2b0cc85601918015042920f489daabdc1c44f1cb2e1368f97f064c2bceffe129
k-tour-id-app/tests/visual/ondo-b-flow-pixels-responsive.spec.ts-snapshots/B-PX-SAVE-RECOVERED-KO-FL-011-ko-801x1000-desktop-chromium-darwin.png	793e5490a414859b45c2f48c3bc45b1ba00e9757600230a3a09bbedf5e115df5	801	1000	801x1000	B-PX-SAVE-RECOVERED-KO	SAVE-RECOVERED	FL-011	ko	CANDIDATE	R5R-FIX: recaptured after retry product closure; prior_sha=c08a0a378236320cc1abd244dc9dc99182bfe801bca7b99221450fc7f8e512e6
k-tour-id-app/tests/visual/ondo-b-flow-pixels-responsive.spec.ts-snapshots/B-PX-SESSION-RESET-CONFIRM-KO-FL-010-FL-015-ko-360x800-desktop-chromium-darwin.png	bd90e058342c34dca0c95c738e98833a86864705481e31e1512c869761855228	360	800	360x800	B-PX-SESSION-RESET-CONFIRM-KO	SESSION-RESET-CONFIRM	FL-010,FL-015	ko	CANDIDATE	R5R-NEW:D4-R5R-001; new closure state registered at 6 exact viewports
k-tour-id-app/tests/visual/ondo-b-flow-pixels-responsive.spec.ts-snapshots/B-PX-SESSION-RESET-CONFIRM-KO-FL-010-FL-015-ko-430x932-desktop-chromium-darwin.png	ee7f26ab169991fdcabb7f365fe5ce51c1fc4d45e865b661f53302ec630f1b19	430	932	430x932	B-PX-SESSION-RESET-CONFIRM-KO	SESSION-RESET-CONFIRM	FL-010,FL-015	ko	CANDIDATE	R5R-NEW:D4-R5R-001; new closure state registered at 6 exact viewports
k-tour-id-app/tests/visual/ondo-b-flow-pixels-responsive.spec.ts-snapshots/B-PX-SESSION-RESET-CONFIRM-KO-FL-010-FL-015-ko-768x1024-desktop-chromium-darwin.png	5fd6dfb0396471159e14cf773fe433f7f14488acaf2a55ea547a622015eb655b	768	1024	768x1024	B-PX-SESSION-RESET-CONFIRM-KO	SESSION-RESET-CONFIRM	FL-010,FL-015	ko	CANDIDATE	R5R-NEW:D4-R5R-001; new closure state registered at 6 exact viewports
k-tour-id-app/tests/visual/ondo-b-flow-pixels-responsive.spec.ts-snapshots/B-PX-SESSION-RESET-CONFIRM-KO-FL-010-FL-015-ko-801x1000-desktop-chromium-darwin.png	8f88b41f623259723d28fd82ca795acb3d2663bd23192690664664bedede1df7	801	1000	801x1000	B-PX-SESSION-RESET-CONFIRM-KO	SESSION-RESET-CONFIRM	FL-010,FL-015	ko	CANDIDATE	R5R-NEW:D4-R5R-001; new closure state registered at 6 exact viewports
k-tour-id-app/tests/visual/ondo-b-flow-pixels-responsive.spec.ts-snapshots/B-PX-TABLE-DETAIL-KO-FL-003-ko-360x800-desktop-chromium-darwin.png	87792a2ff82e6d5e787ed531d9b928c5e50b384b3fbb1c32c99c5a70657c92b8	360	800	360x800	B-PX-TABLE-DETAIL-KO	TABLE-DETAIL	FL-003	ko	CANDIDATE	R5R-CARRY: byte-identical to frozen f1ec9b0c baseline
k-tour-id-app/tests/visual/ondo-b-flow-pixels-responsive.spec.ts-snapshots/B-PX-TABLE-DETAIL-KO-FL-003-ko-430x932-desktop-chromium-darwin.png	c29e4bd26078d2a56153b2463087dca22460efb7a2db1468b0597817f7907d45	430	932	430x932	B-PX-TABLE-DETAIL-KO	TABLE-DETAIL	FL-003	ko	CANDIDATE	R5R-CARRY: byte-identical to frozen f1ec9b0c baseline
k-tour-id-app/tests/visual/ondo-b-flow-pixels-responsive.spec.ts-snapshots/B-PX-TABLE-DETAIL-KO-FL-003-ko-768x1024-desktop-chromium-darwin.png	374139269abc115df5ecaa653bb71ab11eb98d190d6cbeeb5a558884b2151ea0	768	1024	768x1024	B-PX-TABLE-DETAIL-KO	TABLE-DETAIL	FL-003	ko	CANDIDATE	R5R-FIX: recaptured after retry product closure; prior_sha=18ba174f496cc2d16cf9aa60ec6c91e2bbfa3f694e91227a28b8be13129ad0f3
k-tour-id-app/tests/visual/ondo-b-flow-pixels-responsive.spec.ts-snapshots/B-PX-TABLE-DETAIL-KO-FL-003-ko-801x1000-desktop-chromium-darwin.png	fb11374fe8c4e6553b06bc1fe4b905b55b35ddad957d214505aa6ca114c083f3	801	1000	801x1000	B-PX-TABLE-DETAIL-KO	TABLE-DETAIL	FL-003	ko	CANDIDATE	R5R-FIX: recaptured after retry product closure; prior_sha=1fa739db8da2c6156f220ddc2527ba24cf84e2b816a1be343c4ba6e6c272dccf
k-tour-id-app/tests/visual/ondo-b-flow-pixels-responsive.spec.ts-snapshots/B-PX-TABLE-JOIN-FAIL-EN-FL-003-en-360x800-desktop-chromium-darwin.png	b426618ee8c5f57c5b1099abb6fa26311cb11651b0d9cd61e5f6579cc3f63160	360	800	360x800	B-PX-TABLE-JOIN-FAIL-EN	TABLE-JOIN-FAIL	FL-003	en	CANDIDATE	R5R-CARRY: byte-identical to frozen f1ec9b0c baseline
k-tour-id-app/tests/visual/ondo-b-flow-pixels-responsive.spec.ts-snapshots/B-PX-TABLE-JOIN-FAIL-EN-FL-003-en-430x932-desktop-chromium-darwin.png	ae540b66e98e33027992abd403cc41068c4dbb40927747dfc34344f8b9ca1276	430	932	430x932	B-PX-TABLE-JOIN-FAIL-EN	TABLE-JOIN-FAIL	FL-003	en	CANDIDATE	R5R-CARRY: byte-identical to frozen f1ec9b0c baseline
k-tour-id-app/tests/visual/ondo-b-flow-pixels-responsive.spec.ts-snapshots/B-PX-TABLE-JOIN-FAIL-EN-FL-003-en-768x1024-desktop-chromium-darwin.png	ba9a4ef7c245940213ed6927930cebddea89e96c29b8cebce3dbd7916d27dbdd	768	1024	768x1024	B-PX-TABLE-JOIN-FAIL-EN	TABLE-JOIN-FAIL	FL-003	en	CANDIDATE	R5R-FIX: recaptured after retry product closure; prior_sha=6901664b6a47d1858b9180b494899a40a01d04989fa02e7002f983eb6192c288
k-tour-id-app/tests/visual/ondo-b-flow-pixels-responsive.spec.ts-snapshots/B-PX-TABLE-JOIN-FAIL-EN-FL-003-en-801x1000-desktop-chromium-darwin.png	f93de43ec955529445966853e9889679edc65bf48160a5e2aa4d59ffeaeefa9c	801	1000	801x1000	B-PX-TABLE-JOIN-FAIL-EN	TABLE-JOIN-FAIL	FL-003	en	CANDIDATE	R5R-FIX: recaptured after retry product closure; prior_sha=9445ae23c8326a77ade4734e70edad20ede5890fc231b0d0fe177784bbdf632d
k-tour-id-app/tests/visual/ondo-b-flow-pixels-responsive.spec.ts-snapshots/B-PX-TABLES-LIST-EN-FL-003-en-360x800-desktop-chromium-darwin.png	b3bbedda5e4781070615623f23b27f4ac7fbfeedb15282295c6030cc5da449ac	360	800	360x800	B-PX-TABLES-LIST-EN	TABLES-LIST	FL-003	en	CANDIDATE	R5R-CARRY: byte-identical to frozen f1ec9b0c baseline
k-tour-id-app/tests/visual/ondo-b-flow-pixels-responsive.spec.ts-snapshots/B-PX-TABLES-LIST-EN-FL-003-en-430x932-desktop-chromium-darwin.png	ace793ad09b80d513f51baff7f6631f5557511010aaeaf97e00a76de1f5bdfe0	430	932	430x932	B-PX-TABLES-LIST-EN	TABLES-LIST	FL-003	en	CANDIDATE	R5R-CARRY: byte-identical to frozen f1ec9b0c baseline
k-tour-id-app/tests/visual/ondo-b-flow-pixels-responsive.spec.ts-snapshots/B-PX-TABLES-LIST-EN-FL-003-en-768x1024-desktop-chromium-darwin.png	bd3a718c2622f15e8b01fa46080a0f9779564bf1dc8c877acad91e11baea1e3d	768	1024	768x1024	B-PX-TABLES-LIST-EN	TABLES-LIST	FL-003	en	CANDIDATE	R5R-CARRY: byte-identical to frozen f1ec9b0c baseline
k-tour-id-app/tests/visual/ondo-b-flow-pixels-responsive.spec.ts-snapshots/B-PX-TABLES-LIST-EN-FL-003-en-801x1000-desktop-chromium-darwin.png	7dcf6ee46c7f0023394d450842b13289c7cda6081579efe530becb7f7eb49b86	801	1000	801x1000	B-PX-TABLES-LIST-EN	TABLES-LIST	FL-003	en	CANDIDATE	R5R-FIX: recaptured after retry product closure; prior_sha=27af76eab080238d48a1c3dd5ac90615ef1073e773e31b28018b22a1dbcd210c
k-tour-id-app/tests/visual/ondo-b-flow-pixels-responsive.spec.ts-snapshots/B-PX-TABLES-VENUE-EMPTY-EN-FL-003-en-360x800-desktop-chromium-darwin.png	ae09e5190f03d9a90759a9aeeede423a2211ffc934618254f0ddb542f4151005	360	800	360x800	B-PX-TABLES-VENUE-EMPTY-EN	TABLES-VENUE-EMPTY	FL-003	en	CANDIDATE	R5R-CARRY: byte-identical to frozen f1ec9b0c baseline
k-tour-id-app/tests/visual/ondo-b-flow-pixels-responsive.spec.ts-snapshots/B-PX-TABLES-VENUE-EMPTY-EN-FL-003-en-430x932-desktop-chromium-darwin.png	a649e8de1f4495c4dd3743f7ed64ce4d62556e80606d4fa3c6e4b8a0b10ee891	430	932	430x932	B-PX-TABLES-VENUE-EMPTY-EN	TABLES-VENUE-EMPTY	FL-003	en	CANDIDATE	R5R-CARRY: byte-identical to frozen f1ec9b0c baseline
k-tour-id-app/tests/visual/ondo-b-flow-pixels-responsive.spec.ts-snapshots/B-PX-TABLES-VENUE-EMPTY-EN-FL-003-en-768x1024-desktop-chromium-darwin.png	a5340065e054eca9c2cb0a06b29e39a6b5b0f3b847a9ff23476e76b6fb5f3d02	768	1024	768x1024	B-PX-TABLES-VENUE-EMPTY-EN	TABLES-VENUE-EMPTY	FL-003	en	CANDIDATE	R5R-CARRY: byte-identical to frozen f1ec9b0c baseline
k-tour-id-app/tests/visual/ondo-b-flow-pixels-responsive.spec.ts-snapshots/B-PX-TABLES-VENUE-EMPTY-EN-FL-003-en-801x1000-desktop-chromium-darwin.png	bc041ed77f7bf2e0ac02fe51aa761d3e0e64ef47c35958ff0ebe3c4cca14273b	801	1000	801x1000	B-PX-TABLES-VENUE-EMPTY-EN	TABLES-VENUE-EMPTY	FL-003	en	CANDIDATE	R5R-FIX: recaptured after retry product closure; prior_sha=198fd915b3d0eb30b64b298b3473d215a98af1eae7a94d967c0a3d802a2efb12
k-tour-id-app/tests/visual/ondo-b-flow-pixels-responsive.spec.ts-snapshots/B-PX-TRUST-FOUR-AXES-EN-FL-003-FL-012-FL-015-en-360x800-desktop-chromium-darwin.png	925ff388f37fc4cffae4a781bc1981c26840ac12e75edaabc8645543580f866e	360	800	360x800	B-PX-TRUST-FOUR-AXES-EN	TRUST-FOUR-AXES	FL-003,FL-012,FL-015	en	CANDIDATE	R5R-FIX: recaptured after retry product closure; prior_sha=4c52b7925294d233d7d81f8e66f3134daab0fffacc8115e076e9b438e961025b
k-tour-id-app/tests/visual/ondo-b-flow-pixels-responsive.spec.ts-snapshots/B-PX-TRUST-FOUR-AXES-EN-FL-003-FL-012-FL-015-en-430x932-desktop-chromium-darwin.png	4b06c710254f215727f0467cd2d3126b5e175303e0dc3bd35a529c6337204026	430	932	430x932	B-PX-TRUST-FOUR-AXES-EN	TRUST-FOUR-AXES	FL-003,FL-012,FL-015	en	CANDIDATE	R5R-FIX: recaptured after retry product closure; prior_sha=4c286cafae5675cdaf593193c8d9036a3ce3683c471a01cf3f78a0098477f268
k-tour-id-app/tests/visual/ondo-b-flow-pixels-responsive.spec.ts-snapshots/B-PX-TRUST-FOUR-AXES-EN-FL-003-FL-012-FL-015-en-768x1024-desktop-chromium-darwin.png	bacdba2acc85dbf6231dbe0a2195425ed6a3d5c8c05f7ba5805db11677e78c35	768	1024	768x1024	B-PX-TRUST-FOUR-AXES-EN	TRUST-FOUR-AXES	FL-003,FL-012,FL-015	en	CANDIDATE	R5R-FIX: recaptured after retry product closure; prior_sha=61522cbb0b283fe7fbd5599e9982bd667c339fe17919c93a72aac3cd7a9e8616
k-tour-id-app/tests/visual/ondo-b-flow-pixels-responsive.spec.ts-snapshots/B-PX-TRUST-FOUR-AXES-EN-FL-003-FL-012-FL-015-en-801x1000-desktop-chromium-darwin.png	52fc678f4c101893190920c52562220e1e11e38fa4ab20c26edac0ccc0644df0	801	1000	801x1000	B-PX-TRUST-FOUR-AXES-EN	TRUST-FOUR-AXES	FL-003,FL-012,FL-015	en	CANDIDATE	R5R-FIX: recaptured after retry product closure; prior_sha=c201b021630b83a78a781e4216fa671b6c64f9960a24f124bb231e5caf595474
