path	sha256	width	height	viewport	case_id	state	flows	locale	status	approval_reason
k-tour-id-app/tests/visual/ondo-b-flow-pixels-desktop.spec.ts-snapshots/B-PX-AFTER19-PROMPT-EN-FL-013-en-1440x1000-desktop-chromium-darwin.png	5d73eb4d1deb3179fb2f2080d1df32d58a272cf4882f5440f61e59c90e09d19f	1440	1000	1440x1000	B-PX-AFTER19-PROMPT-EN	AFTER19-PROMPT	FL-013	en	FROZEN	R3-DESKTOP: AFTER19-PROMPT; R3-INTEGRATED: current frozen product surface
k-tour-id-app/tests/visual/ondo-b-flow-pixels-desktop.spec.ts-snapshots/B-PX-AFTER19-VENUE-LOCKED-EN-FL-002-en-1440x1000-desktop-chromium-darwin.png	9a1fe5c7e1d5830d9f7b47e6d48307defecd84c6d087f16d9e6cbcec941045a8	1440	1000	1440x1000	B-PX-AFTER19-VENUE-LOCKED-EN	AFTER19-VENUE-LOCKED	FL-002	en	FROZEN	R3-DESKTOP: AFTER19-VENUE-LOCKED; R3-INTEGRATED: current frozen product surface
k-tour-id-app/tests/visual/ondo-b-flow-pixels-desktop.spec.ts-snapshots/B-PX-AFTER19-VENUE-RETURN-EN-FL-002-FL-013-FL-014-en-1440x1000-desktop-chromium-darwin.png	bac66bdc82d60b9bd6b9f881050bc71aa1319de05053bf88a0e733a338719e87	1440	1000	1440x1000	B-PX-AFTER19-VENUE-RETURN-EN	AFTER19-VENUE-RETURN	FL-002,FL-013,FL-014	en	FROZEN	R3-DESKTOP: AFTER19-VENUE-RETURN; R3-INTEGRATED: current frozen product surface
k-tour-id-app/tests/visual/ondo-b-flow-pixels-desktop.spec.ts-snapshots/B-PX-CHAT-EN-FL-003-en-1440x1000-desktop-chromium-darwin.png	3436ad84d02dad5831ef6d4dffa115160cf97ce3c18137d39ba13e981f8cd2a6	1440	1000	1440x1000	B-PX-CHAT-EN	CHAT	FL-003	en	FROZEN	R3-DESKTOP: CHAT; R3-INTEGRATED: current frozen product surface
k-tour-id-app/tests/visual/ondo-b-flow-pixels-desktop.spec.ts-snapshots/B-PX-CHAT-IMAGE-FAIL-EN-FL-003-en-1440x1000-desktop-chromium-darwin.png	ff5661d5bdd467ac8ac642fb6fb9cd6545d6387f8fc8c56a17b291eacb1443b6	1440	1000	1440x1000	B-PX-CHAT-IMAGE-FAIL-EN	CHAT-IMAGE-FAIL	FL-003	en	FROZEN	R3-DESKTOP: CHAT-IMAGE-FAIL; R3-INTEGRATED: current frozen product surface
k-tour-id-app/tests/visual/ondo-b-flow-pixels-desktop.spec.ts-snapshots/B-PX-CHECKOUT-CANCEL-KO-FL-004-ko-1440x1000-desktop-chromium-darwin.png	b8a36c374b1c36107d644a10bba71d38bf205d8a695d6d370f3ecdac548adf2c	1440	1000	1440x1000	B-PX-CHECKOUT-CANCEL-KO	CHECKOUT-CANCEL	FL-004	ko	FROZEN	R3-DESKTOP: CHECKOUT-CANCEL; POST-R3-CHECKOUT-FOCUS: transition focus ownership
k-tour-id-app/tests/visual/ondo-b-flow-pixels-desktop.spec.ts-snapshots/B-PX-CHECKOUT-FAIL-EN-FL-004-en-1440x1000-desktop-chromium-darwin.png	b1c0fa89386363de461d695bf8bf8f237a73fbf888be70c6ff31a71ffbb7ad5c	1440	1000	1440x1000	B-PX-CHECKOUT-FAIL-EN	CHECKOUT-FAIL	FL-004	en	FROZEN	R3-DESKTOP: CHECKOUT-FAIL; POST-R3-CHECKOUT-FOCUS: transition focus ownership
k-tour-id-app/tests/visual/ondo-b-flow-pixels-desktop.spec.ts-snapshots/B-PX-CHECKOUT-IDLE-EN-FL-004-FL-017-en-1440x1000-desktop-chromium-darwin.png	301dfd3071d9eb1a6ae8b43ea7f7c37e88fab9719e3c543eda1cbef489dbca92	1440	1000	1440x1000	B-PX-CHECKOUT-IDLE-EN	CHECKOUT-IDLE	FL-004,FL-017	en	FROZEN	R3-DESKTOP: CHECKOUT-IDLE; POST-R3-CHECKOUT-FOCUS: transition focus ownership
k-tour-id-app/tests/visual/ondo-b-flow-pixels-desktop.spec.ts-snapshots/B-PX-CHECKOUT-RECEIPT-EN-FL-004-en-1440x1000-desktop-chromium-darwin.png	f4f706aff1edc61d2ba55a0947c1259dbb379c805b85de4a5eef7dfdab226cde	1440	1000	1440x1000	B-PX-CHECKOUT-RECEIPT-EN	CHECKOUT-RECEIPT	FL-004	en	FROZEN	R3-DESKTOP: CHECKOUT-RECEIPT; D4-R3-001+POST-R3-CHECKOUT-FOCUS: simulated receipt truth and focus ownership
k-tour-id-app/tests/visual/ondo-b-flow-pixels-desktop.spec.ts-snapshots/B-PX-CHECKOUT-STAMP-KO-FL-004-ko-1440x1000-desktop-chromium-darwin.png	d64561e8dbe3326b1030f6aa644ce370a47f53c7adedf430f2f90fd1821cd164	1440	1000	1440x1000	B-PX-CHECKOUT-STAMP-KO	CHECKOUT-STAMP	FL-004	ko	FROZEN	R3-DESKTOP: CHECKOUT-STAMP; D4-R3-001+POST-R3-CHECKOUT-FOCUS: simulated visit truth and focus ownership
k-tour-id-app/tests/visual/ondo-b-flow-pixels-desktop.spec.ts-snapshots/B-PX-CITY-FALLBACK-KO-FL-001-ko-1440x1000-desktop-chromium-darwin.png	3e1ec670d0b233f8e8f87e8490eeaa1684e14f981fbb2720ffb180971a537187	1440	1000	1440x1000	B-PX-CITY-FALLBACK-KO	CITY-FALLBACK	FL-001	ko	FROZEN	R3-DESKTOP: CITY-FALLBACK; R3-INTEGRATED: current frozen product surface
k-tour-id-app/tests/visual/ondo-b-flow-pixels-desktop.spec.ts-snapshots/B-PX-CITY-LIST-EN-FL-001-en-1440x1000-desktop-chromium-darwin.png	1548136b137a7f1440c675964e0816b359de557d7a5d556cb27bb0e0e8c29487	1440	1000	1440x1000	B-PX-CITY-LIST-EN	CITY-LIST	FL-001	en	FROZEN	R3-DESKTOP: CITY-LIST; D5-R3-002: bounded discovery-alias integration
k-tour-id-app/tests/visual/ondo-b-flow-pixels-desktop.spec.ts-snapshots/B-PX-CITY-LIVE-EN-FL-001-FL-014-en-1440x1000-desktop-chromium-darwin.png	436e5acf676da3dd2115e8dcc5a07e3c41adbed28dfb004ac3faa2040139322f	1440	1000	1440x1000	B-PX-CITY-LIVE-EN	CITY-LIVE	FL-001,FL-014	en	FROZEN	R3-DESKTOP: CITY-LIVE; D1-R3-001: desktop rail/map-key clearance
k-tour-id-app/tests/visual/ondo-b-flow-pixels-desktop.spec.ts-snapshots/B-PX-CITY-LIVE-KO-FL-001-FL-014-ko-1440x1000-desktop-chromium-darwin.png	0fb6db6f105f16854b56d09ed7a403a896e7867dec355c85daaf19e5c6fcb54a	1440	1000	1440x1000	B-PX-CITY-LIVE-KO	CITY-LIVE	FL-001,FL-014	ko	FROZEN	R3-DESKTOP: CITY-LIVE; D1-R3-001: desktop rail/map-key clearance
k-tour-id-app/tests/visual/ondo-b-flow-pixels-desktop.spec.ts-snapshots/B-PX-FEEDBACK-KO-FL-003-FL-015-ko-1440x1000-desktop-chromium-darwin.png	7f4fed1842f313a7226a99b911f8545cf61f94f9be05a5c076c2f014e91bdf76	1440	1000	1440x1000	B-PX-FEEDBACK-KO	FEEDBACK	FL-003,FL-015	ko	FROZEN	R3-DESKTOP: FEEDBACK; R3-INTEGRATED: current frozen product surface
k-tour-id-app/tests/visual/ondo-b-flow-pixels-desktop.spec.ts-snapshots/B-PX-GATE-ACCOUNT-FAIL-KO-FL-010-ko-1440x1000-desktop-chromium-darwin.png	85e2793a80a9e5280da873da42198af3a57423f3fefc7e1490d5615c4a5923d6	1440	1000	1440x1000	B-PX-GATE-ACCOUNT-FAIL-KO	GATE-ACCOUNT-FAIL	FL-010	ko	FROZEN	R3-DESKTOP: GATE-ACCOUNT-FAIL; D4-R3-002: identity taxonomy localization
k-tour-id-app/tests/visual/ondo-b-flow-pixels-desktop.spec.ts-snapshots/B-PX-GATE-AGE-FAIL-KO-FL-002-FL-013-ko-1440x1000-desktop-chromium-darwin.png	e7abe11d5e3ac8820d7b38f8b995cd45d6e859448542df206a80b4af66a99c6f	1440	1000	1440x1000	B-PX-GATE-AGE-FAIL-KO	GATE-AGE-FAIL	FL-002,FL-013	ko	FROZEN	R3-DESKTOP: GATE-AGE-FAIL; D4-R3-002: identity taxonomy localization
k-tour-id-app/tests/visual/ondo-b-flow-pixels-desktop.spec.ts-snapshots/B-PX-GATE-PAYMENT-EN-FL-017-en-1440x1000-desktop-chromium-darwin.png	8c69b64272a70fe10019c514fb301b6daa8c0b90be3d763f323084ed67d90ac3	1440	1000	1440x1000	B-PX-GATE-PAYMENT-EN	GATE-PAYMENT	FL-017	en	FROZEN	R3-DESKTOP: GATE-PAYMENT; D4-R3-002: identity taxonomy localization
k-tour-id-app/tests/visual/ondo-b-flow-pixels-desktop.spec.ts-snapshots/B-PX-GATE-PAYMENT-FAIL-KO-FL-017-ko-1440x1000-desktop-chromium-darwin.png	7673d0477d74ed096f9c9e7beffdb75ab214d68c1aad2f0f4b76280dbc2e1e3b	1440	1000	1440x1000	B-PX-GATE-PAYMENT-FAIL-KO	GATE-PAYMENT-FAIL	FL-017	ko	FROZEN	R3-DESKTOP: GATE-PAYMENT-FAIL; D4-R3-002: identity taxonomy localization
k-tour-id-app/tests/visual/ondo-b-flow-pixels-desktop.spec.ts-snapshots/B-PX-GATE-PERSON-CX-KO-FL-005-ko-1440x1000-desktop-chromium-darwin.png	86c6e65434a209d60cc9b51a5bf3e7edd587c0af0438404093a7b7d9e2d252d2	1440	1000	1440x1000	B-PX-GATE-PERSON-CX-KO	GATE-PERSON-CX	FL-005	ko	FROZEN	R3-DESKTOP: GATE-PERSON-CX; D4-R3-002: identity taxonomy localization
k-tour-id-app/tests/visual/ondo-b-flow-pixels-desktop.spec.ts-snapshots/B-PX-GATE-PERSON-PASSPORT-EN-FL-006-FL-012-en-1440x1000-desktop-chromium-darwin.png	76de3ec1a56ce47508061a1b5b07d4713ee3e84a2026f798645d13d9add10bbe	1440	1000	1440x1000	B-PX-GATE-PERSON-PASSPORT-EN	GATE-PERSON-PASSPORT	FL-006,FL-012	en	FROZEN	R3-DESKTOP: GATE-PERSON-PASSPORT; D4-R3-002: identity taxonomy localization
k-tour-id-app/tests/visual/ondo-b-flow-pixels-desktop.spec.ts-snapshots/B-PX-GATE-RESIDENCE-UNSUPPORTED-EN-FL-006-en-1440x1000-desktop-chromium-darwin.png	40100ecf21383cac029a89d5a51a0bacfd21b47c67cf6f3ee8ed03f38812b373	1440	1000	1440x1000	B-PX-GATE-RESIDENCE-UNSUPPORTED-EN	GATE-PERSON-RESIDENCE-UNSUPPORTED	FL-006	en	FROZEN	R3-DESKTOP: GATE-PERSON-RESIDENCE-UNSUPPORTED; D4-R3-002+D5-R3-001: localized identity taxonomy and unsupported provider truth
k-tour-id-app/tests/visual/ondo-b-flow-pixels-desktop.spec.ts-snapshots/B-PX-LABS-BRIDGE-FAIL-EN-FL-018-en-1440x1000-desktop-chromium-darwin.png	5a3fcf1b4c2ca3a0b834514122ace056271cae73e7ec11cb0a8b207a129df73a	1440	1000	1440x1000	B-PX-LABS-BRIDGE-FAIL-EN	LABS-BRIDGE-FAIL	FL-018	en	FROZEN	R3-DESKTOP: LABS-BRIDGE-FAIL; R3-INTEGRATED: current frozen product surface
k-tour-id-app/tests/visual/ondo-b-flow-pixels-desktop.spec.ts-snapshots/B-PX-LABS-BRIDGE-SUCCESS-EN-FL-018-en-1440x1000-desktop-chromium-darwin.png	b2a6cda9e3317745791a1817d8046f51e32ec9605d5ef2dc47aea283538f4abb	1440	1000	1440x1000	B-PX-LABS-BRIDGE-SUCCESS-EN	LABS-BRIDGE-SUCCESS	FL-018	en	FROZEN	R3-DESKTOP: LABS-BRIDGE-SUCCESS; R3-INTEGRATED: current frozen product surface
k-tour-id-app/tests/visual/ondo-b-flow-pixels-desktop.spec.ts-snapshots/B-PX-LABS-EN-FL-004-FL-016-FL-018-en-1440x1000-desktop-chromium-darwin.png	34e0e192e5ff5e75b5d773d884522789f974e17402a6c98a13368d0e8708728f	1440	1000	1440x1000	B-PX-LABS-EN	LABS	FL-004,FL-016,FL-018	en	FROZEN	R3-DESKTOP: LABS; R3-INTEGRATED: current frozen product surface
k-tour-id-app/tests/visual/ondo-b-flow-pixels-desktop.spec.ts-snapshots/B-PX-LABS-TRAIT-FAIL-KO-FL-016-ko-1440x1000-desktop-chromium-darwin.png	2821fd2d73e9a903532073d1d1ee213c780f31271fa7570061ae22b3bd8ddd7b	1440	1000	1440x1000	B-PX-LABS-TRAIT-FAIL-KO	LABS-TRAIT-FAIL	FL-016	ko	FROZEN	R3-DESKTOP: LABS-TRAIT-FAIL; D3-R3-002: signer failure status and retry focus
k-tour-id-app/tests/visual/ondo-b-flow-pixels-desktop.spec.ts-snapshots/B-PX-LOCAL-SIGNAL-EMPTY-EN-FL-012-en-1440x1000-desktop-chromium-darwin.png	86fabcfca54448fd6a89340aee6b0a20bfe69a8ff4f5890a2c4b72fba7089d7a	1440	1000	1440x1000	B-PX-LOCAL-SIGNAL-EMPTY-EN	LOCAL-SIGNAL-EMPTY	FL-012	en	FROZEN	R3-DESKTOP: LOCAL-SIGNAL-EMPTY; D3-R3-001: local-signal status relationship
k-tour-id-app/tests/visual/ondo-b-flow-pixels-desktop.spec.ts-snapshots/B-PX-LOCAL-SIGNAL-FAIL-KO-FL-012-ko-1440x1000-desktop-chromium-darwin.png	4c93875ec5657adc873d8e881c52e5102e9c4f3281a589f37d9ad3c8d04b375f	1440	1000	1440x1000	B-PX-LOCAL-SIGNAL-FAIL-KO	LOCAL-SIGNAL-FAIL	FL-012	ko	FROZEN	R3-DESKTOP: LOCAL-SIGNAL-FAIL; D3-R3-001: announced failure and recovery focus
k-tour-id-app/tests/visual/ondo-b-flow-pixels-desktop.spec.ts-snapshots/B-PX-LOCAL-SIGNAL-SUCCESS-EN-FL-012-FL-015-en-1440x1000-desktop-chromium-darwin.png	0bc85fe728edf939d758dd2f683f22ba0a3ff3509872f2aee3aa501184e6c90f	1440	1000	1440x1000	B-PX-LOCAL-SIGNAL-SUCCESS-EN	LOCAL-SIGNAL-SUCCESS	FL-012,FL-015	en	FROZEN	R3-DESKTOP: LOCAL-SIGNAL-SUCCESS; D3-R3-001: announced success/duplicate outcome
k-tour-id-app/tests/visual/ondo-b-flow-pixels-desktop.spec.ts-snapshots/B-PX-MY-EN-FL-004-FL-011-FL-015-en-1440x1000-desktop-chromium-darwin.png	29087e9fad3b13661df95671fe8e6d7f254099547fd8a75c10366b82d43e97eb	1440	1000	1440x1000	B-PX-MY-EN	MY	FL-004,FL-011,FL-015	en	FROZEN	R3-DESKTOP: MY; D4-R3-001: simulated-visit truth labels
k-tour-id-app/tests/visual/ondo-b-flow-pixels-desktop.spec.ts-snapshots/B-PX-NATION-EN-FL-001-en-1440x1000-desktop-chromium-darwin.png	4ab8633750e53163649849059190fd23c3f95460c923b03bd88dcb61b6e4dbab	1440	1000	1440x1000	B-PX-NATION-EN	NATION	FL-001	en	FROZEN	R3-DESKTOP: NATION; R3-INTEGRATED: current frozen product surface
k-tour-id-app/tests/visual/ondo-b-flow-pixels-desktop.spec.ts-snapshots/B-PX-NATION-KO-FL-001-ko-1440x1000-desktop-chromium-darwin.png	ba6d29701112bf36b9e12a9ff108e0b7522a73c177cd5f91b3c1121d14b576a3	1440	1000	1440x1000	B-PX-NATION-KO	NATION	FL-001	ko	FROZEN	R3-DESKTOP: NATION; R3-INTEGRATED: current frozen product surface
k-tour-id-app/tests/visual/ondo-b-flow-pixels-desktop.spec.ts-snapshots/B-PX-ONBOARDING-PERSONAS-KO-FL-007-FL-008-FL-009-ko-1440x1000-desktop-chromium-darwin.png	ca6cd1d130524d26f2268c941591669e5e61e1b82d0176ddb43df0eb757de115	1440	1000	1440x1000	B-PX-ONBOARDING-PERSONAS-KO	ONBOARDING-PERSONAS	FL-007,FL-008,FL-009	ko	FROZEN	R3-DESKTOP: ONBOARDING-PERSONAS; R3-INTEGRATED: current frozen product surface
k-tour-id-app/tests/visual/ondo-b-flow-pixels-desktop.spec.ts-snapshots/B-PX-ONBOARDING-PREFERENCES-EN-FL-007-FL-008-FL-009-en-1440x1000-desktop-chromium-darwin.png	888b307eb2503bc1d005a4c8ccfc1978fa44bf3cff7aa61c06e175330815e83b	1440	1000	1440x1000	B-PX-ONBOARDING-PREFERENCES-EN	ONBOARDING-PREFERENCES	FL-007,FL-008,FL-009	en	FROZEN	R3-DESKTOP: ONBOARDING-PREFERENCES; D4-R3-003: explicit dietary requirements
k-tour-id-app/tests/visual/ondo-b-flow-pixels-desktop.spec.ts-snapshots/B-PX-ONBOARDING-VALUE-EN-FL-007-FL-008-FL-009-en-1440x1000-desktop-chromium-darwin.png	c78b1093b52f196fe1aa8f57fc523b7ee0e2d53de80df393e9923944b07d0f5f	1440	1000	1440x1000	B-PX-ONBOARDING-VALUE-EN	ONBOARDING-VALUE	FL-007,FL-008,FL-009	en	FROZEN	R3-DESKTOP: ONBOARDING-VALUE; R3-INTEGRATED: current frozen product surface
k-tour-id-app/tests/visual/ondo-b-flow-pixels-desktop.spec.ts-snapshots/B-PX-PLACE-DETAIL-EN-FL-001-FL-010-FL-011-FL-012-FL-016-en-1440x1000-desktop-chromium-darwin.png	9a1fe5c7e1d5830d9f7b47e6d48307defecd84c6d087f16d9e6cbcec941045a8	1440	1000	1440x1000	B-PX-PLACE-DETAIL-EN	PLACE-DETAIL	FL-001,FL-010,FL-011,FL-012,FL-016	en	FROZEN	R3-DESKTOP: PLACE-DETAIL; R3-INTEGRATED: current frozen product surface
k-tour-id-app/tests/visual/ondo-b-flow-pixels-desktop.spec.ts-snapshots/B-PX-PLACE-PEEK-EN-FL-001-en-1440x1000-desktop-chromium-darwin.png	7bf318c3b6e604c87abf3e94198e7c2e798e9accd65d23706bb4ff36ec70a77c	1440	1000	1440x1000	B-PX-PLACE-PEEK-EN	PLACE-PEEK	FL-001	en	FROZEN	R3-DESKTOP: PLACE-PEEK; R3-INTEGRATED: current frozen product surface
k-tour-id-app/tests/visual/ondo-b-flow-pixels-desktop.spec.ts-snapshots/B-PX-PROFILE-KO-FL-015-ko-1440x1000-desktop-chromium-darwin.png	bb2c1d3a4ee90ecdb71525471f794af9786de15d378746827642f035ea65b017	1440	1000	1440x1000	B-PX-PROFILE-KO	PROFILE	FL-015	ko	FROZEN	R3-DESKTOP: PROFILE; D4-R3-003+D4-R3-004: persisted dietary choices and unique accessible controls
k-tour-id-app/tests/visual/ondo-b-flow-pixels-desktop.spec.ts-snapshots/B-PX-REPORT-EN-FL-003-en-1440x1000-desktop-chromium-darwin.png	89fb203a4bb6b290bb4257faf48bb7fd657d736dba378b3658df15735712a317	1440	1000	1440x1000	B-PX-REPORT-EN	REPORT	FL-003	en	FROZEN	R3-DESKTOP: REPORT; R3-INTEGRATED: current frozen product surface
k-tour-id-app/tests/visual/ondo-b-flow-pixels-desktop.spec.ts-snapshots/B-PX-SAVE-FAILURE-EN-FL-011-en-1440x1000-desktop-chromium-darwin.png	79b361d448297c89723b663286d5fe00d2a73482b5369dca573b18714008fd2e	1440	1000	1440x1000	B-PX-SAVE-FAILURE-EN	SAVE-FAILURE	FL-011	en	FROZEN	R3-DESKTOP: SAVE-FAILURE; R3-INTEGRATED: current frozen product surface
k-tour-id-app/tests/visual/ondo-b-flow-pixels-desktop.spec.ts-snapshots/B-PX-SAVE-RECOVERED-KO-FL-011-ko-1440x1000-desktop-chromium-darwin.png	a42aec6df33f841b76e7d5af0fa4da13c96141d794d3f8951540ef33696fefe2	1440	1000	1440x1000	B-PX-SAVE-RECOVERED-KO	SAVE-RECOVERED	FL-011	ko	FROZEN	R3-DESKTOP: SAVE-RECOVERED; R3-INTEGRATED: current frozen product surface
k-tour-id-app/tests/visual/ondo-b-flow-pixels-desktop.spec.ts-snapshots/B-PX-TABLE-DETAIL-KO-FL-003-ko-1440x1000-desktop-chromium-darwin.png	50040877608975ad32010ee6735de889bf4f829c1558fb9703c565b22d7f3e3c	1440	1000	1440x1000	B-PX-TABLE-DETAIL-KO	TABLE-DETAIL	FL-003	ko	FROZEN	R3-DESKTOP: TABLE-DETAIL; R3-INTEGRATED: current frozen product surface
k-tour-id-app/tests/visual/ondo-b-flow-pixels-desktop.spec.ts-snapshots/B-PX-TABLE-JOIN-FAIL-EN-FL-003-en-1440x1000-desktop-chromium-darwin.png	7c7c22d0438ba5ea8b4a58c7b80d3b6fd202246adae59b71f787414e611c3d98	1440	1000	1440x1000	B-PX-TABLE-JOIN-FAIL-EN	TABLE-JOIN-FAIL	FL-003	en	FROZEN	R3-DESKTOP: TABLE-JOIN-FAIL; D3-R3-001+D4-R3-005: announced local-preview failure and recovery focus
k-tour-id-app/tests/visual/ondo-b-flow-pixels-desktop.spec.ts-snapshots/B-PX-TABLES-LIST-EN-FL-003-en-1440x1000-desktop-chromium-darwin.png	dceb002ab7fdd6427e6b809030de743f92524d05da82e817acbffa52c679a40a	1440	1000	1440x1000	B-PX-TABLES-LIST-EN	TABLES-LIST	FL-003	en	FROZEN	R3-DESKTOP: TABLES-LIST; R3-INTEGRATED: current frozen product surface
k-tour-id-app/tests/visual/ondo-b-flow-pixels-desktop.spec.ts-snapshots/B-PX-TABLES-VENUE-EMPTY-EN-FL-003-en-1440x1000-desktop-chromium-darwin.png	c7fbc1f5c15fecec93d8c473de0f035e0b8a46f671d9f366dd2097949ddcdffd	1440	1000	1440x1000	B-PX-TABLES-VENUE-EMPTY-EN	TABLES-VENUE-EMPTY	FL-003	en	FROZEN	R3-DESKTOP: TABLES-VENUE-EMPTY; D5-R3-003: venue-scoped recovery and modal-isolation cleanup
k-tour-id-app/tests/visual/ondo-b-flow-pixels-desktop.spec.ts-snapshots/B-PX-TRUST-FOUR-AXES-EN-FL-003-FL-012-FL-015-en-1440x1000-desktop-chromium-darwin.png	8cc227b7997cab7a41682e15cfd29d1b6452d7bb4bb18b78a79134214b430650	1440	1000	1440x1000	B-PX-TRUST-FOUR-AXES-EN	TRUST-FOUR-AXES	FL-003,FL-012,FL-015	en	FROZEN	R3-DESKTOP: TRUST-FOUR-AXES; D4-R3-001: non-evidentiary local activity truth
k-tour-id-app/tests/visual/ondo-b-flow-pixels-mobile.spec.ts-snapshots/B-PX-AFTER19-PROMPT-EN-FL-013-en-390x844-mobile-chromium-darwin.png	26afd579465a4b4159ab8e79dcac2dee54612833fd207eafda55a02492df32e8	390	844	390x844	B-PX-AFTER19-PROMPT-EN	AFTER19-PROMPT	FL-013	en	FROZEN	R3-MOBILE: AFTER19-PROMPT; R3-INTEGRATED: current frozen product surface
k-tour-id-app/tests/visual/ondo-b-flow-pixels-mobile.spec.ts-snapshots/B-PX-AFTER19-VENUE-LOCKED-EN-FL-002-en-390x844-mobile-chromium-darwin.png	4156601b8941fc93bbf8ae9583c49b47f0b4df97ae5d994b4081b6faf35c2c7e	390	844	390x844	B-PX-AFTER19-VENUE-LOCKED-EN	AFTER19-VENUE-LOCKED	FL-002	en	FROZEN	R3-MOBILE: AFTER19-VENUE-LOCKED; R3-INTEGRATED: current frozen product surface
k-tour-id-app/tests/visual/ondo-b-flow-pixels-mobile.spec.ts-snapshots/B-PX-AFTER19-VENUE-RETURN-EN-FL-002-FL-013-FL-014-en-390x844-mobile-chromium-darwin.png	1e01f4553f61f3ebf0bc7ab9392a552d11e90c4129ee2f6f5b5bab7d51bf3853	390	844	390x844	B-PX-AFTER19-VENUE-RETURN-EN	AFTER19-VENUE-RETURN	FL-002,FL-013,FL-014	en	FROZEN	R3-MOBILE: AFTER19-VENUE-RETURN; R3-INTEGRATED: current frozen product surface
k-tour-id-app/tests/visual/ondo-b-flow-pixels-mobile.spec.ts-snapshots/B-PX-CHAT-EN-FL-003-en-390x844-mobile-chromium-darwin.png	bd057b73f432664ffc3e9fee08830731ffdd053e34e0382a0785e85463b1de3e	390	844	390x844	B-PX-CHAT-EN	CHAT	FL-003	en	FROZEN	R3-MOBILE: CHAT; R3-INTEGRATED: current frozen product surface
k-tour-id-app/tests/visual/ondo-b-flow-pixels-mobile.spec.ts-snapshots/B-PX-CHAT-IMAGE-FAIL-EN-FL-003-en-390x844-mobile-chromium-darwin.png	dadc6fe0d3f1034516c52f28704e82789864f6b6885e390d1443874da7740276	390	844	390x844	B-PX-CHAT-IMAGE-FAIL-EN	CHAT-IMAGE-FAIL	FL-003	en	FROZEN	R3-MOBILE: CHAT-IMAGE-FAIL; R3-INTEGRATED: current frozen product surface
k-tour-id-app/tests/visual/ondo-b-flow-pixels-mobile.spec.ts-snapshots/B-PX-CHECKOUT-CANCEL-KO-FL-004-ko-390x844-mobile-chromium-darwin.png	166c3e8aa049a89467fce654fcc886b5c7ebb54d31c21cb86838b02850f6984a	390	844	390x844	B-PX-CHECKOUT-CANCEL-KO	CHECKOUT-CANCEL	FL-004	ko	FROZEN	R3-MOBILE: CHECKOUT-CANCEL; POST-R3-CHECKOUT-FOCUS: transition focus ownership
k-tour-id-app/tests/visual/ondo-b-flow-pixels-mobile.spec.ts-snapshots/B-PX-CHECKOUT-FAIL-EN-FL-004-en-390x844-mobile-chromium-darwin.png	584447b78b7c400fd775ad7120b18f241affcd59ad44036b46382abe5c68228d	390	844	390x844	B-PX-CHECKOUT-FAIL-EN	CHECKOUT-FAIL	FL-004	en	FROZEN	R3-MOBILE: CHECKOUT-FAIL; POST-R3-CHECKOUT-FOCUS: transition focus ownership
k-tour-id-app/tests/visual/ondo-b-flow-pixels-mobile.spec.ts-snapshots/B-PX-CHECKOUT-IDLE-EN-FL-004-FL-017-en-390x844-mobile-chromium-darwin.png	636ec3af9b3d658f7ce96b00017ad4a6f1129d5a42878a82ba0b844ca934b878	390	844	390x844	B-PX-CHECKOUT-IDLE-EN	CHECKOUT-IDLE	FL-004,FL-017	en	FROZEN	R3-MOBILE: CHECKOUT-IDLE; POST-R3-CHECKOUT-FOCUS: transition focus ownership
k-tour-id-app/tests/visual/ondo-b-flow-pixels-mobile.spec.ts-snapshots/B-PX-CHECKOUT-RECEIPT-EN-FL-004-en-390x844-mobile-chromium-darwin.png	9aa8bcdc2240b2c5e3eabe890b79fc06d4e24d601991e7b1c406826c7abc1eae	390	844	390x844	B-PX-CHECKOUT-RECEIPT-EN	CHECKOUT-RECEIPT	FL-004	en	FROZEN	R3-MOBILE: CHECKOUT-RECEIPT; D4-R3-001+POST-R3-CHECKOUT-FOCUS: simulated receipt truth and focus ownership
k-tour-id-app/tests/visual/ondo-b-flow-pixels-mobile.spec.ts-snapshots/B-PX-CHECKOUT-STAMP-KO-FL-004-ko-390x844-mobile-chromium-darwin.png	07c192af69ee7e47a25ece81158ac5ca3c00897200a346f87cf54bab9d3a5152	390	844	390x844	B-PX-CHECKOUT-STAMP-KO	CHECKOUT-STAMP	FL-004	ko	FROZEN	R3-MOBILE: CHECKOUT-STAMP; D4-R3-001+POST-R3-CHECKOUT-FOCUS: simulated visit truth and focus ownership
k-tour-id-app/tests/visual/ondo-b-flow-pixels-mobile.spec.ts-snapshots/B-PX-CITY-FALLBACK-KO-FL-001-ko-390x844-mobile-chromium-darwin.png	4a60e1dbb8cb78a622dc542c8cf6c1b630452bb3efd9458ee98f682f25b09050	390	844	390x844	B-PX-CITY-FALLBACK-KO	CITY-FALLBACK	FL-001	ko	FROZEN	R3-MOBILE: CITY-FALLBACK; R3-INTEGRATED: current frozen product surface
k-tour-id-app/tests/visual/ondo-b-flow-pixels-mobile.spec.ts-snapshots/B-PX-CITY-LIST-EN-FL-001-en-390x844-mobile-chromium-darwin.png	1d4c29776d88939ce7515439911b1dd4d30446c1655ef69d63f2ac3f3ae18ff1	390	844	390x844	B-PX-CITY-LIST-EN	CITY-LIST	FL-001	en	FROZEN	R3-MOBILE: CITY-LIST; D5-R3-002: bounded discovery-alias integration
k-tour-id-app/tests/visual/ondo-b-flow-pixels-mobile.spec.ts-snapshots/B-PX-CITY-LIVE-EN-FL-001-FL-014-en-390x844-mobile-chromium-darwin.png	34d73262d89c0c0b01b013d5c39d6e60523a5e30583da48e28180961e52c508b	390	844	390x844	B-PX-CITY-LIVE-EN	CITY-LIVE	FL-001,FL-014	en	FROZEN	R3-MOBILE: CITY-LIVE; D1-R3-001: desktop rail/map-key clearance
k-tour-id-app/tests/visual/ondo-b-flow-pixels-mobile.spec.ts-snapshots/B-PX-CITY-LIVE-KO-FL-001-FL-014-ko-390x844-mobile-chromium-darwin.png	7bb9b70f91fc721c7f28f6b51ee4d85ad8eb7a38a4775a8baae490ee1e1394f4	390	844	390x844	B-PX-CITY-LIVE-KO	CITY-LIVE	FL-001,FL-014	ko	FROZEN	R3-MOBILE: CITY-LIVE; D1-R3-001: desktop rail/map-key clearance
k-tour-id-app/tests/visual/ondo-b-flow-pixels-mobile.spec.ts-snapshots/B-PX-FEEDBACK-KO-FL-003-FL-015-ko-390x844-mobile-chromium-darwin.png	fb8cf614b0629f9f75502efc2777b10eff27964f1bba027a87edaa2cb842ce71	390	844	390x844	B-PX-FEEDBACK-KO	FEEDBACK	FL-003,FL-015	ko	FROZEN	R3-MOBILE: FEEDBACK; R3-INTEGRATED: current frozen product surface
k-tour-id-app/tests/visual/ondo-b-flow-pixels-mobile.spec.ts-snapshots/B-PX-GATE-ACCOUNT-FAIL-KO-FL-010-ko-390x844-mobile-chromium-darwin.png	1fd2e838cc1c8c63d608ddaabc6a7297f4e93105915304f2fe88a5dc666c838d	390	844	390x844	B-PX-GATE-ACCOUNT-FAIL-KO	GATE-ACCOUNT-FAIL	FL-010	ko	FROZEN	R3-MOBILE: GATE-ACCOUNT-FAIL; D4-R3-002: identity taxonomy localization
k-tour-id-app/tests/visual/ondo-b-flow-pixels-mobile.spec.ts-snapshots/B-PX-GATE-AGE-FAIL-KO-FL-002-FL-013-ko-390x844-mobile-chromium-darwin.png	3d917dc8621cd4d9fbe5a9a46e6ce43e504773b7523962de7da3b38824337833	390	844	390x844	B-PX-GATE-AGE-FAIL-KO	GATE-AGE-FAIL	FL-002,FL-013	ko	FROZEN	R3-MOBILE: GATE-AGE-FAIL; D4-R3-002: identity taxonomy localization
k-tour-id-app/tests/visual/ondo-b-flow-pixels-mobile.spec.ts-snapshots/B-PX-GATE-PAYMENT-EN-FL-017-en-390x844-mobile-chromium-darwin.png	68d2778dfc994929b73615348b68ef3f7c645e426452cd54573a4d0a5ac136d8	390	844	390x844	B-PX-GATE-PAYMENT-EN	GATE-PAYMENT	FL-017	en	FROZEN	R3-MOBILE: GATE-PAYMENT; D4-R3-002: identity taxonomy localization
k-tour-id-app/tests/visual/ondo-b-flow-pixels-mobile.spec.ts-snapshots/B-PX-GATE-PAYMENT-FAIL-KO-FL-017-ko-390x844-mobile-chromium-darwin.png	fca7e706345e5ec4c5408f283c43b6228d3aa8e9546bba9b307076b5382c37db	390	844	390x844	B-PX-GATE-PAYMENT-FAIL-KO	GATE-PAYMENT-FAIL	FL-017	ko	FROZEN	R3-MOBILE: GATE-PAYMENT-FAIL; D4-R3-002: identity taxonomy localization
k-tour-id-app/tests/visual/ondo-b-flow-pixels-mobile.spec.ts-snapshots/B-PX-GATE-PERSON-CX-KO-FL-005-ko-390x844-mobile-chromium-darwin.png	fa22df671680617ef307b8b252c05ca02e7a4ab0bac77a9b0492d10b7ef6eead	390	844	390x844	B-PX-GATE-PERSON-CX-KO	GATE-PERSON-CX	FL-005	ko	FROZEN	R3-MOBILE: GATE-PERSON-CX; D4-R3-002: identity taxonomy localization
k-tour-id-app/tests/visual/ondo-b-flow-pixels-mobile.spec.ts-snapshots/B-PX-GATE-PERSON-PASSPORT-EN-FL-006-FL-012-en-390x844-mobile-chromium-darwin.png	4047a59ced2b8987a7f80f898d973916f88c77e0ff6cd470ab8d105a5a4461b3	390	844	390x844	B-PX-GATE-PERSON-PASSPORT-EN	GATE-PERSON-PASSPORT	FL-006,FL-012	en	FROZEN	R3-MOBILE: GATE-PERSON-PASSPORT; D4-R3-002: identity taxonomy localization
k-tour-id-app/tests/visual/ondo-b-flow-pixels-mobile.spec.ts-snapshots/B-PX-GATE-RESIDENCE-UNSUPPORTED-EN-FL-006-en-390x844-mobile-chromium-darwin.png	c0a6c179c259a8e212ebf03d7dfa55ad89d2b47b716ea6cf43018ebfbb6e78f2	390	844	390x844	B-PX-GATE-RESIDENCE-UNSUPPORTED-EN	GATE-PERSON-RESIDENCE-UNSUPPORTED	FL-006	en	FROZEN	R3-MOBILE: GATE-PERSON-RESIDENCE-UNSUPPORTED; D4-R3-002+D5-R3-001: localized identity taxonomy and unsupported provider truth
k-tour-id-app/tests/visual/ondo-b-flow-pixels-mobile.spec.ts-snapshots/B-PX-LABS-BRIDGE-FAIL-EN-FL-018-en-390x844-mobile-chromium-darwin.png	e6d4a2f790023242dec84825985217597e2d562de317f521c59326a94a554815	390	844	390x844	B-PX-LABS-BRIDGE-FAIL-EN	LABS-BRIDGE-FAIL	FL-018	en	FROZEN	R3-MOBILE: LABS-BRIDGE-FAIL; R3-INTEGRATED: current frozen product surface
k-tour-id-app/tests/visual/ondo-b-flow-pixels-mobile.spec.ts-snapshots/B-PX-LABS-BRIDGE-SUCCESS-EN-FL-018-en-390x844-mobile-chromium-darwin.png	c5c0c593a8fe3cd9a4cdae37f3d353e0194cb2956706d8bba875e9191d84ff5a	390	844	390x844	B-PX-LABS-BRIDGE-SUCCESS-EN	LABS-BRIDGE-SUCCESS	FL-018	en	FROZEN	R3-MOBILE: LABS-BRIDGE-SUCCESS; R3-INTEGRATED: current frozen product surface
k-tour-id-app/tests/visual/ondo-b-flow-pixels-mobile.spec.ts-snapshots/B-PX-LABS-EN-FL-004-FL-016-FL-018-en-390x844-mobile-chromium-darwin.png	1782c746234b36aafe30dc9b22d390f199076c1d93866884b95636640ea0eea3	390	844	390x844	B-PX-LABS-EN	LABS	FL-004,FL-016,FL-018	en	FROZEN	R3-MOBILE: LABS; R3-INTEGRATED: current frozen product surface
k-tour-id-app/tests/visual/ondo-b-flow-pixels-mobile.spec.ts-snapshots/B-PX-LABS-TRAIT-FAIL-KO-FL-016-ko-390x844-mobile-chromium-darwin.png	0c0172fab893685050c9dbf9e7ef7aaeb4609f57e4f0e74778ae4444da669bae	390	844	390x844	B-PX-LABS-TRAIT-FAIL-KO	LABS-TRAIT-FAIL	FL-016	ko	FROZEN	R3-MOBILE: LABS-TRAIT-FAIL; D3-R3-002: signer failure status and retry focus
k-tour-id-app/tests/visual/ondo-b-flow-pixels-mobile.spec.ts-snapshots/B-PX-LOCAL-SIGNAL-EMPTY-EN-FL-012-en-390x844-mobile-chromium-darwin.png	d30280da3a81e2b50142c2e576b09cab2965abb62cc770f34a8e48d77ef2606e	390	844	390x844	B-PX-LOCAL-SIGNAL-EMPTY-EN	LOCAL-SIGNAL-EMPTY	FL-012	en	FROZEN	R3-MOBILE: LOCAL-SIGNAL-EMPTY; D3-R3-001: local-signal status relationship
k-tour-id-app/tests/visual/ondo-b-flow-pixels-mobile.spec.ts-snapshots/B-PX-LOCAL-SIGNAL-FAIL-KO-FL-012-ko-390x844-mobile-chromium-darwin.png	e2e2dc3a0dd1abbe98f262985b7eb65de51712439841d21e15634c983f9d5a01	390	844	390x844	B-PX-LOCAL-SIGNAL-FAIL-KO	LOCAL-SIGNAL-FAIL	FL-012	ko	FROZEN	R3-MOBILE: LOCAL-SIGNAL-FAIL; D3-R3-001: announced failure and recovery focus
k-tour-id-app/tests/visual/ondo-b-flow-pixels-mobile.spec.ts-snapshots/B-PX-LOCAL-SIGNAL-SUCCESS-EN-FL-012-FL-015-en-390x844-mobile-chromium-darwin.png	ef3231acfde1b27e4f7ac5f726227e5826a94f31bc29f575aeddecfa0520dc99	390	844	390x844	B-PX-LOCAL-SIGNAL-SUCCESS-EN	LOCAL-SIGNAL-SUCCESS	FL-012,FL-015	en	FROZEN	R3-MOBILE: LOCAL-SIGNAL-SUCCESS; D3-R3-001: announced success/duplicate outcome
k-tour-id-app/tests/visual/ondo-b-flow-pixels-mobile.spec.ts-snapshots/B-PX-MY-EN-FL-004-FL-011-FL-015-en-390x844-mobile-chromium-darwin.png	27c2850fb88b35f30b0332d1ce40d10795f3200218aad0f6d44ca283ff8e2e7b	390	844	390x844	B-PX-MY-EN	MY	FL-004,FL-011,FL-015	en	FROZEN	R3-MOBILE: MY; D4-R3-001: simulated-visit truth labels
k-tour-id-app/tests/visual/ondo-b-flow-pixels-mobile.spec.ts-snapshots/B-PX-NATION-EN-FL-001-en-390x844-mobile-chromium-darwin.png	3d333448b30cb400935162c3f290808b07a29b78e7a9a6d3449a03751e4028d2	390	844	390x844	B-PX-NATION-EN	NATION	FL-001	en	FROZEN	R3-MOBILE: NATION; R3-INTEGRATED: current frozen product surface
k-tour-id-app/tests/visual/ondo-b-flow-pixels-mobile.spec.ts-snapshots/B-PX-NATION-KO-FL-001-ko-390x844-mobile-chromium-darwin.png	c63972fdd9745b09ab8d9b07e6fa375b036d1110d7d05806026f499990b977c5	390	844	390x844	B-PX-NATION-KO	NATION	FL-001	ko	FROZEN	R3-MOBILE: NATION; R3-INTEGRATED: current frozen product surface
k-tour-id-app/tests/visual/ondo-b-flow-pixels-mobile.spec.ts-snapshots/B-PX-ONBOARDING-PERSONAS-KO-FL-007-FL-008-FL-009-ko-390x844-mobile-chromium-darwin.png	7ea5a55be660086e3929ecf219039e03b8b3b9aceeaa55cdf585baf8b7780c25	390	844	390x844	B-PX-ONBOARDING-PERSONAS-KO	ONBOARDING-PERSONAS	FL-007,FL-008,FL-009	ko	FROZEN	R3-MOBILE: ONBOARDING-PERSONAS; R3-INTEGRATED: current frozen product surface
k-tour-id-app/tests/visual/ondo-b-flow-pixels-mobile.spec.ts-snapshots/B-PX-ONBOARDING-PREFERENCES-EN-FL-007-FL-008-FL-009-en-390x844-mobile-chromium-darwin.png	f13d6dcdf074c73ee18139039df42b9ada41c30ac500c02a8edad80f3f51308a	390	844	390x844	B-PX-ONBOARDING-PREFERENCES-EN	ONBOARDING-PREFERENCES	FL-007,FL-008,FL-009	en	FROZEN	R3-MOBILE: ONBOARDING-PREFERENCES; D4-R3-003: explicit dietary requirements
k-tour-id-app/tests/visual/ondo-b-flow-pixels-mobile.spec.ts-snapshots/B-PX-ONBOARDING-VALUE-EN-FL-007-FL-008-FL-009-en-390x844-mobile-chromium-darwin.png	3fef9f67a3e9845d512072c4df023593fab793ae091922db8341cdb444aed710	390	844	390x844	B-PX-ONBOARDING-VALUE-EN	ONBOARDING-VALUE	FL-007,FL-008,FL-009	en	FROZEN	R3-MOBILE: ONBOARDING-VALUE; R3-INTEGRATED: current frozen product surface
k-tour-id-app/tests/visual/ondo-b-flow-pixels-mobile.spec.ts-snapshots/B-PX-PLACE-DETAIL-EN-FL-001-FL-010-FL-011-FL-012-FL-016-en-390x844-mobile-chromium-darwin.png	5a70c293fc7172493ad08e1217be674815551127a256a33388fca7f088a690f6	390	844	390x844	B-PX-PLACE-DETAIL-EN	PLACE-DETAIL	FL-001,FL-010,FL-011,FL-012,FL-016	en	FROZEN	R3-MOBILE: PLACE-DETAIL; R3-INTEGRATED: current frozen product surface
k-tour-id-app/tests/visual/ondo-b-flow-pixels-mobile.spec.ts-snapshots/B-PX-PLACE-PEEK-EN-FL-001-en-390x844-mobile-chromium-darwin.png	31710e5cecbc2a67a0ebedb2cb29c06efc5312910c39444469492032437b00ef	390	844	390x844	B-PX-PLACE-PEEK-EN	PLACE-PEEK	FL-001	en	FROZEN	R3-MOBILE: PLACE-PEEK; R3-INTEGRATED: current frozen product surface
k-tour-id-app/tests/visual/ondo-b-flow-pixels-mobile.spec.ts-snapshots/B-PX-PROFILE-KO-FL-015-ko-390x844-mobile-chromium-darwin.png	e3cddca6aae16b99a4f99bdcd3709eca6215f282dc30a5c7bb17f61a10ebe803	390	844	390x844	B-PX-PROFILE-KO	PROFILE	FL-015	ko	FROZEN	R3-MOBILE: PROFILE; D4-R3-003+D4-R3-004: persisted dietary choices and unique accessible controls
k-tour-id-app/tests/visual/ondo-b-flow-pixels-mobile.spec.ts-snapshots/B-PX-REPORT-EN-FL-003-en-390x844-mobile-chromium-darwin.png	43874ecb68b4d8f3a33b3d6d026c253aeff84f8f1c64cd76b438703479643301	390	844	390x844	B-PX-REPORT-EN	REPORT	FL-003	en	FROZEN	R3-MOBILE: REPORT; R3-INTEGRATED: current frozen product surface
k-tour-id-app/tests/visual/ondo-b-flow-pixels-mobile.spec.ts-snapshots/B-PX-SAVE-FAILURE-EN-FL-011-en-390x844-mobile-chromium-darwin.png	1bfd288dfcf17660b8db3a6d645be3e3cff5906790fc75be929920e9ebe12e0f	390	844	390x844	B-PX-SAVE-FAILURE-EN	SAVE-FAILURE	FL-011	en	FROZEN	R3-MOBILE: SAVE-FAILURE; R3-INTEGRATED: current frozen product surface
k-tour-id-app/tests/visual/ondo-b-flow-pixels-mobile.spec.ts-snapshots/B-PX-SAVE-RECOVERED-KO-FL-011-ko-390x844-mobile-chromium-darwin.png	607c26b3ae16b98f4371729501460d288c22c2e322f81652218ffaa9f758c6ac	390	844	390x844	B-PX-SAVE-RECOVERED-KO	SAVE-RECOVERED	FL-011	ko	FROZEN	R3-MOBILE: SAVE-RECOVERED; R3-INTEGRATED: current frozen product surface
k-tour-id-app/tests/visual/ondo-b-flow-pixels-mobile.spec.ts-snapshots/B-PX-TABLE-DETAIL-KO-FL-003-ko-390x844-mobile-chromium-darwin.png	0b4c7630c2f2d0e60a182096d1a52e6a2dea72d1b6d86e26fd8a03d2d1b06eeb	390	844	390x844	B-PX-TABLE-DETAIL-KO	TABLE-DETAIL	FL-003	ko	FROZEN	R3-MOBILE: TABLE-DETAIL; R3-INTEGRATED: current frozen product surface
k-tour-id-app/tests/visual/ondo-b-flow-pixels-mobile.spec.ts-snapshots/B-PX-TABLE-JOIN-FAIL-EN-FL-003-en-390x844-mobile-chromium-darwin.png	4f303640534664e7d22324b048ef28197fd1557660892ddb240142b853525d71	390	844	390x844	B-PX-TABLE-JOIN-FAIL-EN	TABLE-JOIN-FAIL	FL-003	en	FROZEN	R3-MOBILE: TABLE-JOIN-FAIL; D3-R3-001+D4-R3-005: announced local-preview failure and recovery focus
k-tour-id-app/tests/visual/ondo-b-flow-pixels-mobile.spec.ts-snapshots/B-PX-TABLES-LIST-EN-FL-003-en-390x844-mobile-chromium-darwin.png	1698837fc1477f0b693cceab03464f1d1ac69b322c2203b19f5118e32706858d	390	844	390x844	B-PX-TABLES-LIST-EN	TABLES-LIST	FL-003	en	FROZEN	R3-MOBILE: TABLES-LIST; R3-INTEGRATED: current frozen product surface
k-tour-id-app/tests/visual/ondo-b-flow-pixels-mobile.spec.ts-snapshots/B-PX-TABLES-VENUE-EMPTY-EN-FL-003-en-390x844-mobile-chromium-darwin.png	6e80a589f9ed38d644f4d5c83d674f4c01cabe81ad8bf5ed2211ded4983670d0	390	844	390x844	B-PX-TABLES-VENUE-EMPTY-EN	TABLES-VENUE-EMPTY	FL-003	en	FROZEN	R3-MOBILE: TABLES-VENUE-EMPTY; D5-R3-003: venue-scoped recovery and modal-isolation cleanup
k-tour-id-app/tests/visual/ondo-b-flow-pixels-mobile.spec.ts-snapshots/B-PX-TRUST-FOUR-AXES-EN-FL-003-FL-012-FL-015-en-390x844-mobile-chromium-darwin.png	bebdb175cd59c7b826d0b0f9bbf7f1458aab7304135073ca7651c08d12da5c3e	390	844	390x844	B-PX-TRUST-FOUR-AXES-EN	TRUST-FOUR-AXES	FL-003,FL-012,FL-015	en	FROZEN	R3-MOBILE: TRUST-FOUR-AXES; D4-R3-001: non-evidentiary local activity truth
k-tour-id-app/tests/visual/ondo-b-flow-pixels-responsive.spec.ts-snapshots/B-PX-AFTER19-PROMPT-EN-FL-013-en-360x800-desktop-chromium-darwin.png	bf75fa28e5fc2b1172269bceade17fed49d23a02f8ec1ab0e4a8a334bdfc7a52	360	800	360x800	B-PX-AFTER19-PROMPT-EN	AFTER19-PROMPT	FL-013	en	FROZEN	R3-RESPONSIVE: AFTER19-PROMPT; R3-INTEGRATED: current frozen product surface
k-tour-id-app/tests/visual/ondo-b-flow-pixels-responsive.spec.ts-snapshots/B-PX-AFTER19-PROMPT-EN-FL-013-en-430x932-desktop-chromium-darwin.png	b6b971453a7436886a0813ab9c7a4361c376b0ff385d2ee37f831726a2525563	430	932	430x932	B-PX-AFTER19-PROMPT-EN	AFTER19-PROMPT	FL-013	en	FROZEN	R3-RESPONSIVE: AFTER19-PROMPT; R3-INTEGRATED: current frozen product surface
k-tour-id-app/tests/visual/ondo-b-flow-pixels-responsive.spec.ts-snapshots/B-PX-AFTER19-PROMPT-EN-FL-013-en-768x1024-desktop-chromium-darwin.png	d30733d41689c24007ea89c2d42fb71f866c92e9674ca46c0a21838314a7203d	768	1024	768x1024	B-PX-AFTER19-PROMPT-EN	AFTER19-PROMPT	FL-013	en	FROZEN	R3-RESPONSIVE: AFTER19-PROMPT; R3-INTEGRATED: current frozen product surface
k-tour-id-app/tests/visual/ondo-b-flow-pixels-responsive.spec.ts-snapshots/B-PX-AFTER19-PROMPT-EN-FL-013-en-801x1000-desktop-chromium-darwin.png	69e430cbe73d897078a34f96c531dad98a9adf7dc45b4bb6705cef56cb28bd26	801	1000	801x1000	B-PX-AFTER19-PROMPT-EN	AFTER19-PROMPT	FL-013	en	FROZEN	R3-RESPONSIVE: AFTER19-PROMPT; R3-INTEGRATED: current frozen product surface
k-tour-id-app/tests/visual/ondo-b-flow-pixels-responsive.spec.ts-snapshots/B-PX-AFTER19-VENUE-LOCKED-EN-FL-002-en-360x800-desktop-chromium-darwin.png	0cc8acf41cf9575822a059d309509e5ba7209cae6142a04238c9f5ba1255dee7	360	800	360x800	B-PX-AFTER19-VENUE-LOCKED-EN	AFTER19-VENUE-LOCKED	FL-002	en	FROZEN	R3-RESPONSIVE: AFTER19-VENUE-LOCKED; R3-INTEGRATED: current frozen product surface
k-tour-id-app/tests/visual/ondo-b-flow-pixels-responsive.spec.ts-snapshots/B-PX-AFTER19-VENUE-LOCKED-EN-FL-002-en-430x932-desktop-chromium-darwin.png	827bc6ec640002c400e755ce80b59ee426a9060a57169c41613042fbf8e0a46d	430	932	430x932	B-PX-AFTER19-VENUE-LOCKED-EN	AFTER19-VENUE-LOCKED	FL-002	en	FROZEN	R3-RESPONSIVE: AFTER19-VENUE-LOCKED; R3-INTEGRATED: current frozen product surface
k-tour-id-app/tests/visual/ondo-b-flow-pixels-responsive.spec.ts-snapshots/B-PX-AFTER19-VENUE-LOCKED-EN-FL-002-en-768x1024-desktop-chromium-darwin.png	c60a641eb304addfe82b4ae6c3babf04757d26ea6408d1add20f9d3a9dc5869b	768	1024	768x1024	B-PX-AFTER19-VENUE-LOCKED-EN	AFTER19-VENUE-LOCKED	FL-002	en	FROZEN	R3-RESPONSIVE: AFTER19-VENUE-LOCKED; R3-INTEGRATED: current frozen product surface
k-tour-id-app/tests/visual/ondo-b-flow-pixels-responsive.spec.ts-snapshots/B-PX-AFTER19-VENUE-LOCKED-EN-FL-002-en-801x1000-desktop-chromium-darwin.png	ce6ecf69dce87d7f443b169ae0a496451ea8277db49a11e73820cf1037b73c09	801	1000	801x1000	B-PX-AFTER19-VENUE-LOCKED-EN	AFTER19-VENUE-LOCKED	FL-002	en	FROZEN	R3-RESPONSIVE: AFTER19-VENUE-LOCKED; R3-INTEGRATED: current frozen product surface
k-tour-id-app/tests/visual/ondo-b-flow-pixels-responsive.spec.ts-snapshots/B-PX-AFTER19-VENUE-RETURN-EN-FL-002-FL-013-FL-014-en-360x800-desktop-chromium-darwin.png	8efb7d7a6a958c5cb8f32447dab0a5ab431f882b10aff39f0489adc8a5187388	360	800	360x800	B-PX-AFTER19-VENUE-RETURN-EN	AFTER19-VENUE-RETURN	FL-002,FL-013,FL-014	en	FROZEN	R3-RESPONSIVE: AFTER19-VENUE-RETURN; R3-INTEGRATED: current frozen product surface
k-tour-id-app/tests/visual/ondo-b-flow-pixels-responsive.spec.ts-snapshots/B-PX-AFTER19-VENUE-RETURN-EN-FL-002-FL-013-FL-014-en-430x932-desktop-chromium-darwin.png	4c7808ac6410756077e20b218e7e116ec9910ee57c123ba2a4c44ce32832fc8f	430	932	430x932	B-PX-AFTER19-VENUE-RETURN-EN	AFTER19-VENUE-RETURN	FL-002,FL-013,FL-014	en	FROZEN	R3-RESPONSIVE: AFTER19-VENUE-RETURN; R3-INTEGRATED: current frozen product surface
k-tour-id-app/tests/visual/ondo-b-flow-pixels-responsive.spec.ts-snapshots/B-PX-AFTER19-VENUE-RETURN-EN-FL-002-FL-013-FL-014-en-768x1024-desktop-chromium-darwin.png	47132dd7e7ffe7d19e19e995ff46418d9d4ac58508739d9118c6c00cadec2b3f	768	1024	768x1024	B-PX-AFTER19-VENUE-RETURN-EN	AFTER19-VENUE-RETURN	FL-002,FL-013,FL-014	en	FROZEN	R3-RESPONSIVE: AFTER19-VENUE-RETURN; R3-INTEGRATED: current frozen product surface
k-tour-id-app/tests/visual/ondo-b-flow-pixels-responsive.spec.ts-snapshots/B-PX-AFTER19-VENUE-RETURN-EN-FL-002-FL-013-FL-014-en-801x1000-desktop-chromium-darwin.png	d7970c4e24d20e8045430440e7e2da8b9174d6798727d2a572625c31ac9461d8	801	1000	801x1000	B-PX-AFTER19-VENUE-RETURN-EN	AFTER19-VENUE-RETURN	FL-002,FL-013,FL-014	en	FROZEN	R3-RESPONSIVE: AFTER19-VENUE-RETURN; R3-INTEGRATED: current frozen product surface
k-tour-id-app/tests/visual/ondo-b-flow-pixels-responsive.spec.ts-snapshots/B-PX-CHAT-EN-FL-003-en-360x800-desktop-chromium-darwin.png	d00c15913d1ccde59155bacb570de56e19872ffa3fcae0c13686fd813aa68057	360	800	360x800	B-PX-CHAT-EN	CHAT	FL-003	en	FROZEN	R3-RESPONSIVE: CHAT; R3-INTEGRATED: current frozen product surface
k-tour-id-app/tests/visual/ondo-b-flow-pixels-responsive.spec.ts-snapshots/B-PX-CHAT-EN-FL-003-en-430x932-desktop-chromium-darwin.png	ac4dc64d24415b0289557b27bb204b91d856b973dcf4173c01ad6296b2c54e20	430	932	430x932	B-PX-CHAT-EN	CHAT	FL-003	en	FROZEN	R3-RESPONSIVE: CHAT; R3-INTEGRATED: current frozen product surface
k-tour-id-app/tests/visual/ondo-b-flow-pixels-responsive.spec.ts-snapshots/B-PX-CHAT-EN-FL-003-en-768x1024-desktop-chromium-darwin.png	7df8d0d55bed2ec46341b6d5c3165a8fe309e81677941ca542947fd237f1047d	768	1024	768x1024	B-PX-CHAT-EN	CHAT	FL-003	en	FROZEN	R3-RESPONSIVE: CHAT; R3-INTEGRATED: current frozen product surface
k-tour-id-app/tests/visual/ondo-b-flow-pixels-responsive.spec.ts-snapshots/B-PX-CHAT-EN-FL-003-en-801x1000-desktop-chromium-darwin.png	61d2aa985c015ea00c8ae5a9fc03c636cb20c1b3f6bce9f9fe45e41ebc7964cd	801	1000	801x1000	B-PX-CHAT-EN	CHAT	FL-003	en	FROZEN	R3-RESPONSIVE: CHAT; R3-INTEGRATED: current frozen product surface
k-tour-id-app/tests/visual/ondo-b-flow-pixels-responsive.spec.ts-snapshots/B-PX-CHAT-IMAGE-FAIL-EN-FL-003-en-360x800-desktop-chromium-darwin.png	9a6622c4416c68132de9028097c6e015a79f08337b861cf8914a82c03c007758	360	800	360x800	B-PX-CHAT-IMAGE-FAIL-EN	CHAT-IMAGE-FAIL	FL-003	en	FROZEN	R3-RESPONSIVE: CHAT-IMAGE-FAIL; R3-INTEGRATED: current frozen product surface
k-tour-id-app/tests/visual/ondo-b-flow-pixels-responsive.spec.ts-snapshots/B-PX-CHAT-IMAGE-FAIL-EN-FL-003-en-430x932-desktop-chromium-darwin.png	937c13a2dec6158f12d0ac7b00545692c59e1297bd7abaaf237d3c15bc012cfe	430	932	430x932	B-PX-CHAT-IMAGE-FAIL-EN	CHAT-IMAGE-FAIL	FL-003	en	FROZEN	R3-RESPONSIVE: CHAT-IMAGE-FAIL; R3-INTEGRATED: current frozen product surface
k-tour-id-app/tests/visual/ondo-b-flow-pixels-responsive.spec.ts-snapshots/B-PX-CHAT-IMAGE-FAIL-EN-FL-003-en-768x1024-desktop-chromium-darwin.png	44639b19323e4b29dcc7e0858a008eb25595e5c3fd868a90dd45345a560955cc	768	1024	768x1024	B-PX-CHAT-IMAGE-FAIL-EN	CHAT-IMAGE-FAIL	FL-003	en	FROZEN	R3-RESPONSIVE: CHAT-IMAGE-FAIL; R3-INTEGRATED: current frozen product surface
k-tour-id-app/tests/visual/ondo-b-flow-pixels-responsive.spec.ts-snapshots/B-PX-CHAT-IMAGE-FAIL-EN-FL-003-en-801x1000-desktop-chromium-darwin.png	180a3241e1771057d60ae21aa693aec23146fd2c6cec743768c51ff8fad4eed6	801	1000	801x1000	B-PX-CHAT-IMAGE-FAIL-EN	CHAT-IMAGE-FAIL	FL-003	en	FROZEN	R3-RESPONSIVE: CHAT-IMAGE-FAIL; R3-INTEGRATED: current frozen product surface
k-tour-id-app/tests/visual/ondo-b-flow-pixels-responsive.spec.ts-snapshots/B-PX-CHECKOUT-CANCEL-KO-FL-004-ko-360x800-desktop-chromium-darwin.png	e137c489883d6519812ac255bf8777826104ff21b2fb7887821307cebbdbac49	360	800	360x800	B-PX-CHECKOUT-CANCEL-KO	CHECKOUT-CANCEL	FL-004	ko	FROZEN	R3-RESPONSIVE: CHECKOUT-CANCEL; POST-R3-CHECKOUT-FOCUS: transition focus ownership
k-tour-id-app/tests/visual/ondo-b-flow-pixels-responsive.spec.ts-snapshots/B-PX-CHECKOUT-CANCEL-KO-FL-004-ko-430x932-desktop-chromium-darwin.png	b111c9cb636b361320201c7ae9da255494b50149631036240a83b8315ebb96e0	430	932	430x932	B-PX-CHECKOUT-CANCEL-KO	CHECKOUT-CANCEL	FL-004	ko	FROZEN	R3-RESPONSIVE: CHECKOUT-CANCEL; POST-R3-CHECKOUT-FOCUS: transition focus ownership
k-tour-id-app/tests/visual/ondo-b-flow-pixels-responsive.spec.ts-snapshots/B-PX-CHECKOUT-CANCEL-KO-FL-004-ko-768x1024-desktop-chromium-darwin.png	b2ad9779f1cefd195ae27fd04d8a3a6e4448c22eedf72d14f88a537c28ac7d8b	768	1024	768x1024	B-PX-CHECKOUT-CANCEL-KO	CHECKOUT-CANCEL	FL-004	ko	FROZEN	R3-RESPONSIVE: CHECKOUT-CANCEL; POST-R3-CHECKOUT-FOCUS: transition focus ownership
k-tour-id-app/tests/visual/ondo-b-flow-pixels-responsive.spec.ts-snapshots/B-PX-CHECKOUT-CANCEL-KO-FL-004-ko-801x1000-desktop-chromium-darwin.png	6316ca4861427c80d1f2078c890000fa0182142f201857dd1b087357ee29b38a	801	1000	801x1000	B-PX-CHECKOUT-CANCEL-KO	CHECKOUT-CANCEL	FL-004	ko	FROZEN	R3-RESPONSIVE: CHECKOUT-CANCEL; POST-R3-CHECKOUT-FOCUS: transition focus ownership
k-tour-id-app/tests/visual/ondo-b-flow-pixels-responsive.spec.ts-snapshots/B-PX-CHECKOUT-FAIL-EN-FL-004-en-360x800-desktop-chromium-darwin.png	7cca108dd31f95889262dd8b3347e65c46661adc97177f5d849766f6cfe6ac76	360	800	360x800	B-PX-CHECKOUT-FAIL-EN	CHECKOUT-FAIL	FL-004	en	FROZEN	R3-RESPONSIVE: CHECKOUT-FAIL; POST-R3-CHECKOUT-FOCUS: transition focus ownership
k-tour-id-app/tests/visual/ondo-b-flow-pixels-responsive.spec.ts-snapshots/B-PX-CHECKOUT-FAIL-EN-FL-004-en-430x932-desktop-chromium-darwin.png	844d473759862a326be1435aa3548843db840f41421dd003af60980f1b16d8c1	430	932	430x932	B-PX-CHECKOUT-FAIL-EN	CHECKOUT-FAIL	FL-004	en	FROZEN	R3-RESPONSIVE: CHECKOUT-FAIL; POST-R3-CHECKOUT-FOCUS: transition focus ownership
k-tour-id-app/tests/visual/ondo-b-flow-pixels-responsive.spec.ts-snapshots/B-PX-CHECKOUT-FAIL-EN-FL-004-en-768x1024-desktop-chromium-darwin.png	71658947fa1f15d11d5d3895f0fbb03bd574711ccc12853f1fa93270cad4fe52	768	1024	768x1024	B-PX-CHECKOUT-FAIL-EN	CHECKOUT-FAIL	FL-004	en	FROZEN	R3-RESPONSIVE: CHECKOUT-FAIL; POST-R3-CHECKOUT-FOCUS: transition focus ownership
k-tour-id-app/tests/visual/ondo-b-flow-pixels-responsive.spec.ts-snapshots/B-PX-CHECKOUT-FAIL-EN-FL-004-en-801x1000-desktop-chromium-darwin.png	bb8a9539a8f2eb62a4dab20e6e696612e21f63c58ac93cc953522bb22f975114	801	1000	801x1000	B-PX-CHECKOUT-FAIL-EN	CHECKOUT-FAIL	FL-004	en	FROZEN	R3-RESPONSIVE: CHECKOUT-FAIL; POST-R3-CHECKOUT-FOCUS: transition focus ownership
k-tour-id-app/tests/visual/ondo-b-flow-pixels-responsive.spec.ts-snapshots/B-PX-CHECKOUT-IDLE-EN-FL-004-FL-017-en-360x800-desktop-chromium-darwin.png	949b9943f9c649b3045242c142bd63984131ef698ee72be19e3bddf7db92eb82	360	800	360x800	B-PX-CHECKOUT-IDLE-EN	CHECKOUT-IDLE	FL-004,FL-017	en	FROZEN	R3-RESPONSIVE: CHECKOUT-IDLE; POST-R3-CHECKOUT-FOCUS: transition focus ownership
k-tour-id-app/tests/visual/ondo-b-flow-pixels-responsive.spec.ts-snapshots/B-PX-CHECKOUT-IDLE-EN-FL-004-FL-017-en-430x932-desktop-chromium-darwin.png	4f68eadc99cc04e17cf2b94f150017ac6cc7515688de2d517efbf512cd5b1d06	430	932	430x932	B-PX-CHECKOUT-IDLE-EN	CHECKOUT-IDLE	FL-004,FL-017	en	FROZEN	R3-RESPONSIVE: CHECKOUT-IDLE; POST-R3-CHECKOUT-FOCUS: transition focus ownership
k-tour-id-app/tests/visual/ondo-b-flow-pixels-responsive.spec.ts-snapshots/B-PX-CHECKOUT-IDLE-EN-FL-004-FL-017-en-768x1024-desktop-chromium-darwin.png	74bb5d7369ef4e274dd5baffe8bb4bf4ffe1f9d60d749a7daed37be6ace39896	768	1024	768x1024	B-PX-CHECKOUT-IDLE-EN	CHECKOUT-IDLE	FL-004,FL-017	en	FROZEN	R3-RESPONSIVE: CHECKOUT-IDLE; POST-R3-CHECKOUT-FOCUS: transition focus ownership
k-tour-id-app/tests/visual/ondo-b-flow-pixels-responsive.spec.ts-snapshots/B-PX-CHECKOUT-IDLE-EN-FL-004-FL-017-en-801x1000-desktop-chromium-darwin.png	9fc69c7765688d8e9a7a38f1f04c6e300b1bf4b9392d1949f1a7a490c201b5a8	801	1000	801x1000	B-PX-CHECKOUT-IDLE-EN	CHECKOUT-IDLE	FL-004,FL-017	en	FROZEN	R3-RESPONSIVE: CHECKOUT-IDLE; POST-R3-CHECKOUT-FOCUS: transition focus ownership
k-tour-id-app/tests/visual/ondo-b-flow-pixels-responsive.spec.ts-snapshots/B-PX-CHECKOUT-RECEIPT-EN-FL-004-en-360x800-desktop-chromium-darwin.png	0a47583b910728f915e228bfd204e8da9bd2681877d57dc15e8097645ee3e1e6	360	800	360x800	B-PX-CHECKOUT-RECEIPT-EN	CHECKOUT-RECEIPT	FL-004	en	FROZEN	R3-RESPONSIVE: CHECKOUT-RECEIPT; D4-R3-001+POST-R3-CHECKOUT-FOCUS: simulated receipt truth and focus ownership
k-tour-id-app/tests/visual/ondo-b-flow-pixels-responsive.spec.ts-snapshots/B-PX-CHECKOUT-RECEIPT-EN-FL-004-en-430x932-desktop-chromium-darwin.png	6b978ea69df074b5e253413b932f9e6404feece805380e9e8e92559352018b80	430	932	430x932	B-PX-CHECKOUT-RECEIPT-EN	CHECKOUT-RECEIPT	FL-004	en	FROZEN	R3-RESPONSIVE: CHECKOUT-RECEIPT; D4-R3-001+POST-R3-CHECKOUT-FOCUS: simulated receipt truth and focus ownership
k-tour-id-app/tests/visual/ondo-b-flow-pixels-responsive.spec.ts-snapshots/B-PX-CHECKOUT-RECEIPT-EN-FL-004-en-768x1024-desktop-chromium-darwin.png	4efa2c0011283428f23a49e47c783a884036ee67ce40b1b9c894d6fcc985813e	768	1024	768x1024	B-PX-CHECKOUT-RECEIPT-EN	CHECKOUT-RECEIPT	FL-004	en	FROZEN	R3-RESPONSIVE: CHECKOUT-RECEIPT; D4-R3-001+POST-R3-CHECKOUT-FOCUS: simulated receipt truth and focus ownership
k-tour-id-app/tests/visual/ondo-b-flow-pixels-responsive.spec.ts-snapshots/B-PX-CHECKOUT-RECEIPT-EN-FL-004-en-801x1000-desktop-chromium-darwin.png	8a01c3e9de44fd4557be070155fc8288d1031e8aa98eb1878bc4a4e76ca40df6	801	1000	801x1000	B-PX-CHECKOUT-RECEIPT-EN	CHECKOUT-RECEIPT	FL-004	en	FROZEN	R3-RESPONSIVE: CHECKOUT-RECEIPT; D4-R3-001+POST-R3-CHECKOUT-FOCUS: simulated receipt truth and focus ownership
k-tour-id-app/tests/visual/ondo-b-flow-pixels-responsive.spec.ts-snapshots/B-PX-CHECKOUT-STAMP-KO-FL-004-ko-360x800-desktop-chromium-darwin.png	b32c6515ac4d1ad38b50965c29772e284856a76973e84474194bc373947cb126	360	800	360x800	B-PX-CHECKOUT-STAMP-KO	CHECKOUT-STAMP	FL-004	ko	FROZEN	R3-RESPONSIVE: CHECKOUT-STAMP; D4-R3-001+POST-R3-CHECKOUT-FOCUS: simulated visit truth and focus ownership
k-tour-id-app/tests/visual/ondo-b-flow-pixels-responsive.spec.ts-snapshots/B-PX-CHECKOUT-STAMP-KO-FL-004-ko-430x932-desktop-chromium-darwin.png	12e35c369f47c0a081d60075c7872a1fd38c3ef15872e39630e27d22b1427077	430	932	430x932	B-PX-CHECKOUT-STAMP-KO	CHECKOUT-STAMP	FL-004	ko	FROZEN	R3-RESPONSIVE: CHECKOUT-STAMP; D4-R3-001+POST-R3-CHECKOUT-FOCUS: simulated visit truth and focus ownership
k-tour-id-app/tests/visual/ondo-b-flow-pixels-responsive.spec.ts-snapshots/B-PX-CHECKOUT-STAMP-KO-FL-004-ko-768x1024-desktop-chromium-darwin.png	25d9f950b6cae142ff09f74abc7cdea98e916959d21736f2d76ab5b2ec659aca	768	1024	768x1024	B-PX-CHECKOUT-STAMP-KO	CHECKOUT-STAMP	FL-004	ko	FROZEN	R3-RESPONSIVE: CHECKOUT-STAMP; D4-R3-001+POST-R3-CHECKOUT-FOCUS: simulated visit truth and focus ownership
k-tour-id-app/tests/visual/ondo-b-flow-pixels-responsive.spec.ts-snapshots/B-PX-CHECKOUT-STAMP-KO-FL-004-ko-801x1000-desktop-chromium-darwin.png	7d2c78c31533b33ae452f1999216ab7432b90d8cf43c20c910aeb2cb4676acd0	801	1000	801x1000	B-PX-CHECKOUT-STAMP-KO	CHECKOUT-STAMP	FL-004	ko	FROZEN	R3-RESPONSIVE: CHECKOUT-STAMP; D4-R3-001+POST-R3-CHECKOUT-FOCUS: simulated visit truth and focus ownership
k-tour-id-app/tests/visual/ondo-b-flow-pixels-responsive.spec.ts-snapshots/B-PX-CITY-FALLBACK-KO-FL-001-ko-360x800-desktop-chromium-darwin.png	d301dfd296a0bdd0e02b629c11d6b84da10d8b0d3cac21f528c7d0749188fe76	360	800	360x800	B-PX-CITY-FALLBACK-KO	CITY-FALLBACK	FL-001	ko	FROZEN	R3-RESPONSIVE: CITY-FALLBACK; R3-INTEGRATED: current frozen product surface
k-tour-id-app/tests/visual/ondo-b-flow-pixels-responsive.spec.ts-snapshots/B-PX-CITY-FALLBACK-KO-FL-001-ko-430x932-desktop-chromium-darwin.png	232e28f78d41e303bd77bdb72fd5caf4c55b06a12e24b973f6127bc30ebd1c2a	430	932	430x932	B-PX-CITY-FALLBACK-KO	CITY-FALLBACK	FL-001	ko	FROZEN	R3-RESPONSIVE: CITY-FALLBACK; R3-INTEGRATED: current frozen product surface
k-tour-id-app/tests/visual/ondo-b-flow-pixels-responsive.spec.ts-snapshots/B-PX-CITY-FALLBACK-KO-FL-001-ko-768x1024-desktop-chromium-darwin.png	e2e4516ba60ef1920a011f5a8e19a58194eb92647449ac5bc25a186858215db0	768	1024	768x1024	B-PX-CITY-FALLBACK-KO	CITY-FALLBACK	FL-001	ko	FROZEN	R3-RESPONSIVE: CITY-FALLBACK; R3-INTEGRATED: current frozen product surface
k-tour-id-app/tests/visual/ondo-b-flow-pixels-responsive.spec.ts-snapshots/B-PX-CITY-FALLBACK-KO-FL-001-ko-801x1000-desktop-chromium-darwin.png	8e6e54c504736154bf1f8bd837f02ca75efb465975a0e9b514e18822dfba756d	801	1000	801x1000	B-PX-CITY-FALLBACK-KO	CITY-FALLBACK	FL-001	ko	FROZEN	R3-RESPONSIVE: CITY-FALLBACK; R3-INTEGRATED: current frozen product surface
k-tour-id-app/tests/visual/ondo-b-flow-pixels-responsive.spec.ts-snapshots/B-PX-CITY-LIST-EN-FL-001-en-360x800-desktop-chromium-darwin.png	2ebacd76ac3eaf5c3e787e8caf98a98c6b2f2e676bb9e9e4336eb7968c1698c8	360	800	360x800	B-PX-CITY-LIST-EN	CITY-LIST	FL-001	en	FROZEN	R3-RESPONSIVE: CITY-LIST; D5-R3-002: bounded discovery-alias integration
k-tour-id-app/tests/visual/ondo-b-flow-pixels-responsive.spec.ts-snapshots/B-PX-CITY-LIST-EN-FL-001-en-430x932-desktop-chromium-darwin.png	da69808165151d582f48934299056bd42cfa8315753e348a6a661fab24c7ba34	430	932	430x932	B-PX-CITY-LIST-EN	CITY-LIST	FL-001	en	FROZEN	R3-RESPONSIVE: CITY-LIST; D5-R3-002: bounded discovery-alias integration
k-tour-id-app/tests/visual/ondo-b-flow-pixels-responsive.spec.ts-snapshots/B-PX-CITY-LIST-EN-FL-001-en-768x1024-desktop-chromium-darwin.png	ae60b9b6ba092b86261a251e03e0a351059ead3366f488e04ea8b6b59339de91	768	1024	768x1024	B-PX-CITY-LIST-EN	CITY-LIST	FL-001	en	FROZEN	R3-RESPONSIVE: CITY-LIST; D5-R3-002: bounded discovery-alias integration
k-tour-id-app/tests/visual/ondo-b-flow-pixels-responsive.spec.ts-snapshots/B-PX-CITY-LIST-EN-FL-001-en-801x1000-desktop-chromium-darwin.png	3a84ac7d77029040b44fb4ccee5da96599e8dbf177de69e94ec2f502e48ac7ad	801	1000	801x1000	B-PX-CITY-LIST-EN	CITY-LIST	FL-001	en	FROZEN	R3-RESPONSIVE: CITY-LIST; D5-R3-002: bounded discovery-alias integration
k-tour-id-app/tests/visual/ondo-b-flow-pixels-responsive.spec.ts-snapshots/B-PX-CITY-LIVE-EN-FL-001-FL-014-en-360x800-desktop-chromium-darwin.png	b5d15e11852f861717bb5fa17d6359a2f5d4b35c759a52728d53541631eb64e2	360	800	360x800	B-PX-CITY-LIVE-EN	CITY-LIVE	FL-001,FL-014	en	FROZEN	R3-RESPONSIVE: CITY-LIVE; D1-R3-001: desktop rail/map-key clearance
k-tour-id-app/tests/visual/ondo-b-flow-pixels-responsive.spec.ts-snapshots/B-PX-CITY-LIVE-EN-FL-001-FL-014-en-430x932-desktop-chromium-darwin.png	0806e7bc4c92f09d02c8f1aef908310fdda303dff69fc5072909dd98751766f4	430	932	430x932	B-PX-CITY-LIVE-EN	CITY-LIVE	FL-001,FL-014	en	FROZEN	R3-RESPONSIVE: CITY-LIVE; D1-R3-001: desktop rail/map-key clearance
k-tour-id-app/tests/visual/ondo-b-flow-pixels-responsive.spec.ts-snapshots/B-PX-CITY-LIVE-EN-FL-001-FL-014-en-768x1024-desktop-chromium-darwin.png	a4df08ef41f273ee1830e3117d4978a6c23b89ec062440d68781227610731013	768	1024	768x1024	B-PX-CITY-LIVE-EN	CITY-LIVE	FL-001,FL-014	en	FROZEN	R3-RESPONSIVE: CITY-LIVE; D1-R3-001: desktop rail/map-key clearance
k-tour-id-app/tests/visual/ondo-b-flow-pixels-responsive.spec.ts-snapshots/B-PX-CITY-LIVE-EN-FL-001-FL-014-en-801x1000-desktop-chromium-darwin.png	5ffdcbfc6dc841d209785fcda370061d84b3d51e13ca60388cdceb3ee0296998	801	1000	801x1000	B-PX-CITY-LIVE-EN	CITY-LIVE	FL-001,FL-014	en	FROZEN	R3-RESPONSIVE: CITY-LIVE; D1-R3-001: desktop rail/map-key clearance
k-tour-id-app/tests/visual/ondo-b-flow-pixels-responsive.spec.ts-snapshots/B-PX-CITY-LIVE-KO-FL-001-FL-014-ko-360x800-desktop-chromium-darwin.png	b9b6ceb89da3765e872703f5f1018fe83f3b8d0bdb83113b2d051bbb3ba82446	360	800	360x800	B-PX-CITY-LIVE-KO	CITY-LIVE	FL-001,FL-014	ko	FROZEN	R3-RESPONSIVE: CITY-LIVE; D1-R3-001: desktop rail/map-key clearance
k-tour-id-app/tests/visual/ondo-b-flow-pixels-responsive.spec.ts-snapshots/B-PX-CITY-LIVE-KO-FL-001-FL-014-ko-430x932-desktop-chromium-darwin.png	9de3890a512c9cd926b1a68d23432c50a1096880f1a6a026d7a7711fe5c72653	430	932	430x932	B-PX-CITY-LIVE-KO	CITY-LIVE	FL-001,FL-014	ko	FROZEN	R3-RESPONSIVE: CITY-LIVE; D1-R3-001: desktop rail/map-key clearance
k-tour-id-app/tests/visual/ondo-b-flow-pixels-responsive.spec.ts-snapshots/B-PX-CITY-LIVE-KO-FL-001-FL-014-ko-768x1024-desktop-chromium-darwin.png	1f0a9748d366673069f29df518f2f3717201b1d6fc49bf05753564db053f0b17	768	1024	768x1024	B-PX-CITY-LIVE-KO	CITY-LIVE	FL-001,FL-014	ko	FROZEN	R3-RESPONSIVE: CITY-LIVE; D1-R3-001: desktop rail/map-key clearance
k-tour-id-app/tests/visual/ondo-b-flow-pixels-responsive.spec.ts-snapshots/B-PX-CITY-LIVE-KO-FL-001-FL-014-ko-801x1000-desktop-chromium-darwin.png	a53b115a4ebaaefc0b93fa1df1dd09e2cfa065864f002648b29573d46f460128	801	1000	801x1000	B-PX-CITY-LIVE-KO	CITY-LIVE	FL-001,FL-014	ko	FROZEN	R3-RESPONSIVE: CITY-LIVE; D1-R3-001: desktop rail/map-key clearance
k-tour-id-app/tests/visual/ondo-b-flow-pixels-responsive.spec.ts-snapshots/B-PX-FEEDBACK-KO-FL-003-FL-015-ko-360x800-desktop-chromium-darwin.png	d5c0c6ecada39d85949a32a866541be525e11bbd65c636cc762d26991d171ef9	360	800	360x800	B-PX-FEEDBACK-KO	FEEDBACK	FL-003,FL-015	ko	FROZEN	R3-RESPONSIVE: FEEDBACK; R3-INTEGRATED: current frozen product surface
k-tour-id-app/tests/visual/ondo-b-flow-pixels-responsive.spec.ts-snapshots/B-PX-FEEDBACK-KO-FL-003-FL-015-ko-430x932-desktop-chromium-darwin.png	fac0a48463c9a64481345f30c11747111b82a09f6f14fa0f39c10c4d6508f648	430	932	430x932	B-PX-FEEDBACK-KO	FEEDBACK	FL-003,FL-015	ko	FROZEN	R3-RESPONSIVE: FEEDBACK; R3-INTEGRATED: current frozen product surface
k-tour-id-app/tests/visual/ondo-b-flow-pixels-responsive.spec.ts-snapshots/B-PX-FEEDBACK-KO-FL-003-FL-015-ko-768x1024-desktop-chromium-darwin.png	4331c9187652324fe47fb3114caf263363ca09468bf21e7e459c533b613f0c6f	768	1024	768x1024	B-PX-FEEDBACK-KO	FEEDBACK	FL-003,FL-015	ko	FROZEN	R3-RESPONSIVE: FEEDBACK; R3-INTEGRATED: current frozen product surface
k-tour-id-app/tests/visual/ondo-b-flow-pixels-responsive.spec.ts-snapshots/B-PX-FEEDBACK-KO-FL-003-FL-015-ko-801x1000-desktop-chromium-darwin.png	766759866862c30cb7085c8583072771f308cf58c903fbdd20d05c7d5a9967c5	801	1000	801x1000	B-PX-FEEDBACK-KO	FEEDBACK	FL-003,FL-015	ko	FROZEN	R3-RESPONSIVE: FEEDBACK; R3-INTEGRATED: current frozen product surface
k-tour-id-app/tests/visual/ondo-b-flow-pixels-responsive.spec.ts-snapshots/B-PX-GATE-ACCOUNT-FAIL-KO-FL-010-ko-360x800-desktop-chromium-darwin.png	53ddcd63141be6e7542352969da3e76c9b6e6ce42897072617a0454cef1221a3	360	800	360x800	B-PX-GATE-ACCOUNT-FAIL-KO	GATE-ACCOUNT-FAIL	FL-010	ko	FROZEN	R3-RESPONSIVE: GATE-ACCOUNT-FAIL; D4-R3-002: identity taxonomy localization
k-tour-id-app/tests/visual/ondo-b-flow-pixels-responsive.spec.ts-snapshots/B-PX-GATE-ACCOUNT-FAIL-KO-FL-010-ko-430x932-desktop-chromium-darwin.png	f921f3c2adf3d410a13f9d4dc46073ee51d165421551caff43461aa50317c0b4	430	932	430x932	B-PX-GATE-ACCOUNT-FAIL-KO	GATE-ACCOUNT-FAIL	FL-010	ko	FROZEN	R3-RESPONSIVE: GATE-ACCOUNT-FAIL; D4-R3-002: identity taxonomy localization
k-tour-id-app/tests/visual/ondo-b-flow-pixels-responsive.spec.ts-snapshots/B-PX-GATE-ACCOUNT-FAIL-KO-FL-010-ko-768x1024-desktop-chromium-darwin.png	98aa7d1680960e2d519366e3344df1530ca17a6f828d123beb9f26ffa1508bad	768	1024	768x1024	B-PX-GATE-ACCOUNT-FAIL-KO	GATE-ACCOUNT-FAIL	FL-010	ko	FROZEN	R3-RESPONSIVE: GATE-ACCOUNT-FAIL; D4-R3-002: identity taxonomy localization
k-tour-id-app/tests/visual/ondo-b-flow-pixels-responsive.spec.ts-snapshots/B-PX-GATE-ACCOUNT-FAIL-KO-FL-010-ko-801x1000-desktop-chromium-darwin.png	45530f2b03840bc716c8ef78d8286d5d7e0a888f7f47d8799e179c84f8564487	801	1000	801x1000	B-PX-GATE-ACCOUNT-FAIL-KO	GATE-ACCOUNT-FAIL	FL-010	ko	FROZEN	R3-RESPONSIVE: GATE-ACCOUNT-FAIL; D4-R3-002: identity taxonomy localization
k-tour-id-app/tests/visual/ondo-b-flow-pixels-responsive.spec.ts-snapshots/B-PX-GATE-AGE-FAIL-KO-FL-002-FL-013-ko-360x800-desktop-chromium-darwin.png	3c7eb64e72ce97b824bd30742f6e7406a02ea63c43f9cddec977ad350c7cea0a	360	800	360x800	B-PX-GATE-AGE-FAIL-KO	GATE-AGE-FAIL	FL-002,FL-013	ko	FROZEN	R3-RESPONSIVE: GATE-AGE-FAIL; D4-R3-002: identity taxonomy localization
k-tour-id-app/tests/visual/ondo-b-flow-pixels-responsive.spec.ts-snapshots/B-PX-GATE-AGE-FAIL-KO-FL-002-FL-013-ko-430x932-desktop-chromium-darwin.png	068fa84c5c75baa48f9458f1c75cdc9896f4267e4b6a6b77a6dc4b385f30d839	430	932	430x932	B-PX-GATE-AGE-FAIL-KO	GATE-AGE-FAIL	FL-002,FL-013	ko	FROZEN	R3-RESPONSIVE: GATE-AGE-FAIL; D4-R3-002: identity taxonomy localization
k-tour-id-app/tests/visual/ondo-b-flow-pixels-responsive.spec.ts-snapshots/B-PX-GATE-AGE-FAIL-KO-FL-002-FL-013-ko-768x1024-desktop-chromium-darwin.png	f95a538fdbf6c5eae95c2230afbb4ebac7e1acd1eb2dd10b52ab6e7c391a0d41	768	1024	768x1024	B-PX-GATE-AGE-FAIL-KO	GATE-AGE-FAIL	FL-002,FL-013	ko	FROZEN	R3-RESPONSIVE: GATE-AGE-FAIL; D4-R3-002: identity taxonomy localization
k-tour-id-app/tests/visual/ondo-b-flow-pixels-responsive.spec.ts-snapshots/B-PX-GATE-AGE-FAIL-KO-FL-002-FL-013-ko-801x1000-desktop-chromium-darwin.png	7441f5a95ed4cbb9751a1c016efbedf12e809084ab97aa9fb5e51348f48dcc51	801	1000	801x1000	B-PX-GATE-AGE-FAIL-KO	GATE-AGE-FAIL	FL-002,FL-013	ko	FROZEN	R3-RESPONSIVE: GATE-AGE-FAIL; D4-R3-002: identity taxonomy localization
k-tour-id-app/tests/visual/ondo-b-flow-pixels-responsive.spec.ts-snapshots/B-PX-GATE-PAYMENT-EN-FL-017-en-360x800-desktop-chromium-darwin.png	b33186fe20682ee05129c96a8db28d6bed18795afa2cc084d3bff96fab79f1f4	360	800	360x800	B-PX-GATE-PAYMENT-EN	GATE-PAYMENT	FL-017	en	FROZEN	R3-RESPONSIVE: GATE-PAYMENT; D4-R3-002: identity taxonomy localization
k-tour-id-app/tests/visual/ondo-b-flow-pixels-responsive.spec.ts-snapshots/B-PX-GATE-PAYMENT-EN-FL-017-en-430x932-desktop-chromium-darwin.png	9c9c8c93a39f8c4863d32214fe857494e55bd056f77382ab74f6099828246180	430	932	430x932	B-PX-GATE-PAYMENT-EN	GATE-PAYMENT	FL-017	en	FROZEN	R3-RESPONSIVE: GATE-PAYMENT; D4-R3-002: identity taxonomy localization
k-tour-id-app/tests/visual/ondo-b-flow-pixels-responsive.spec.ts-snapshots/B-PX-GATE-PAYMENT-EN-FL-017-en-768x1024-desktop-chromium-darwin.png	97becefd027720ae89c949a94d1070cf34e2b1eac55f8736167b1ef92334b91c	768	1024	768x1024	B-PX-GATE-PAYMENT-EN	GATE-PAYMENT	FL-017	en	FROZEN	R3-RESPONSIVE: GATE-PAYMENT; D4-R3-002: identity taxonomy localization
k-tour-id-app/tests/visual/ondo-b-flow-pixels-responsive.spec.ts-snapshots/B-PX-GATE-PAYMENT-EN-FL-017-en-801x1000-desktop-chromium-darwin.png	2e8fddc4a6a9c2a469fdac600d81ed8107ebd3251643664f27b54b03ffbb4186	801	1000	801x1000	B-PX-GATE-PAYMENT-EN	GATE-PAYMENT	FL-017	en	FROZEN	R3-RESPONSIVE: GATE-PAYMENT; D4-R3-002: identity taxonomy localization
k-tour-id-app/tests/visual/ondo-b-flow-pixels-responsive.spec.ts-snapshots/B-PX-GATE-PAYMENT-FAIL-KO-FL-017-ko-360x800-desktop-chromium-darwin.png	fa7cba34ed4c0547a8385bcab0f3821aadd0bbc393d0cc08df541d2029a00b5d	360	800	360x800	B-PX-GATE-PAYMENT-FAIL-KO	GATE-PAYMENT-FAIL	FL-017	ko	FROZEN	R3-RESPONSIVE: GATE-PAYMENT-FAIL; D4-R3-002: identity taxonomy localization
k-tour-id-app/tests/visual/ondo-b-flow-pixels-responsive.spec.ts-snapshots/B-PX-GATE-PAYMENT-FAIL-KO-FL-017-ko-430x932-desktop-chromium-darwin.png	305b5579aec548a695f137af7dd0481b18d740cc2fd2c6fc624ecf16f0274789	430	932	430x932	B-PX-GATE-PAYMENT-FAIL-KO	GATE-PAYMENT-FAIL	FL-017	ko	FROZEN	R3-RESPONSIVE: GATE-PAYMENT-FAIL; D4-R3-002: identity taxonomy localization
k-tour-id-app/tests/visual/ondo-b-flow-pixels-responsive.spec.ts-snapshots/B-PX-GATE-PAYMENT-FAIL-KO-FL-017-ko-768x1024-desktop-chromium-darwin.png	9e134f6c7f917fc8025dab6e5916942d61a537a206bbafd0881b69eb8b8bd041	768	1024	768x1024	B-PX-GATE-PAYMENT-FAIL-KO	GATE-PAYMENT-FAIL	FL-017	ko	FROZEN	R3-RESPONSIVE: GATE-PAYMENT-FAIL; D4-R3-002: identity taxonomy localization
k-tour-id-app/tests/visual/ondo-b-flow-pixels-responsive.spec.ts-snapshots/B-PX-GATE-PAYMENT-FAIL-KO-FL-017-ko-801x1000-desktop-chromium-darwin.png	302d9e81748764582c884efd52a0fb0bb267aaaad9bb7e7aa6a3d54e45f9d14a	801	1000	801x1000	B-PX-GATE-PAYMENT-FAIL-KO	GATE-PAYMENT-FAIL	FL-017	ko	FROZEN	R3-RESPONSIVE: GATE-PAYMENT-FAIL; D4-R3-002: identity taxonomy localization
k-tour-id-app/tests/visual/ondo-b-flow-pixels-responsive.spec.ts-snapshots/B-PX-GATE-PERSON-CX-KO-FL-005-ko-360x800-desktop-chromium-darwin.png	22c461bd5db0dacee65a157704bf43bb047dbe5d994d1c809a9c97d7bfbbbbdb	360	800	360x800	B-PX-GATE-PERSON-CX-KO	GATE-PERSON-CX	FL-005	ko	FROZEN	R3-RESPONSIVE: GATE-PERSON-CX; D4-R3-002: identity taxonomy localization
k-tour-id-app/tests/visual/ondo-b-flow-pixels-responsive.spec.ts-snapshots/B-PX-GATE-PERSON-CX-KO-FL-005-ko-430x932-desktop-chromium-darwin.png	01e38ce2202cd5962d3ae88b5a04d34b1305147ccc73ece52259f1b27068ba39	430	932	430x932	B-PX-GATE-PERSON-CX-KO	GATE-PERSON-CX	FL-005	ko	FROZEN	R3-RESPONSIVE: GATE-PERSON-CX; D4-R3-002: identity taxonomy localization
k-tour-id-app/tests/visual/ondo-b-flow-pixels-responsive.spec.ts-snapshots/B-PX-GATE-PERSON-CX-KO-FL-005-ko-768x1024-desktop-chromium-darwin.png	4d5a64603bad0658c96c8c909515f2456e2a36b8a2b64112f2e8aa5ed9730de9	768	1024	768x1024	B-PX-GATE-PERSON-CX-KO	GATE-PERSON-CX	FL-005	ko	FROZEN	R3-RESPONSIVE: GATE-PERSON-CX; D4-R3-002: identity taxonomy localization
k-tour-id-app/tests/visual/ondo-b-flow-pixels-responsive.spec.ts-snapshots/B-PX-GATE-PERSON-CX-KO-FL-005-ko-801x1000-desktop-chromium-darwin.png	d6589295fac2bb55d6e56d71f8fc10ff84cd5f9c800433dbccf3ced19b512244	801	1000	801x1000	B-PX-GATE-PERSON-CX-KO	GATE-PERSON-CX	FL-005	ko	FROZEN	R3-RESPONSIVE: GATE-PERSON-CX; D4-R3-002: identity taxonomy localization
k-tour-id-app/tests/visual/ondo-b-flow-pixels-responsive.spec.ts-snapshots/B-PX-GATE-PERSON-PASSPORT-EN-FL-006-FL-012-en-360x800-desktop-chromium-darwin.png	4574a2aa1c495afaecfa4458b44fb32e416a4610ab33b8572ee802b9df24ce6a	360	800	360x800	B-PX-GATE-PERSON-PASSPORT-EN	GATE-PERSON-PASSPORT	FL-006,FL-012	en	FROZEN	R3-RESPONSIVE: GATE-PERSON-PASSPORT; D4-R3-002: identity taxonomy localization
k-tour-id-app/tests/visual/ondo-b-flow-pixels-responsive.spec.ts-snapshots/B-PX-GATE-PERSON-PASSPORT-EN-FL-006-FL-012-en-430x932-desktop-chromium-darwin.png	783e9cd761230f7b3ee31b32b5ab64f8db7a3a02cc495081d307b3c659f1963d	430	932	430x932	B-PX-GATE-PERSON-PASSPORT-EN	GATE-PERSON-PASSPORT	FL-006,FL-012	en	FROZEN	R3-RESPONSIVE: GATE-PERSON-PASSPORT; D4-R3-002: identity taxonomy localization
k-tour-id-app/tests/visual/ondo-b-flow-pixels-responsive.spec.ts-snapshots/B-PX-GATE-PERSON-PASSPORT-EN-FL-006-FL-012-en-768x1024-desktop-chromium-darwin.png	2dd4f55e82dcf1d67af6edd5f080b86ad7daa67768a2a21eb634ad14bdeafa55	768	1024	768x1024	B-PX-GATE-PERSON-PASSPORT-EN	GATE-PERSON-PASSPORT	FL-006,FL-012	en	FROZEN	R3-RESPONSIVE: GATE-PERSON-PASSPORT; D4-R3-002: identity taxonomy localization
k-tour-id-app/tests/visual/ondo-b-flow-pixels-responsive.spec.ts-snapshots/B-PX-GATE-PERSON-PASSPORT-EN-FL-006-FL-012-en-801x1000-desktop-chromium-darwin.png	fe839d9827ca8d9062f69b9656deffc1a343820c68d32f1ffa21cf0a630d8e84	801	1000	801x1000	B-PX-GATE-PERSON-PASSPORT-EN	GATE-PERSON-PASSPORT	FL-006,FL-012	en	FROZEN	R3-RESPONSIVE: GATE-PERSON-PASSPORT; D4-R3-002: identity taxonomy localization
k-tour-id-app/tests/visual/ondo-b-flow-pixels-responsive.spec.ts-snapshots/B-PX-GATE-RESIDENCE-UNSUPPORTED-EN-FL-006-en-360x800-desktop-chromium-darwin.png	02fe19341bb1b823b433f35535c66a7a00a52df33cc0d07ce4e92f4c1409ff0c	360	800	360x800	B-PX-GATE-RESIDENCE-UNSUPPORTED-EN	GATE-PERSON-RESIDENCE-UNSUPPORTED	FL-006	en	FROZEN	R3-RESPONSIVE: GATE-PERSON-RESIDENCE-UNSUPPORTED; D4-R3-002+D5-R3-001: localized identity taxonomy and unsupported provider truth
k-tour-id-app/tests/visual/ondo-b-flow-pixels-responsive.spec.ts-snapshots/B-PX-GATE-RESIDENCE-UNSUPPORTED-EN-FL-006-en-430x932-desktop-chromium-darwin.png	5a2c5faf04e92fed6e74337a3a3aeab689bc14cc975534e9fdc2e2747048c563	430	932	430x932	B-PX-GATE-RESIDENCE-UNSUPPORTED-EN	GATE-PERSON-RESIDENCE-UNSUPPORTED	FL-006	en	FROZEN	R3-RESPONSIVE: GATE-PERSON-RESIDENCE-UNSUPPORTED; D4-R3-002+D5-R3-001: localized identity taxonomy and unsupported provider truth
k-tour-id-app/tests/visual/ondo-b-flow-pixels-responsive.spec.ts-snapshots/B-PX-GATE-RESIDENCE-UNSUPPORTED-EN-FL-006-en-768x1024-desktop-chromium-darwin.png	7d5aa0db0e360b8c1e1df5b8531582dcd6e970fcb4350cc96d45579d7cd97235	768	1024	768x1024	B-PX-GATE-RESIDENCE-UNSUPPORTED-EN	GATE-PERSON-RESIDENCE-UNSUPPORTED	FL-006	en	FROZEN	R3-RESPONSIVE: GATE-PERSON-RESIDENCE-UNSUPPORTED; D4-R3-002+D5-R3-001: localized identity taxonomy and unsupported provider truth
k-tour-id-app/tests/visual/ondo-b-flow-pixels-responsive.spec.ts-snapshots/B-PX-GATE-RESIDENCE-UNSUPPORTED-EN-FL-006-en-801x1000-desktop-chromium-darwin.png	0b0deb6baecdae28b7c6885b3ee4f6cee65f21ad716e37a0e2257ed9ff0e5abe	801	1000	801x1000	B-PX-GATE-RESIDENCE-UNSUPPORTED-EN	GATE-PERSON-RESIDENCE-UNSUPPORTED	FL-006	en	FROZEN	R3-RESPONSIVE: GATE-PERSON-RESIDENCE-UNSUPPORTED; D4-R3-002+D5-R3-001: localized identity taxonomy and unsupported provider truth
k-tour-id-app/tests/visual/ondo-b-flow-pixels-responsive.spec.ts-snapshots/B-PX-LABS-BRIDGE-FAIL-EN-FL-018-en-360x800-desktop-chromium-darwin.png	3a270764d61ca373422b6ddb153e9fdb02d8f3021b16ec9fa34f55ab5764cfda	360	800	360x800	B-PX-LABS-BRIDGE-FAIL-EN	LABS-BRIDGE-FAIL	FL-018	en	FROZEN	R3-RESPONSIVE: LABS-BRIDGE-FAIL; R3-INTEGRATED: current frozen product surface
k-tour-id-app/tests/visual/ondo-b-flow-pixels-responsive.spec.ts-snapshots/B-PX-LABS-BRIDGE-FAIL-EN-FL-018-en-430x932-desktop-chromium-darwin.png	80957e5b19a13a6037043c5e735116b7072bb98d1012cf5feaa425c4f9b3fc68	430	932	430x932	B-PX-LABS-BRIDGE-FAIL-EN	LABS-BRIDGE-FAIL	FL-018	en	FROZEN	R3-RESPONSIVE: LABS-BRIDGE-FAIL; R3-INTEGRATED: current frozen product surface
k-tour-id-app/tests/visual/ondo-b-flow-pixels-responsive.spec.ts-snapshots/B-PX-LABS-BRIDGE-FAIL-EN-FL-018-en-768x1024-desktop-chromium-darwin.png	767bc9367b074324520745fd64b4aa9411c6f7d50654aa463aadda29627bccbe	768	1024	768x1024	B-PX-LABS-BRIDGE-FAIL-EN	LABS-BRIDGE-FAIL	FL-018	en	FROZEN	R3-RESPONSIVE: LABS-BRIDGE-FAIL; R3-INTEGRATED: current frozen product surface
k-tour-id-app/tests/visual/ondo-b-flow-pixels-responsive.spec.ts-snapshots/B-PX-LABS-BRIDGE-FAIL-EN-FL-018-en-801x1000-desktop-chromium-darwin.png	9bb151b50ef991b6453977c5126489ed88e85285d9a732c1bff39dde6a81468c	801	1000	801x1000	B-PX-LABS-BRIDGE-FAIL-EN	LABS-BRIDGE-FAIL	FL-018	en	FROZEN	R3-RESPONSIVE: LABS-BRIDGE-FAIL; R3-INTEGRATED: current frozen product surface
k-tour-id-app/tests/visual/ondo-b-flow-pixels-responsive.spec.ts-snapshots/B-PX-LABS-BRIDGE-SUCCESS-EN-FL-018-en-360x800-desktop-chromium-darwin.png	343bd55e65a13574407122bd650ecc8d0f7f4b68837a4135160b9104a6f2f708	360	800	360x800	B-PX-LABS-BRIDGE-SUCCESS-EN	LABS-BRIDGE-SUCCESS	FL-018	en	FROZEN	R3-RESPONSIVE: LABS-BRIDGE-SUCCESS; R3-INTEGRATED: current frozen product surface
k-tour-id-app/tests/visual/ondo-b-flow-pixels-responsive.spec.ts-snapshots/B-PX-LABS-BRIDGE-SUCCESS-EN-FL-018-en-430x932-desktop-chromium-darwin.png	93545e1573c742c56b922c60a9b5dd4ab3f9cc55c354c75f8e5d8117eeba1e4e	430	932	430x932	B-PX-LABS-BRIDGE-SUCCESS-EN	LABS-BRIDGE-SUCCESS	FL-018	en	FROZEN	R3-RESPONSIVE: LABS-BRIDGE-SUCCESS; R3-INTEGRATED: current frozen product surface
k-tour-id-app/tests/visual/ondo-b-flow-pixels-responsive.spec.ts-snapshots/B-PX-LABS-BRIDGE-SUCCESS-EN-FL-018-en-768x1024-desktop-chromium-darwin.png	050ebbc11af03e015a3ee154dc898cbe8774dd484001166ec4253835930f5677	768	1024	768x1024	B-PX-LABS-BRIDGE-SUCCESS-EN	LABS-BRIDGE-SUCCESS	FL-018	en	FROZEN	R3-RESPONSIVE: LABS-BRIDGE-SUCCESS; R3-INTEGRATED: current frozen product surface
k-tour-id-app/tests/visual/ondo-b-flow-pixels-responsive.spec.ts-snapshots/B-PX-LABS-BRIDGE-SUCCESS-EN-FL-018-en-801x1000-desktop-chromium-darwin.png	d8699f20494f6ae6511da6091cee3c0476f31d7ed55e8b0dfb5805dd13d4bc40	801	1000	801x1000	B-PX-LABS-BRIDGE-SUCCESS-EN	LABS-BRIDGE-SUCCESS	FL-018	en	FROZEN	R3-RESPONSIVE: LABS-BRIDGE-SUCCESS; R3-INTEGRATED: current frozen product surface
k-tour-id-app/tests/visual/ondo-b-flow-pixels-responsive.spec.ts-snapshots/B-PX-LABS-EN-FL-004-FL-016-FL-018-en-360x800-desktop-chromium-darwin.png	4857d8b80a6828c6e4a7fe721d6d3c7b24831b87d1e17f475c928fa7cf2475bf	360	800	360x800	B-PX-LABS-EN	LABS	FL-004,FL-016,FL-018	en	FROZEN	R3-RESPONSIVE: LABS; R3-INTEGRATED: current frozen product surface
k-tour-id-app/tests/visual/ondo-b-flow-pixels-responsive.spec.ts-snapshots/B-PX-LABS-EN-FL-004-FL-016-FL-018-en-430x932-desktop-chromium-darwin.png	a640ad2d606550b2140c7f24ad33a34be09128edefac9a829046de1a72602b94	430	932	430x932	B-PX-LABS-EN	LABS	FL-004,FL-016,FL-018	en	FROZEN	R3-RESPONSIVE: LABS; R3-INTEGRATED: current frozen product surface
k-tour-id-app/tests/visual/ondo-b-flow-pixels-responsive.spec.ts-snapshots/B-PX-LABS-EN-FL-004-FL-016-FL-018-en-768x1024-desktop-chromium-darwin.png	300612b4d14368d36f00d51d3d4735abe437be77032da9b87bed144c5f2ad5b7	768	1024	768x1024	B-PX-LABS-EN	LABS	FL-004,FL-016,FL-018	en	FROZEN	R3-RESPONSIVE: LABS; R3-INTEGRATED: current frozen product surface
k-tour-id-app/tests/visual/ondo-b-flow-pixels-responsive.spec.ts-snapshots/B-PX-LABS-EN-FL-004-FL-016-FL-018-en-801x1000-desktop-chromium-darwin.png	89f311ac15b65b57eb59b5fcfce2c09959a7ec26b2371649d235e574b39d526f	801	1000	801x1000	B-PX-LABS-EN	LABS	FL-004,FL-016,FL-018	en	FROZEN	R3-RESPONSIVE: LABS; R3-INTEGRATED: current frozen product surface
k-tour-id-app/tests/visual/ondo-b-flow-pixels-responsive.spec.ts-snapshots/B-PX-LABS-TRAIT-FAIL-KO-FL-016-ko-360x800-desktop-chromium-darwin.png	72d58df3116470ae94aa7a423cd4a6b921599d34ac8c7c732c56ef43a1834615	360	800	360x800	B-PX-LABS-TRAIT-FAIL-KO	LABS-TRAIT-FAIL	FL-016	ko	FROZEN	R3-RESPONSIVE: LABS-TRAIT-FAIL; D3-R3-002: signer failure status and retry focus
k-tour-id-app/tests/visual/ondo-b-flow-pixels-responsive.spec.ts-snapshots/B-PX-LABS-TRAIT-FAIL-KO-FL-016-ko-430x932-desktop-chromium-darwin.png	1e27407611f7aad70d561df477e53fc1f73bc7ee31a0883f9ad6036d3b528a36	430	932	430x932	B-PX-LABS-TRAIT-FAIL-KO	LABS-TRAIT-FAIL	FL-016	ko	FROZEN	R3-RESPONSIVE: LABS-TRAIT-FAIL; D3-R3-002: signer failure status and retry focus
k-tour-id-app/tests/visual/ondo-b-flow-pixels-responsive.spec.ts-snapshots/B-PX-LABS-TRAIT-FAIL-KO-FL-016-ko-768x1024-desktop-chromium-darwin.png	ffc4a92c1854725ebe590370099358d4106b47c1cefee1a42a7f99ec1b1696d4	768	1024	768x1024	B-PX-LABS-TRAIT-FAIL-KO	LABS-TRAIT-FAIL	FL-016	ko	FROZEN	R3-RESPONSIVE: LABS-TRAIT-FAIL; D3-R3-002: signer failure status and retry focus
k-tour-id-app/tests/visual/ondo-b-flow-pixels-responsive.spec.ts-snapshots/B-PX-LABS-TRAIT-FAIL-KO-FL-016-ko-801x1000-desktop-chromium-darwin.png	b43b95be8c40ff1dfd76d2f47a3f6601ec0a5f7d8b45886a81eb92b31b291fc2	801	1000	801x1000	B-PX-LABS-TRAIT-FAIL-KO	LABS-TRAIT-FAIL	FL-016	ko	FROZEN	R3-RESPONSIVE: LABS-TRAIT-FAIL; D3-R3-002: signer failure status and retry focus
k-tour-id-app/tests/visual/ondo-b-flow-pixels-responsive.spec.ts-snapshots/B-PX-LOCAL-SIGNAL-EMPTY-EN-FL-012-en-360x800-desktop-chromium-darwin.png	ff1a91be10cc89e87e4d84031b7d798363cfb59c9b0106eb7ba726328a9cf93f	360	800	360x800	B-PX-LOCAL-SIGNAL-EMPTY-EN	LOCAL-SIGNAL-EMPTY	FL-012	en	FROZEN	R3-RESPONSIVE: LOCAL-SIGNAL-EMPTY; D3-R3-001: local-signal status relationship
k-tour-id-app/tests/visual/ondo-b-flow-pixels-responsive.spec.ts-snapshots/B-PX-LOCAL-SIGNAL-EMPTY-EN-FL-012-en-430x932-desktop-chromium-darwin.png	d2fe704c7f6f7efe734f0cb9f550998a28a6ac471042a96682a91194b0563bee	430	932	430x932	B-PX-LOCAL-SIGNAL-EMPTY-EN	LOCAL-SIGNAL-EMPTY	FL-012	en	FROZEN	R3-RESPONSIVE: LOCAL-SIGNAL-EMPTY; D3-R3-001: local-signal status relationship
k-tour-id-app/tests/visual/ondo-b-flow-pixels-responsive.spec.ts-snapshots/B-PX-LOCAL-SIGNAL-EMPTY-EN-FL-012-en-768x1024-desktop-chromium-darwin.png	123e7394b7add76bcaddf71c0ff23ac34aec8022e9962e0ca5cde5513f7ce346	768	1024	768x1024	B-PX-LOCAL-SIGNAL-EMPTY-EN	LOCAL-SIGNAL-EMPTY	FL-012	en	FROZEN	R3-RESPONSIVE: LOCAL-SIGNAL-EMPTY; D3-R3-001: local-signal status relationship
k-tour-id-app/tests/visual/ondo-b-flow-pixels-responsive.spec.ts-snapshots/B-PX-LOCAL-SIGNAL-EMPTY-EN-FL-012-en-801x1000-desktop-chromium-darwin.png	8fcfb7cefec138c6a71588c1bc34c31b18fac75d398d88559de2b86403e7581c	801	1000	801x1000	B-PX-LOCAL-SIGNAL-EMPTY-EN	LOCAL-SIGNAL-EMPTY	FL-012	en	FROZEN	R3-RESPONSIVE: LOCAL-SIGNAL-EMPTY; D3-R3-001: local-signal status relationship
k-tour-id-app/tests/visual/ondo-b-flow-pixels-responsive.spec.ts-snapshots/B-PX-LOCAL-SIGNAL-FAIL-KO-FL-012-ko-360x800-desktop-chromium-darwin.png	b2fecfd6734319df1696c810fa491ed43d4f0834503312138d4e6254c5aafd29	360	800	360x800	B-PX-LOCAL-SIGNAL-FAIL-KO	LOCAL-SIGNAL-FAIL	FL-012	ko	FROZEN	R3-RESPONSIVE: LOCAL-SIGNAL-FAIL; D3-R3-001: announced failure and recovery focus
k-tour-id-app/tests/visual/ondo-b-flow-pixels-responsive.spec.ts-snapshots/B-PX-LOCAL-SIGNAL-FAIL-KO-FL-012-ko-430x932-desktop-chromium-darwin.png	cb8906f88d5d2005f6736c457e21979b5a88bcdf2cd160f970c3e4419bbb272a	430	932	430x932	B-PX-LOCAL-SIGNAL-FAIL-KO	LOCAL-SIGNAL-FAIL	FL-012	ko	FROZEN	R3-RESPONSIVE: LOCAL-SIGNAL-FAIL; D3-R3-001: announced failure and recovery focus
k-tour-id-app/tests/visual/ondo-b-flow-pixels-responsive.spec.ts-snapshots/B-PX-LOCAL-SIGNAL-FAIL-KO-FL-012-ko-768x1024-desktop-chromium-darwin.png	24322164bcf7276f39fd939949c0818451ac99597a5f99ff050bef4de7ff0c93	768	1024	768x1024	B-PX-LOCAL-SIGNAL-FAIL-KO	LOCAL-SIGNAL-FAIL	FL-012	ko	FROZEN	R3-RESPONSIVE: LOCAL-SIGNAL-FAIL; D3-R3-001: announced failure and recovery focus
k-tour-id-app/tests/visual/ondo-b-flow-pixels-responsive.spec.ts-snapshots/B-PX-LOCAL-SIGNAL-FAIL-KO-FL-012-ko-801x1000-desktop-chromium-darwin.png	59a2f25e2c78e75bd72aeb454b43b39ce7248ac4af650d6a88e2243dc8c568ed	801	1000	801x1000	B-PX-LOCAL-SIGNAL-FAIL-KO	LOCAL-SIGNAL-FAIL	FL-012	ko	FROZEN	R3-RESPONSIVE: LOCAL-SIGNAL-FAIL; D3-R3-001: announced failure and recovery focus
k-tour-id-app/tests/visual/ondo-b-flow-pixels-responsive.spec.ts-snapshots/B-PX-LOCAL-SIGNAL-SUCCESS-EN-FL-012-FL-015-en-360x800-desktop-chromium-darwin.png	ad8310f7a65baf960da230949c94b56d5e239e8d9f34a166274b124ee0007547	360	800	360x800	B-PX-LOCAL-SIGNAL-SUCCESS-EN	LOCAL-SIGNAL-SUCCESS	FL-012,FL-015	en	FROZEN	R3-RESPONSIVE: LOCAL-SIGNAL-SUCCESS; D3-R3-001: announced success/duplicate outcome
k-tour-id-app/tests/visual/ondo-b-flow-pixels-responsive.spec.ts-snapshots/B-PX-LOCAL-SIGNAL-SUCCESS-EN-FL-012-FL-015-en-430x932-desktop-chromium-darwin.png	10af6cafd611874da14223fde65b279bf76e1e43732abca35d7c410e355832f9	430	932	430x932	B-PX-LOCAL-SIGNAL-SUCCESS-EN	LOCAL-SIGNAL-SUCCESS	FL-012,FL-015	en	FROZEN	R3-RESPONSIVE: LOCAL-SIGNAL-SUCCESS; D3-R3-001: announced success/duplicate outcome
k-tour-id-app/tests/visual/ondo-b-flow-pixels-responsive.spec.ts-snapshots/B-PX-LOCAL-SIGNAL-SUCCESS-EN-FL-012-FL-015-en-768x1024-desktop-chromium-darwin.png	a62e07720961c0a88e0f08e346b8974ed60157bb3f793f1c8e295493a04c5ff8	768	1024	768x1024	B-PX-LOCAL-SIGNAL-SUCCESS-EN	LOCAL-SIGNAL-SUCCESS	FL-012,FL-015	en	FROZEN	R3-RESPONSIVE: LOCAL-SIGNAL-SUCCESS; D3-R3-001: announced success/duplicate outcome
k-tour-id-app/tests/visual/ondo-b-flow-pixels-responsive.spec.ts-snapshots/B-PX-LOCAL-SIGNAL-SUCCESS-EN-FL-012-FL-015-en-801x1000-desktop-chromium-darwin.png	98c808cf6d1bf2b1e5f638444d6e2861b6aa1f79352903feb995ffbde17d0f9c	801	1000	801x1000	B-PX-LOCAL-SIGNAL-SUCCESS-EN	LOCAL-SIGNAL-SUCCESS	FL-012,FL-015	en	FROZEN	R3-RESPONSIVE: LOCAL-SIGNAL-SUCCESS; D3-R3-001: announced success/duplicate outcome
k-tour-id-app/tests/visual/ondo-b-flow-pixels-responsive.spec.ts-snapshots/B-PX-MY-EN-FL-004-FL-011-FL-015-en-360x800-desktop-chromium-darwin.png	418dc34b5a518a21d1e7abb6e93557fec75eb2092748dabc96f76e8774b68697	360	800	360x800	B-PX-MY-EN	MY	FL-004,FL-011,FL-015	en	FROZEN	R3-RESPONSIVE: MY; D4-R3-001: simulated-visit truth labels
k-tour-id-app/tests/visual/ondo-b-flow-pixels-responsive.spec.ts-snapshots/B-PX-MY-EN-FL-004-FL-011-FL-015-en-430x932-desktop-chromium-darwin.png	a2424c85f2d815dc3d6ad7495b577d02e2cad0381d6be46de9a19d290c435cc2	430	932	430x932	B-PX-MY-EN	MY	FL-004,FL-011,FL-015	en	FROZEN	R3-RESPONSIVE: MY; D4-R3-001: simulated-visit truth labels
k-tour-id-app/tests/visual/ondo-b-flow-pixels-responsive.spec.ts-snapshots/B-PX-MY-EN-FL-004-FL-011-FL-015-en-768x1024-desktop-chromium-darwin.png	4038852d95fbdef264c57e7ac070782d7aafc3a6fed93fe3d2207f57bdf2c7cf	768	1024	768x1024	B-PX-MY-EN	MY	FL-004,FL-011,FL-015	en	FROZEN	R3-RESPONSIVE: MY; D4-R3-001: simulated-visit truth labels
k-tour-id-app/tests/visual/ondo-b-flow-pixels-responsive.spec.ts-snapshots/B-PX-MY-EN-FL-004-FL-011-FL-015-en-801x1000-desktop-chromium-darwin.png	adebf3877d91cd9339b147323343af956ea89fc0de889dafac7d9ffc419dbdea	801	1000	801x1000	B-PX-MY-EN	MY	FL-004,FL-011,FL-015	en	FROZEN	R3-RESPONSIVE: MY; D4-R3-001: simulated-visit truth labels
k-tour-id-app/tests/visual/ondo-b-flow-pixels-responsive.spec.ts-snapshots/B-PX-NATION-EN-FL-001-en-360x800-desktop-chromium-darwin.png	53e850d1a4c413c1f81511e415d319cfdf9ea7875fd46ab2f69511abd8c5c2e8	360	800	360x800	B-PX-NATION-EN	NATION	FL-001	en	FROZEN	R3-RESPONSIVE: NATION; R3-INTEGRATED: current frozen product surface
k-tour-id-app/tests/visual/ondo-b-flow-pixels-responsive.spec.ts-snapshots/B-PX-NATION-EN-FL-001-en-430x932-desktop-chromium-darwin.png	5980bec17ae0024cf573d1c155549bd6a4be64ee8cf21c4805b5b3ee5f0d093b	430	932	430x932	B-PX-NATION-EN	NATION	FL-001	en	FROZEN	R3-RESPONSIVE: NATION; R3-INTEGRATED: current frozen product surface
k-tour-id-app/tests/visual/ondo-b-flow-pixels-responsive.spec.ts-snapshots/B-PX-NATION-EN-FL-001-en-768x1024-desktop-chromium-darwin.png	b0795b444c2c57e68e6fccafcf2747eb954b4364e8ce85395f464d4648613862	768	1024	768x1024	B-PX-NATION-EN	NATION	FL-001	en	FROZEN	R3-RESPONSIVE: NATION; R3-INTEGRATED: current frozen product surface
k-tour-id-app/tests/visual/ondo-b-flow-pixels-responsive.spec.ts-snapshots/B-PX-NATION-EN-FL-001-en-801x1000-desktop-chromium-darwin.png	02937af82730502669e03586e7ff1f9a2cc5d6e32ba76fc3b1b5e88e19e84b35	801	1000	801x1000	B-PX-NATION-EN	NATION	FL-001	en	FROZEN	R3-RESPONSIVE: NATION; R3-INTEGRATED: current frozen product surface
k-tour-id-app/tests/visual/ondo-b-flow-pixels-responsive.spec.ts-snapshots/B-PX-NATION-KO-FL-001-ko-360x800-desktop-chromium-darwin.png	06098616c95484f6f395cf2a7f9e159e2844a48f2bd5da4080e0039030619a54	360	800	360x800	B-PX-NATION-KO	NATION	FL-001	ko	FROZEN	R3-RESPONSIVE: NATION; R3-INTEGRATED: current frozen product surface
k-tour-id-app/tests/visual/ondo-b-flow-pixels-responsive.spec.ts-snapshots/B-PX-NATION-KO-FL-001-ko-430x932-desktop-chromium-darwin.png	1403cfe840355ceec96ca34fde4012e7e2803144ceb3ba7d32278dd7503d839e	430	932	430x932	B-PX-NATION-KO	NATION	FL-001	ko	FROZEN	R3-RESPONSIVE: NATION; R3-INTEGRATED: current frozen product surface
k-tour-id-app/tests/visual/ondo-b-flow-pixels-responsive.spec.ts-snapshots/B-PX-NATION-KO-FL-001-ko-768x1024-desktop-chromium-darwin.png	18509f33e57981f997ded89f0143d45c926ac9dc60be8bd94a354a7fe702e2a0	768	1024	768x1024	B-PX-NATION-KO	NATION	FL-001	ko	FROZEN	R3-RESPONSIVE: NATION; R3-INTEGRATED: current frozen product surface
k-tour-id-app/tests/visual/ondo-b-flow-pixels-responsive.spec.ts-snapshots/B-PX-NATION-KO-FL-001-ko-801x1000-desktop-chromium-darwin.png	9b33c0febea0212b45137d2244cad1064fb029662da2f99f0c60aeb016f26bc6	801	1000	801x1000	B-PX-NATION-KO	NATION	FL-001	ko	FROZEN	R3-RESPONSIVE: NATION; R3-INTEGRATED: current frozen product surface
k-tour-id-app/tests/visual/ondo-b-flow-pixels-responsive.spec.ts-snapshots/B-PX-ONBOARDING-PERSONAS-KO-FL-007-FL-008-FL-009-ko-360x800-desktop-chromium-darwin.png	dba2f9c6f0b07ee41382dee6b5e25982e5f265c0c26f5c7887dab275e62d77ae	360	800	360x800	B-PX-ONBOARDING-PERSONAS-KO	ONBOARDING-PERSONAS	FL-007,FL-008,FL-009	ko	FROZEN	R3-RESPONSIVE: ONBOARDING-PERSONAS; R3-INTEGRATED: current frozen product surface
k-tour-id-app/tests/visual/ondo-b-flow-pixels-responsive.spec.ts-snapshots/B-PX-ONBOARDING-PERSONAS-KO-FL-007-FL-008-FL-009-ko-430x932-desktop-chromium-darwin.png	132571caac5a39b7f93417280e34eef7ac03d0029a6ad78f21cfb2764682e506	430	932	430x932	B-PX-ONBOARDING-PERSONAS-KO	ONBOARDING-PERSONAS	FL-007,FL-008,FL-009	ko	FROZEN	R3-RESPONSIVE: ONBOARDING-PERSONAS; R3-INTEGRATED: current frozen product surface
k-tour-id-app/tests/visual/ondo-b-flow-pixels-responsive.spec.ts-snapshots/B-PX-ONBOARDING-PERSONAS-KO-FL-007-FL-008-FL-009-ko-768x1024-desktop-chromium-darwin.png	7dd2c1d6c24ed6ebd6dbd61265c38ae286b30f462fcf730b4d94e50bf218061a	768	1024	768x1024	B-PX-ONBOARDING-PERSONAS-KO	ONBOARDING-PERSONAS	FL-007,FL-008,FL-009	ko	FROZEN	R3-RESPONSIVE: ONBOARDING-PERSONAS; R3-INTEGRATED: current frozen product surface
k-tour-id-app/tests/visual/ondo-b-flow-pixels-responsive.spec.ts-snapshots/B-PX-ONBOARDING-PERSONAS-KO-FL-007-FL-008-FL-009-ko-801x1000-desktop-chromium-darwin.png	b71c6c613c60434b401a74d71b09cea66e20f760be0b47d9555dbc48d4684f93	801	1000	801x1000	B-PX-ONBOARDING-PERSONAS-KO	ONBOARDING-PERSONAS	FL-007,FL-008,FL-009	ko	FROZEN	R3-RESPONSIVE: ONBOARDING-PERSONAS; R3-INTEGRATED: current frozen product surface
k-tour-id-app/tests/visual/ondo-b-flow-pixels-responsive.spec.ts-snapshots/B-PX-ONBOARDING-PREFERENCES-EN-FL-007-FL-008-FL-009-en-360x800-desktop-chromium-darwin.png	160bde572c91deeb36afaec9b03335443754dd7e2b0f4a7ed274e6effd375b50	360	800	360x800	B-PX-ONBOARDING-PREFERENCES-EN	ONBOARDING-PREFERENCES	FL-007,FL-008,FL-009	en	FROZEN	R3-RESPONSIVE: ONBOARDING-PREFERENCES; D4-R3-003: explicit dietary requirements
k-tour-id-app/tests/visual/ondo-b-flow-pixels-responsive.spec.ts-snapshots/B-PX-ONBOARDING-PREFERENCES-EN-FL-007-FL-008-FL-009-en-430x932-desktop-chromium-darwin.png	37f4bc5f0e4fbba93564df12d9f54e94bc6312fd85aa94394cfd9716c9f3c95b	430	932	430x932	B-PX-ONBOARDING-PREFERENCES-EN	ONBOARDING-PREFERENCES	FL-007,FL-008,FL-009	en	FROZEN	R3-RESPONSIVE: ONBOARDING-PREFERENCES; D4-R3-003: explicit dietary requirements
k-tour-id-app/tests/visual/ondo-b-flow-pixels-responsive.spec.ts-snapshots/B-PX-ONBOARDING-PREFERENCES-EN-FL-007-FL-008-FL-009-en-768x1024-desktop-chromium-darwin.png	afed88ae6359b34653304d2b103d6588c2f5bcd5c1a6156ad995c1b4a8aa6462	768	1024	768x1024	B-PX-ONBOARDING-PREFERENCES-EN	ONBOARDING-PREFERENCES	FL-007,FL-008,FL-009	en	FROZEN	R3-RESPONSIVE: ONBOARDING-PREFERENCES; D4-R3-003: explicit dietary requirements
k-tour-id-app/tests/visual/ondo-b-flow-pixels-responsive.spec.ts-snapshots/B-PX-ONBOARDING-PREFERENCES-EN-FL-007-FL-008-FL-009-en-801x1000-desktop-chromium-darwin.png	e13c3ed9a4718a65e06198ee76e67b0c2305bb144d520f8a8cfa7fd14414d350	801	1000	801x1000	B-PX-ONBOARDING-PREFERENCES-EN	ONBOARDING-PREFERENCES	FL-007,FL-008,FL-009	en	FROZEN	R3-RESPONSIVE: ONBOARDING-PREFERENCES; D4-R3-003: explicit dietary requirements
k-tour-id-app/tests/visual/ondo-b-flow-pixels-responsive.spec.ts-snapshots/B-PX-ONBOARDING-VALUE-EN-FL-007-FL-008-FL-009-en-360x800-desktop-chromium-darwin.png	05217dfaf7a82f66086842d4dc08f1f40bc69fec3c623c8f4f33d2f892cfc15d	360	800	360x800	B-PX-ONBOARDING-VALUE-EN	ONBOARDING-VALUE	FL-007,FL-008,FL-009	en	FROZEN	R3-RESPONSIVE: ONBOARDING-VALUE; R3-INTEGRATED: current frozen product surface
k-tour-id-app/tests/visual/ondo-b-flow-pixels-responsive.spec.ts-snapshots/B-PX-ONBOARDING-VALUE-EN-FL-007-FL-008-FL-009-en-430x932-desktop-chromium-darwin.png	4c7ae61109368d405ec0d98768db5de153a3c649336d4b63d6b852295347375b	430	932	430x932	B-PX-ONBOARDING-VALUE-EN	ONBOARDING-VALUE	FL-007,FL-008,FL-009	en	FROZEN	R3-RESPONSIVE: ONBOARDING-VALUE; R3-INTEGRATED: current frozen product surface
k-tour-id-app/tests/visual/ondo-b-flow-pixels-responsive.spec.ts-snapshots/B-PX-ONBOARDING-VALUE-EN-FL-007-FL-008-FL-009-en-768x1024-desktop-chromium-darwin.png	2f4522c0d07e5ebce4e0f53f5b917a32b23ff65dd65912639a39596226b9aea0	768	1024	768x1024	B-PX-ONBOARDING-VALUE-EN	ONBOARDING-VALUE	FL-007,FL-008,FL-009	en	FROZEN	R3-RESPONSIVE: ONBOARDING-VALUE; R3-INTEGRATED: current frozen product surface
k-tour-id-app/tests/visual/ondo-b-flow-pixels-responsive.spec.ts-snapshots/B-PX-ONBOARDING-VALUE-EN-FL-007-FL-008-FL-009-en-801x1000-desktop-chromium-darwin.png	18a89e1c1cf33814e9f7fa77677941449684ac0bd916241a34f63d185fba4492	801	1000	801x1000	B-PX-ONBOARDING-VALUE-EN	ONBOARDING-VALUE	FL-007,FL-008,FL-009	en	FROZEN	R3-RESPONSIVE: ONBOARDING-VALUE; R3-INTEGRATED: current frozen product surface
k-tour-id-app/tests/visual/ondo-b-flow-pixels-responsive.spec.ts-snapshots/B-PX-PLACE-DETAIL-EN-FL-001-FL-010-FL-011-FL-012-FL-016-en-360x800-desktop-chromium-darwin.png	db738192bd7faa33b9e4e9c1bfb0baac8c96094f940ce1bd71bae88f4a408049	360	800	360x800	B-PX-PLACE-DETAIL-EN	PLACE-DETAIL	FL-001,FL-010,FL-011,FL-012,FL-016	en	FROZEN	R3-RESPONSIVE: PLACE-DETAIL; R3-INTEGRATED: current frozen product surface
k-tour-id-app/tests/visual/ondo-b-flow-pixels-responsive.spec.ts-snapshots/B-PX-PLACE-DETAIL-EN-FL-001-FL-010-FL-011-FL-012-FL-016-en-430x932-desktop-chromium-darwin.png	827bc6ec640002c400e755ce80b59ee426a9060a57169c41613042fbf8e0a46d	430	932	430x932	B-PX-PLACE-DETAIL-EN	PLACE-DETAIL	FL-001,FL-010,FL-011,FL-012,FL-016	en	FROZEN	R3-RESPONSIVE: PLACE-DETAIL; R3-INTEGRATED: current frozen product surface
k-tour-id-app/tests/visual/ondo-b-flow-pixels-responsive.spec.ts-snapshots/B-PX-PLACE-DETAIL-EN-FL-001-FL-010-FL-011-FL-012-FL-016-en-768x1024-desktop-chromium-darwin.png	c60a641eb304addfe82b4ae6c3babf04757d26ea6408d1add20f9d3a9dc5869b	768	1024	768x1024	B-PX-PLACE-DETAIL-EN	PLACE-DETAIL	FL-001,FL-010,FL-011,FL-012,FL-016	en	FROZEN	R3-RESPONSIVE: PLACE-DETAIL; R3-INTEGRATED: current frozen product surface
k-tour-id-app/tests/visual/ondo-b-flow-pixels-responsive.spec.ts-snapshots/B-PX-PLACE-DETAIL-EN-FL-001-FL-010-FL-011-FL-012-FL-016-en-801x1000-desktop-chromium-darwin.png	ce6ecf69dce87d7f443b169ae0a496451ea8277db49a11e73820cf1037b73c09	801	1000	801x1000	B-PX-PLACE-DETAIL-EN	PLACE-DETAIL	FL-001,FL-010,FL-011,FL-012,FL-016	en	FROZEN	R3-RESPONSIVE: PLACE-DETAIL; R3-INTEGRATED: current frozen product surface
k-tour-id-app/tests/visual/ondo-b-flow-pixels-responsive.spec.ts-snapshots/B-PX-PLACE-PEEK-EN-FL-001-en-360x800-desktop-chromium-darwin.png	c2bcb8de6c640b57138a219eb74effdb2c124b3e8ed3ee5583d82bdee1d201a9	360	800	360x800	B-PX-PLACE-PEEK-EN	PLACE-PEEK	FL-001	en	FROZEN	R3-RESPONSIVE: PLACE-PEEK; R3-INTEGRATED: current frozen product surface
k-tour-id-app/tests/visual/ondo-b-flow-pixels-responsive.spec.ts-snapshots/B-PX-PLACE-PEEK-EN-FL-001-en-430x932-desktop-chromium-darwin.png	1517d129afbfbd4c8c56df043c00a4e70ca8c6eee38f088e434917d04c654b8a	430	932	430x932	B-PX-PLACE-PEEK-EN	PLACE-PEEK	FL-001	en	FROZEN	R3-RESPONSIVE: PLACE-PEEK; R3-INTEGRATED: current frozen product surface
k-tour-id-app/tests/visual/ondo-b-flow-pixels-responsive.spec.ts-snapshots/B-PX-PLACE-PEEK-EN-FL-001-en-768x1024-desktop-chromium-darwin.png	92998e1a8cdad938d5c7366543fb9912b3aa30e41f413ab70f5fd8658c5e1e98	768	1024	768x1024	B-PX-PLACE-PEEK-EN	PLACE-PEEK	FL-001	en	FROZEN	R3-RESPONSIVE: PLACE-PEEK; R3-INTEGRATED: current frozen product surface
k-tour-id-app/tests/visual/ondo-b-flow-pixels-responsive.spec.ts-snapshots/B-PX-PLACE-PEEK-EN-FL-001-en-801x1000-desktop-chromium-darwin.png	5450897e5d210b1f64acd0ec560774c15395828d3467623d6c96ed3d0ca2363d	801	1000	801x1000	B-PX-PLACE-PEEK-EN	PLACE-PEEK	FL-001	en	FROZEN	R3-RESPONSIVE: PLACE-PEEK; R3-INTEGRATED: current frozen product surface
k-tour-id-app/tests/visual/ondo-b-flow-pixels-responsive.spec.ts-snapshots/B-PX-PROFILE-KO-FL-015-ko-360x800-desktop-chromium-darwin.png	22b9da78be2c29e9098fcbc2474b2d5bd286f598657a61a2e01d07c7a42c2fe3	360	800	360x800	B-PX-PROFILE-KO	PROFILE	FL-015	ko	FROZEN	R3-RESPONSIVE: PROFILE; D4-R3-003+D4-R3-004: persisted dietary choices and unique accessible controls
k-tour-id-app/tests/visual/ondo-b-flow-pixels-responsive.spec.ts-snapshots/B-PX-PROFILE-KO-FL-015-ko-430x932-desktop-chromium-darwin.png	b359b131c5b19c58c1a5a88fac55d48107accc2c25ccfb888d391b873f3eb5e6	430	932	430x932	B-PX-PROFILE-KO	PROFILE	FL-015	ko	FROZEN	R3-RESPONSIVE: PROFILE; D4-R3-003+D4-R3-004: persisted dietary choices and unique accessible controls
k-tour-id-app/tests/visual/ondo-b-flow-pixels-responsive.spec.ts-snapshots/B-PX-PROFILE-KO-FL-015-ko-768x1024-desktop-chromium-darwin.png	b429c8257a827f0c9718e6bb77dd3d2b88b397e5b18de8273f6b78d4947f81f0	768	1024	768x1024	B-PX-PROFILE-KO	PROFILE	FL-015	ko	FROZEN	R3-RESPONSIVE: PROFILE; D4-R3-003+D4-R3-004: persisted dietary choices and unique accessible controls
k-tour-id-app/tests/visual/ondo-b-flow-pixels-responsive.spec.ts-snapshots/B-PX-PROFILE-KO-FL-015-ko-801x1000-desktop-chromium-darwin.png	8f72533b9bb49b6837db7e00a83779d6a2b9e2a50ef535e3197f9ada588b435c	801	1000	801x1000	B-PX-PROFILE-KO	PROFILE	FL-015	ko	FROZEN	R3-RESPONSIVE: PROFILE; D4-R3-003+D4-R3-004: persisted dietary choices and unique accessible controls
k-tour-id-app/tests/visual/ondo-b-flow-pixels-responsive.spec.ts-snapshots/B-PX-REPORT-EN-FL-003-en-360x800-desktop-chromium-darwin.png	ee570df21412ad49d884ba093e1ae30923d5f1609e11a074848ca2003daf470d	360	800	360x800	B-PX-REPORT-EN	REPORT	FL-003	en	FROZEN	R3-RESPONSIVE: REPORT; R3-INTEGRATED: current frozen product surface
k-tour-id-app/tests/visual/ondo-b-flow-pixels-responsive.spec.ts-snapshots/B-PX-REPORT-EN-FL-003-en-430x932-desktop-chromium-darwin.png	7df93d99bac5912528da04cb4a7adf82ce8c6b45aa6f6a40e341bc97e358c036	430	932	430x932	B-PX-REPORT-EN	REPORT	FL-003	en	FROZEN	R3-RESPONSIVE: REPORT; R3-INTEGRATED: current frozen product surface
k-tour-id-app/tests/visual/ondo-b-flow-pixels-responsive.spec.ts-snapshots/B-PX-REPORT-EN-FL-003-en-768x1024-desktop-chromium-darwin.png	200e87d6a8fa9f535d6b97ff4cfe2e1d76b8b7c7cd6f385a4bc2870a077c5adb	768	1024	768x1024	B-PX-REPORT-EN	REPORT	FL-003	en	FROZEN	R3-RESPONSIVE: REPORT; R3-INTEGRATED: current frozen product surface
k-tour-id-app/tests/visual/ondo-b-flow-pixels-responsive.spec.ts-snapshots/B-PX-REPORT-EN-FL-003-en-801x1000-desktop-chromium-darwin.png	eb2914f453abe135a15ef897f56611c8a55d9b615d03049c3e6062b05b68b26e	801	1000	801x1000	B-PX-REPORT-EN	REPORT	FL-003	en	FROZEN	R3-RESPONSIVE: REPORT; R3-INTEGRATED: current frozen product surface
k-tour-id-app/tests/visual/ondo-b-flow-pixels-responsive.spec.ts-snapshots/B-PX-SAVE-FAILURE-EN-FL-011-en-360x800-desktop-chromium-darwin.png	a91a7db4fc919fb01904cdc63dee9f3239c8f3bfe0dd283c0b1af6d4a928fa37	360	800	360x800	B-PX-SAVE-FAILURE-EN	SAVE-FAILURE	FL-011	en	FROZEN	R3-RESPONSIVE: SAVE-FAILURE; R3-INTEGRATED: current frozen product surface
k-tour-id-app/tests/visual/ondo-b-flow-pixels-responsive.spec.ts-snapshots/B-PX-SAVE-FAILURE-EN-FL-011-en-430x932-desktop-chromium-darwin.png	8b824d5949d39e761b231e32b2cfeda9082b9c26260c50f03349a42ad545b004	430	932	430x932	B-PX-SAVE-FAILURE-EN	SAVE-FAILURE	FL-011	en	FROZEN	R3-RESPONSIVE: SAVE-FAILURE; R3-INTEGRATED: current frozen product surface
k-tour-id-app/tests/visual/ondo-b-flow-pixels-responsive.spec.ts-snapshots/B-PX-SAVE-FAILURE-EN-FL-011-en-768x1024-desktop-chromium-darwin.png	e87ed285b3deedbf0eeb6623997d64b4ba2dcd001717501792ccf29db78991e9	768	1024	768x1024	B-PX-SAVE-FAILURE-EN	SAVE-FAILURE	FL-011	en	FROZEN	R3-RESPONSIVE: SAVE-FAILURE; R3-INTEGRATED: current frozen product surface
k-tour-id-app/tests/visual/ondo-b-flow-pixels-responsive.spec.ts-snapshots/B-PX-SAVE-FAILURE-EN-FL-011-en-801x1000-desktop-chromium-darwin.png	3c91e02ae452fbe75da22d86d31c75260cb6f2d12a047abf7b718bce9900750d	801	1000	801x1000	B-PX-SAVE-FAILURE-EN	SAVE-FAILURE	FL-011	en	FROZEN	R3-RESPONSIVE: SAVE-FAILURE; R3-INTEGRATED: current frozen product surface
k-tour-id-app/tests/visual/ondo-b-flow-pixels-responsive.spec.ts-snapshots/B-PX-SAVE-RECOVERED-KO-FL-011-ko-360x800-desktop-chromium-darwin.png	5d27c209c1320f5669471d409d88a63e9f5fc576355a73227a9d5e50f749a8a3	360	800	360x800	B-PX-SAVE-RECOVERED-KO	SAVE-RECOVERED	FL-011	ko	FROZEN	R3-RESPONSIVE: SAVE-RECOVERED; R3-INTEGRATED: current frozen product surface
k-tour-id-app/tests/visual/ondo-b-flow-pixels-responsive.spec.ts-snapshots/B-PX-SAVE-RECOVERED-KO-FL-011-ko-430x932-desktop-chromium-darwin.png	7e4414673f5e1f13a048f0f4e0469e5bcf27d023b8a654713a67a23073912883	430	932	430x932	B-PX-SAVE-RECOVERED-KO	SAVE-RECOVERED	FL-011	ko	FROZEN	R3-RESPONSIVE: SAVE-RECOVERED; R3-INTEGRATED: current frozen product surface
k-tour-id-app/tests/visual/ondo-b-flow-pixels-responsive.spec.ts-snapshots/B-PX-SAVE-RECOVERED-KO-FL-011-ko-768x1024-desktop-chromium-darwin.png	a4a16d640b25dc09db53bdd21efc181cd7fb9fdce0b4795ceaaddc1958c5a672	768	1024	768x1024	B-PX-SAVE-RECOVERED-KO	SAVE-RECOVERED	FL-011	ko	FROZEN	R3-RESPONSIVE: SAVE-RECOVERED; R3-INTEGRATED: current frozen product surface
k-tour-id-app/tests/visual/ondo-b-flow-pixels-responsive.spec.ts-snapshots/B-PX-SAVE-RECOVERED-KO-FL-011-ko-801x1000-desktop-chromium-darwin.png	66864950a08dc994b4cebd4dc624a6555799420c3b5ffb8cd43cfea0dfe35fd4	801	1000	801x1000	B-PX-SAVE-RECOVERED-KO	SAVE-RECOVERED	FL-011	ko	FROZEN	R3-RESPONSIVE: SAVE-RECOVERED; R3-INTEGRATED: current frozen product surface
k-tour-id-app/tests/visual/ondo-b-flow-pixels-responsive.spec.ts-snapshots/B-PX-TABLE-DETAIL-KO-FL-003-ko-360x800-desktop-chromium-darwin.png	87792a2ff82e6d5e787ed531d9b928c5e50b384b3fbb1c32c99c5a70657c92b8	360	800	360x800	B-PX-TABLE-DETAIL-KO	TABLE-DETAIL	FL-003	ko	FROZEN	R3-RESPONSIVE: TABLE-DETAIL; R3-INTEGRATED: current frozen product surface
k-tour-id-app/tests/visual/ondo-b-flow-pixels-responsive.spec.ts-snapshots/B-PX-TABLE-DETAIL-KO-FL-003-ko-430x932-desktop-chromium-darwin.png	c29e4bd26078d2a56153b2463087dca22460efb7a2db1468b0597817f7907d45	430	932	430x932	B-PX-TABLE-DETAIL-KO	TABLE-DETAIL	FL-003	ko	FROZEN	R3-RESPONSIVE: TABLE-DETAIL; R3-INTEGRATED: current frozen product surface
k-tour-id-app/tests/visual/ondo-b-flow-pixels-responsive.spec.ts-snapshots/B-PX-TABLE-DETAIL-KO-FL-003-ko-768x1024-desktop-chromium-darwin.png	18ba174f496cc2d16cf9aa60ec6c91e2bbfa3f694e91227a28b8be13129ad0f3	768	1024	768x1024	B-PX-TABLE-DETAIL-KO	TABLE-DETAIL	FL-003	ko	FROZEN	R3-RESPONSIVE: TABLE-DETAIL; R3-INTEGRATED: current frozen product surface
k-tour-id-app/tests/visual/ondo-b-flow-pixels-responsive.spec.ts-snapshots/B-PX-TABLE-DETAIL-KO-FL-003-ko-801x1000-desktop-chromium-darwin.png	1fa739db8da2c6156f220ddc2527ba24cf84e2b816a1be343c4ba6e6c272dccf	801	1000	801x1000	B-PX-TABLE-DETAIL-KO	TABLE-DETAIL	FL-003	ko	FROZEN	R3-RESPONSIVE: TABLE-DETAIL; R3-INTEGRATED: current frozen product surface
k-tour-id-app/tests/visual/ondo-b-flow-pixels-responsive.spec.ts-snapshots/B-PX-TABLE-JOIN-FAIL-EN-FL-003-en-360x800-desktop-chromium-darwin.png	b426618ee8c5f57c5b1099abb6fa26311cb11651b0d9cd61e5f6579cc3f63160	360	800	360x800	B-PX-TABLE-JOIN-FAIL-EN	TABLE-JOIN-FAIL	FL-003	en	FROZEN	R3-RESPONSIVE: TABLE-JOIN-FAIL; D3-R3-001+D4-R3-005: announced local-preview failure and recovery focus
k-tour-id-app/tests/visual/ondo-b-flow-pixels-responsive.spec.ts-snapshots/B-PX-TABLE-JOIN-FAIL-EN-FL-003-en-430x932-desktop-chromium-darwin.png	ae540b66e98e33027992abd403cc41068c4dbb40927747dfc34344f8b9ca1276	430	932	430x932	B-PX-TABLE-JOIN-FAIL-EN	TABLE-JOIN-FAIL	FL-003	en	FROZEN	R3-RESPONSIVE: TABLE-JOIN-FAIL; D3-R3-001+D4-R3-005: announced local-preview failure and recovery focus
k-tour-id-app/tests/visual/ondo-b-flow-pixels-responsive.spec.ts-snapshots/B-PX-TABLE-JOIN-FAIL-EN-FL-003-en-768x1024-desktop-chromium-darwin.png	6901664b6a47d1858b9180b494899a40a01d04989fa02e7002f983eb6192c288	768	1024	768x1024	B-PX-TABLE-JOIN-FAIL-EN	TABLE-JOIN-FAIL	FL-003	en	FROZEN	R3-RESPONSIVE: TABLE-JOIN-FAIL; D3-R3-001+D4-R3-005: announced local-preview failure and recovery focus
k-tour-id-app/tests/visual/ondo-b-flow-pixels-responsive.spec.ts-snapshots/B-PX-TABLE-JOIN-FAIL-EN-FL-003-en-801x1000-desktop-chromium-darwin.png	9445ae23c8326a77ade4734e70edad20ede5890fc231b0d0fe177784bbdf632d	801	1000	801x1000	B-PX-TABLE-JOIN-FAIL-EN	TABLE-JOIN-FAIL	FL-003	en	FROZEN	R3-RESPONSIVE: TABLE-JOIN-FAIL; D3-R3-001+D4-R3-005: announced local-preview failure and recovery focus
k-tour-id-app/tests/visual/ondo-b-flow-pixels-responsive.spec.ts-snapshots/B-PX-TABLES-LIST-EN-FL-003-en-360x800-desktop-chromium-darwin.png	b3bbedda5e4781070615623f23b27f4ac7fbfeedb15282295c6030cc5da449ac	360	800	360x800	B-PX-TABLES-LIST-EN	TABLES-LIST	FL-003	en	FROZEN	R3-RESPONSIVE: TABLES-LIST; R3-INTEGRATED: current frozen product surface
k-tour-id-app/tests/visual/ondo-b-flow-pixels-responsive.spec.ts-snapshots/B-PX-TABLES-LIST-EN-FL-003-en-430x932-desktop-chromium-darwin.png	ace793ad09b80d513f51baff7f6631f5557511010aaeaf97e00a76de1f5bdfe0	430	932	430x932	B-PX-TABLES-LIST-EN	TABLES-LIST	FL-003	en	FROZEN	R3-RESPONSIVE: TABLES-LIST; R3-INTEGRATED: current frozen product surface
k-tour-id-app/tests/visual/ondo-b-flow-pixels-responsive.spec.ts-snapshots/B-PX-TABLES-LIST-EN-FL-003-en-768x1024-desktop-chromium-darwin.png	bd3a718c2622f15e8b01fa46080a0f9779564bf1dc8c877acad91e11baea1e3d	768	1024	768x1024	B-PX-TABLES-LIST-EN	TABLES-LIST	FL-003	en	FROZEN	R3-RESPONSIVE: TABLES-LIST; R3-INTEGRATED: current frozen product surface
k-tour-id-app/tests/visual/ondo-b-flow-pixels-responsive.spec.ts-snapshots/B-PX-TABLES-LIST-EN-FL-003-en-801x1000-desktop-chromium-darwin.png	27af76eab080238d48a1c3dd5ac90615ef1073e773e31b28018b22a1dbcd210c	801	1000	801x1000	B-PX-TABLES-LIST-EN	TABLES-LIST	FL-003	en	FROZEN	R3-RESPONSIVE: TABLES-LIST; R3-INTEGRATED: current frozen product surface
k-tour-id-app/tests/visual/ondo-b-flow-pixels-responsive.spec.ts-snapshots/B-PX-TABLES-VENUE-EMPTY-EN-FL-003-en-360x800-desktop-chromium-darwin.png	ae09e5190f03d9a90759a9aeeede423a2211ffc934618254f0ddb542f4151005	360	800	360x800	B-PX-TABLES-VENUE-EMPTY-EN	TABLES-VENUE-EMPTY	FL-003	en	FROZEN	R3-RESPONSIVE: TABLES-VENUE-EMPTY; D5-R3-003: venue-scoped recovery and modal-isolation cleanup
k-tour-id-app/tests/visual/ondo-b-flow-pixels-responsive.spec.ts-snapshots/B-PX-TABLES-VENUE-EMPTY-EN-FL-003-en-430x932-desktop-chromium-darwin.png	a649e8de1f4495c4dd3743f7ed64ce4d62556e80606d4fa3c6e4b8a0b10ee891	430	932	430x932	B-PX-TABLES-VENUE-EMPTY-EN	TABLES-VENUE-EMPTY	FL-003	en	FROZEN	R3-RESPONSIVE: TABLES-VENUE-EMPTY; D5-R3-003: venue-scoped recovery and modal-isolation cleanup
k-tour-id-app/tests/visual/ondo-b-flow-pixels-responsive.spec.ts-snapshots/B-PX-TABLES-VENUE-EMPTY-EN-FL-003-en-768x1024-desktop-chromium-darwin.png	a5340065e054eca9c2cb0a06b29e39a6b5b0f3b847a9ff23476e76b6fb5f3d02	768	1024	768x1024	B-PX-TABLES-VENUE-EMPTY-EN	TABLES-VENUE-EMPTY	FL-003	en	FROZEN	R3-RESPONSIVE: TABLES-VENUE-EMPTY; D5-R3-003: venue-scoped recovery and modal-isolation cleanup
k-tour-id-app/tests/visual/ondo-b-flow-pixels-responsive.spec.ts-snapshots/B-PX-TABLES-VENUE-EMPTY-EN-FL-003-en-801x1000-desktop-chromium-darwin.png	198fd915b3d0eb30b64b298b3473d215a98af1eae7a94d967c0a3d802a2efb12	801	1000	801x1000	B-PX-TABLES-VENUE-EMPTY-EN	TABLES-VENUE-EMPTY	FL-003	en	FROZEN	R3-RESPONSIVE: TABLES-VENUE-EMPTY; D5-R3-003: venue-scoped recovery and modal-isolation cleanup
k-tour-id-app/tests/visual/ondo-b-flow-pixels-responsive.spec.ts-snapshots/B-PX-TRUST-FOUR-AXES-EN-FL-003-FL-012-FL-015-en-360x800-desktop-chromium-darwin.png	1609480e3cbccd2e21530768e4fee1286d88e557dd5294f99f7028bff0f2c127	360	800	360x800	B-PX-TRUST-FOUR-AXES-EN	TRUST-FOUR-AXES	FL-003,FL-012,FL-015	en	FROZEN	R3-RESPONSIVE: TRUST-FOUR-AXES; D4-R3-001: non-evidentiary local activity truth
k-tour-id-app/tests/visual/ondo-b-flow-pixels-responsive.spec.ts-snapshots/B-PX-TRUST-FOUR-AXES-EN-FL-003-FL-012-FL-015-en-430x932-desktop-chromium-darwin.png	53c2ac8c37bc68bb53b3a8aaef606b19804e92fe1e0f3a40802f3f1e3d338103	430	932	430x932	B-PX-TRUST-FOUR-AXES-EN	TRUST-FOUR-AXES	FL-003,FL-012,FL-015	en	FROZEN	R3-RESPONSIVE: TRUST-FOUR-AXES; D4-R3-001: non-evidentiary local activity truth
k-tour-id-app/tests/visual/ondo-b-flow-pixels-responsive.spec.ts-snapshots/B-PX-TRUST-FOUR-AXES-EN-FL-003-FL-012-FL-015-en-768x1024-desktop-chromium-darwin.png	d76aad611d7037c76d51769b397ec7e088f1ecc7aed29cd7b8efd89bd21b88a3	768	1024	768x1024	B-PX-TRUST-FOUR-AXES-EN	TRUST-FOUR-AXES	FL-003,FL-012,FL-015	en	FROZEN	R3-RESPONSIVE: TRUST-FOUR-AXES; D4-R3-001: non-evidentiary local activity truth
k-tour-id-app/tests/visual/ondo-b-flow-pixels-responsive.spec.ts-snapshots/B-PX-TRUST-FOUR-AXES-EN-FL-003-FL-012-FL-015-en-801x1000-desktop-chromium-darwin.png	39bb56f6df2ee9d6035ed12732bb4f5f6188d297365ab7d3f87c554403278675	801	1000	801x1000	B-PX-TRUST-FOUR-AXES-EN	TRUST-FOUR-AXES	FL-003,FL-012,FL-015	en	FROZEN	R3-RESPONSIVE: TRUST-FOUR-AXES; D4-R3-001: non-evidentiary local activity truth
