path	sha256	width	height	viewport	case_id	state	flows	locale	status	approval_reason
k-tour-id-app/tests/visual/ondo-b-flow-pixels-desktop.spec.ts-snapshots/B-PX-AFTER19-PROMPT-EN-FL-013-en-1440x1000-desktop-chromium-darwin.png	5d73eb4d1deb3179fb2f2080d1df32d58a272cf4882f5440f61e59c90e09d19f	1440	1000	1440x1000	B-PX-AFTER19-PROMPT-EN	AFTER19-PROMPT	FL-013	en	FROZEN	R5-CARRY: byte-identical to SLEEK-R5 reviewed baseline; prior approval retained
k-tour-id-app/tests/visual/ondo-b-flow-pixels-desktop.spec.ts-snapshots/B-PX-AFTER19-VENUE-LOCKED-EN-FL-002-en-1440x1000-desktop-chromium-darwin.png	7fb29636ed342416f96f68bb520d2798d43806581fb4ab7460748a32ab24f940	1440	1000	1440x1000	B-PX-AFTER19-VENUE-LOCKED-EN	AFTER19-VENUE-LOCKED	FL-002	en	FROZEN	R5-FIX: locked-venue focus-token baseline changed for R5-001; approval_commit=ee19adb2a5fce5bea7e0aeb6a8caac80ca65bd2f; prior_sha=a7a28bcb877d8301abc4313a7e1cc1cad85336f00e96b5c50e080bc82f064606
k-tour-id-app/tests/visual/ondo-b-flow-pixels-desktop.spec.ts-snapshots/B-PX-AFTER19-VENUE-RETURN-EN-FL-002-FL-013-FL-014-en-1440x1000-desktop-chromium-darwin.png	211ab8c3315ec6b78b948929c0cced309fad6d1a84505094a3313cc3a7b38bd0	1440	1000	1440x1000	B-PX-AFTER19-VENUE-RETURN-EN	AFTER19-VENUE-RETURN	FL-002,FL-013,FL-014	en	FROZEN	R5-CARRY: byte-identical to SLEEK-R5 reviewed baseline; prior approval retained
k-tour-id-app/tests/visual/ondo-b-flow-pixels-desktop.spec.ts-snapshots/B-PX-CHAT-EN-FL-003-en-1440x1000-desktop-chromium-darwin.png	3436ad84d02dad5831ef6d4dffa115160cf97ce3c18137d39ba13e981f8cd2a6	1440	1000	1440x1000	B-PX-CHAT-EN	CHAT	FL-003	en	FROZEN	R5-CARRY: byte-identical to SLEEK-R5 reviewed baseline; prior approval retained
k-tour-id-app/tests/visual/ondo-b-flow-pixels-desktop.spec.ts-snapshots/B-PX-CHAT-IMAGE-FAIL-EN-FL-003-en-1440x1000-desktop-chromium-darwin.png	ff5661d5bdd467ac8ac642fb6fb9cd6545d6387f8fc8c56a17b291eacb1443b6	1440	1000	1440x1000	B-PX-CHAT-IMAGE-FAIL-EN	CHAT-IMAGE-FAIL	FL-003	en	FROZEN	R5-CARRY: byte-identical to SLEEK-R5 reviewed baseline; prior approval retained
k-tour-id-app/tests/visual/ondo-b-flow-pixels-desktop.spec.ts-snapshots/B-PX-CHECKOUT-CANCEL-KO-FL-004-ko-1440x1000-desktop-chromium-darwin.png	b8a36c374b1c36107d644a10bba71d38bf205d8a695d6d370f3ecdac548adf2c	1440	1000	1440x1000	B-PX-CHECKOUT-CANCEL-KO	CHECKOUT-CANCEL	FL-004	ko	FROZEN	R5-CARRY: byte-identical to SLEEK-R5 reviewed baseline; prior approval retained
k-tour-id-app/tests/visual/ondo-b-flow-pixels-desktop.spec.ts-snapshots/B-PX-CHECKOUT-FAIL-EN-FL-004-en-1440x1000-desktop-chromium-darwin.png	b1c0fa89386363de461d695bf8bf8f237a73fbf888be70c6ff31a71ffbb7ad5c	1440	1000	1440x1000	B-PX-CHECKOUT-FAIL-EN	CHECKOUT-FAIL	FL-004	en	FROZEN	R5-CARRY: byte-identical to SLEEK-R5 reviewed baseline; prior approval retained
k-tour-id-app/tests/visual/ondo-b-flow-pixels-desktop.spec.ts-snapshots/B-PX-CHECKOUT-IDLE-EN-FL-004-FL-017-en-1440x1000-desktop-chromium-darwin.png	301dfd3071d9eb1a6ae8b43ea7f7c37e88fab9719e3c543eda1cbef489dbca92	1440	1000	1440x1000	B-PX-CHECKOUT-IDLE-EN	CHECKOUT-IDLE	FL-004,FL-017	en	FROZEN	R5-CARRY: byte-identical to SLEEK-R5 reviewed baseline; prior approval retained
k-tour-id-app/tests/visual/ondo-b-flow-pixels-desktop.spec.ts-snapshots/B-PX-CHECKOUT-RECEIPT-EN-FL-004-en-1440x1000-desktop-chromium-darwin.png	f4f706aff1edc61d2ba55a0947c1259dbb379c805b85de4a5eef7dfdab226cde	1440	1000	1440x1000	B-PX-CHECKOUT-RECEIPT-EN	CHECKOUT-RECEIPT	FL-004	en	FROZEN	R5-CARRY: byte-identical to SLEEK-R5 reviewed baseline; prior approval retained
k-tour-id-app/tests/visual/ondo-b-flow-pixels-desktop.spec.ts-snapshots/B-PX-CHECKOUT-STAMP-KO-FL-004-ko-1440x1000-desktop-chromium-darwin.png	d64561e8dbe3326b1030f6aa644ce370a47f53c7adedf430f2f90fd1821cd164	1440	1000	1440x1000	B-PX-CHECKOUT-STAMP-KO	CHECKOUT-STAMP	FL-004	ko	FROZEN	R5-CARRY: byte-identical to SLEEK-R5 reviewed baseline; prior approval retained
k-tour-id-app/tests/visual/ondo-b-flow-pixels-desktop.spec.ts-snapshots/B-PX-CITY-FALLBACK-KO-FL-001-ko-1440x1000-desktop-chromium-darwin.png	0195e1e819c02fe97c66ab41b570b7339552ec91bdddfdc9f33fbd79830b09df	1440	1000	1440x1000	B-PX-CITY-FALLBACK-KO	CITY-FALLBACK	FL-001	ko	FROZEN	R5-CARRY: byte-identical to SLEEK-R5 reviewed baseline; prior approval retained
k-tour-id-app/tests/visual/ondo-b-flow-pixels-desktop.spec.ts-snapshots/B-PX-CITY-FILTERED-MAP-EN-FL-001-en-1440x1000-desktop-chromium-darwin.png	71e6cd1a8348809a148d4c36c05e55d49f7813d459582d89084e5aa77a7e8121	1440	1000	1440x1000	B-PX-CITY-FILTERED-MAP-EN	CITY-FILTERED-MAP	FL-001	en	FROZEN	R5-FIX: added filtered-map evidence for R5-003; approval_commit=9500515197c2f9a77845ed2b9cb4e3d742a8b8cb
k-tour-id-app/tests/visual/ondo-b-flow-pixels-desktop.spec.ts-snapshots/B-PX-CITY-LIST-EN-FL-001-en-1440x1000-desktop-chromium-darwin.png	8f6d0243cfb71103a95a3d89b09c3a925be145875a16879331e3ad5f3e40dd42	1440	1000	1440x1000	B-PX-CITY-LIST-EN	CITY-LIST	FL-001	en	FROZEN	R5-CARRY: byte-identical to SLEEK-R5 reviewed baseline; prior approval retained
k-tour-id-app/tests/visual/ondo-b-flow-pixels-desktop.spec.ts-snapshots/B-PX-CITY-LIVE-EN-FL-001-FL-014-en-1440x1000-desktop-chromium-darwin.png	436e5acf676da3dd2115e8dcc5a07e3c41adbed28dfb004ac3faa2040139322f	1440	1000	1440x1000	B-PX-CITY-LIVE-EN	CITY-LIVE	FL-001,FL-014	en	FROZEN	R5-CARRY: byte-identical to SLEEK-R5 reviewed baseline; prior approval retained
k-tour-id-app/tests/visual/ondo-b-flow-pixels-desktop.spec.ts-snapshots/B-PX-CITY-LIVE-KO-FL-001-FL-014-ko-1440x1000-desktop-chromium-darwin.png	0fb6db6f105f16854b56d09ed7a403a896e7867dec355c85daaf19e5c6fcb54a	1440	1000	1440x1000	B-PX-CITY-LIVE-KO	CITY-LIVE	FL-001,FL-014	ko	FROZEN	R5-CARRY: byte-identical to SLEEK-R5 reviewed baseline; prior approval retained
k-tour-id-app/tests/visual/ondo-b-flow-pixels-desktop.spec.ts-snapshots/B-PX-FEEDBACK-KO-FL-003-FL-015-ko-1440x1000-desktop-chromium-darwin.png	7f4fed1842f313a7226a99b911f8545cf61f94f9be05a5c076c2f014e91bdf76	1440	1000	1440x1000	B-PX-FEEDBACK-KO	FEEDBACK	FL-003,FL-015	ko	FROZEN	R5-CARRY: byte-identical to SLEEK-R5 reviewed baseline; prior approval retained
k-tour-id-app/tests/visual/ondo-b-flow-pixels-desktop.spec.ts-snapshots/B-PX-GATE-ACCOUNT-FAIL-KO-FL-010-ko-1440x1000-desktop-chromium-darwin.png	768d2579e872eac1868ec3bd747cb8a046d4633b99a54751cf13a158f97b7d0b	1440	1000	1440x1000	B-PX-GATE-ACCOUNT-FAIL-KO	GATE-ACCOUNT-FAIL	FL-010	ko	FROZEN	R5-CARRY: byte-identical to SLEEK-R5 reviewed baseline; prior approval retained
k-tour-id-app/tests/visual/ondo-b-flow-pixels-desktop.spec.ts-snapshots/B-PX-GATE-AGE-FAIL-KO-FL-002-FL-013-ko-1440x1000-desktop-chromium-darwin.png	e7abe11d5e3ac8820d7b38f8b995cd45d6e859448542df206a80b4af66a99c6f	1440	1000	1440x1000	B-PX-GATE-AGE-FAIL-KO	GATE-AGE-FAIL	FL-002,FL-013	ko	FROZEN	R5-CARRY: byte-identical to SLEEK-R5 reviewed baseline; prior approval retained
k-tour-id-app/tests/visual/ondo-b-flow-pixels-desktop.spec.ts-snapshots/B-PX-GATE-PAYMENT-EN-FL-017-en-1440x1000-desktop-chromium-darwin.png	8c69b64272a70fe10019c514fb301b6daa8c0b90be3d763f323084ed67d90ac3	1440	1000	1440x1000	B-PX-GATE-PAYMENT-EN	GATE-PAYMENT	FL-017	en	FROZEN	R5-CARRY: byte-identical to SLEEK-R5 reviewed baseline; prior approval retained
k-tour-id-app/tests/visual/ondo-b-flow-pixels-desktop.spec.ts-snapshots/B-PX-GATE-PAYMENT-FAIL-KO-FL-017-ko-1440x1000-desktop-chromium-darwin.png	7673d0477d74ed096f9c9e7beffdb75ab214d68c1aad2f0f4b76280dbc2e1e3b	1440	1000	1440x1000	B-PX-GATE-PAYMENT-FAIL-KO	GATE-PAYMENT-FAIL	FL-017	ko	FROZEN	R5-CARRY: byte-identical to SLEEK-R5 reviewed baseline; prior approval retained
k-tour-id-app/tests/visual/ondo-b-flow-pixels-desktop.spec.ts-snapshots/B-PX-GATE-PERSON-CX-KO-FL-005-ko-1440x1000-desktop-chromium-darwin.png	86c6e65434a209d60cc9b51a5bf3e7edd587c0af0438404093a7b7d9e2d252d2	1440	1000	1440x1000	B-PX-GATE-PERSON-CX-KO	GATE-PERSON-CX	FL-005	ko	FROZEN	R5-CARRY: byte-identical to SLEEK-R5 reviewed baseline; prior approval retained
k-tour-id-app/tests/visual/ondo-b-flow-pixels-desktop.spec.ts-snapshots/B-PX-GATE-PERSON-PASSPORT-EN-FL-006-FL-012-en-1440x1000-desktop-chromium-darwin.png	76de3ec1a56ce47508061a1b5b07d4713ee3e84a2026f798645d13d9add10bbe	1440	1000	1440x1000	B-PX-GATE-PERSON-PASSPORT-EN	GATE-PERSON-PASSPORT	FL-006,FL-012	en	FROZEN	R5-CARRY: byte-identical to SLEEK-R5 reviewed baseline; prior approval retained
k-tour-id-app/tests/visual/ondo-b-flow-pixels-desktop.spec.ts-snapshots/B-PX-GATE-RESIDENCE-UNSUPPORTED-EN-FL-006-en-1440x1000-desktop-chromium-darwin.png	40100ecf21383cac029a89d5a51a0bacfd21b47c67cf6f3ee8ed03f38812b373	1440	1000	1440x1000	B-PX-GATE-RESIDENCE-UNSUPPORTED-EN	GATE-PERSON-RESIDENCE-UNSUPPORTED	FL-006	en	FROZEN	R5-CARRY: byte-identical to SLEEK-R5 reviewed baseline; prior approval retained
k-tour-id-app/tests/visual/ondo-b-flow-pixels-desktop.spec.ts-snapshots/B-PX-LABS-BRIDGE-FAIL-EN-FL-018-en-1440x1000-desktop-chromium-darwin.png	5a3fcf1b4c2ca3a0b834514122ace056271cae73e7ec11cb0a8b207a129df73a	1440	1000	1440x1000	B-PX-LABS-BRIDGE-FAIL-EN	LABS-BRIDGE-FAIL	FL-018	en	FROZEN	R5-CARRY: byte-identical to SLEEK-R5 reviewed baseline; prior approval retained
k-tour-id-app/tests/visual/ondo-b-flow-pixels-desktop.spec.ts-snapshots/B-PX-LABS-BRIDGE-SUCCESS-EN-FL-018-en-1440x1000-desktop-chromium-darwin.png	b2a6cda9e3317745791a1817d8046f51e32ec9605d5ef2dc47aea283538f4abb	1440	1000	1440x1000	B-PX-LABS-BRIDGE-SUCCESS-EN	LABS-BRIDGE-SUCCESS	FL-018	en	FROZEN	R5-CARRY: byte-identical to SLEEK-R5 reviewed baseline; prior approval retained
k-tour-id-app/tests/visual/ondo-b-flow-pixels-desktop.spec.ts-snapshots/B-PX-LABS-EN-FL-004-FL-016-FL-018-en-1440x1000-desktop-chromium-darwin.png	34e0e192e5ff5e75b5d773d884522789f974e17402a6c98a13368d0e8708728f	1440	1000	1440x1000	B-PX-LABS-EN	LABS	FL-004,FL-016,FL-018	en	FROZEN	R5-CARRY: byte-identical to SLEEK-R5 reviewed baseline; prior approval retained
k-tour-id-app/tests/visual/ondo-b-flow-pixels-desktop.spec.ts-snapshots/B-PX-LABS-TRAIT-FAIL-KO-FL-016-ko-1440x1000-desktop-chromium-darwin.png	2821fd2d73e9a903532073d1d1ee213c780f31271fa7570061ae22b3bd8ddd7b	1440	1000	1440x1000	B-PX-LABS-TRAIT-FAIL-KO	LABS-TRAIT-FAIL	FL-016	ko	FROZEN	R5-CARRY: byte-identical to SLEEK-R5 reviewed baseline; prior approval retained
k-tour-id-app/tests/visual/ondo-b-flow-pixels-desktop.spec.ts-snapshots/B-PX-LOCAL-SIGNAL-EMPTY-EN-FL-012-en-1440x1000-desktop-chromium-darwin.png	ea0b6d0d616863b3affed881784c31cec2a72049952dd2fdfdadf2692431c31d	1440	1000	1440x1000	B-PX-LOCAL-SIGNAL-EMPTY-EN	LOCAL-SIGNAL-EMPTY	FL-012	en	FROZEN	R5-CARRY: byte-identical to SLEEK-R5 reviewed baseline; prior approval retained
k-tour-id-app/tests/visual/ondo-b-flow-pixels-desktop.spec.ts-snapshots/B-PX-LOCAL-SIGNAL-FAIL-KO-FL-012-ko-1440x1000-desktop-chromium-darwin.png	de924213565c7cc2f5aa86293b851748c014a527ad9e68873fdd2f966a79e6d3	1440	1000	1440x1000	B-PX-LOCAL-SIGNAL-FAIL-KO	LOCAL-SIGNAL-FAIL	FL-012	ko	FROZEN	R5-CARRY: byte-identical to SLEEK-R5 reviewed baseline; prior approval retained
k-tour-id-app/tests/visual/ondo-b-flow-pixels-desktop.spec.ts-snapshots/B-PX-LOCAL-SIGNAL-SUCCESS-EN-FL-012-FL-015-en-1440x1000-desktop-chromium-darwin.png	4e2734a8812a6ede3c4700accf071c889ff02291e9e9743cb117eeb79e2c9b55	1440	1000	1440x1000	B-PX-LOCAL-SIGNAL-SUCCESS-EN	LOCAL-SIGNAL-SUCCESS	FL-012,FL-015	en	FROZEN	R5-CARRY: byte-identical to SLEEK-R5 reviewed baseline; prior approval retained
k-tour-id-app/tests/visual/ondo-b-flow-pixels-desktop.spec.ts-snapshots/B-PX-MY-EN-FL-004-FL-011-FL-015-en-1440x1000-desktop-chromium-darwin.png	8b425956eadb16254d485cb9de94ca51c4a21dd9b791c2e9749e1231494c440c	1440	1000	1440x1000	B-PX-MY-EN	MY	FL-004,FL-011,FL-015	en	FROZEN	R5-CARRY: byte-identical to SLEEK-R5 reviewed baseline; prior approval retained
k-tour-id-app/tests/visual/ondo-b-flow-pixels-desktop.spec.ts-snapshots/B-PX-NATION-EN-FL-001-en-1440x1000-desktop-chromium-darwin.png	4ab8633750e53163649849059190fd23c3f95460c923b03bd88dcb61b6e4dbab	1440	1000	1440x1000	B-PX-NATION-EN	NATION	FL-001	en	FROZEN	R5-CARRY: byte-identical to SLEEK-R5 reviewed baseline; prior approval retained
k-tour-id-app/tests/visual/ondo-b-flow-pixels-desktop.spec.ts-snapshots/B-PX-NATION-KO-FL-001-ko-1440x1000-desktop-chromium-darwin.png	ba6d29701112bf36b9e12a9ff108e0b7522a73c177cd5f91b3c1121d14b576a3	1440	1000	1440x1000	B-PX-NATION-KO	NATION	FL-001	ko	FROZEN	R5-CARRY: byte-identical to SLEEK-R5 reviewed baseline; prior approval retained
k-tour-id-app/tests/visual/ondo-b-flow-pixels-desktop.spec.ts-snapshots/B-PX-ONBOARDING-PERSONAS-KO-FL-007-FL-008-FL-009-ko-1440x1000-desktop-chromium-darwin.png	ca6cd1d130524d26f2268c941591669e5e61e1b82d0176ddb43df0eb757de115	1440	1000	1440x1000	B-PX-ONBOARDING-PERSONAS-KO	ONBOARDING-PERSONAS	FL-007,FL-008,FL-009	ko	FROZEN	R5-CARRY: byte-identical to SLEEK-R5 reviewed baseline; prior approval retained
k-tour-id-app/tests/visual/ondo-b-flow-pixels-desktop.spec.ts-snapshots/B-PX-ONBOARDING-PREFERENCES-EN-FL-007-FL-008-FL-009-en-1440x1000-desktop-chromium-darwin.png	888b307eb2503bc1d005a4c8ccfc1978fa44bf3cff7aa61c06e175330815e83b	1440	1000	1440x1000	B-PX-ONBOARDING-PREFERENCES-EN	ONBOARDING-PREFERENCES	FL-007,FL-008,FL-009	en	FROZEN	R5-CARRY: byte-identical to SLEEK-R5 reviewed baseline; prior approval retained
k-tour-id-app/tests/visual/ondo-b-flow-pixels-desktop.spec.ts-snapshots/B-PX-ONBOARDING-VALUE-EN-FL-007-FL-008-FL-009-en-1440x1000-desktop-chromium-darwin.png	c78b1093b52f196fe1aa8f57fc523b7ee0e2d53de80df393e9923944b07d0f5f	1440	1000	1440x1000	B-PX-ONBOARDING-VALUE-EN	ONBOARDING-VALUE	FL-007,FL-008,FL-009	en	FROZEN	R5-CARRY: byte-identical to SLEEK-R5 reviewed baseline; prior approval retained
k-tour-id-app/tests/visual/ondo-b-flow-pixels-desktop.spec.ts-snapshots/B-PX-PLACE-DETAIL-EN-FL-001-FL-010-FL-011-FL-012-FL-016-en-1440x1000-desktop-chromium-darwin.png	7fb29636ed342416f96f68bb520d2798d43806581fb4ab7460748a32ab24f940	1440	1000	1440x1000	B-PX-PLACE-DETAIL-EN	PLACE-DETAIL	FL-001,FL-010,FL-011,FL-012,FL-016	en	FROZEN	R5-FIX: focus-token baseline changed for R5-001; approval_commit=b5f6c0e73758a578ce9f8f7b00157f298e9b2188; prior_sha=a7a28bcb877d8301abc4313a7e1cc1cad85336f00e96b5c50e080bc82f064606
k-tour-id-app/tests/visual/ondo-b-flow-pixels-desktop.spec.ts-snapshots/B-PX-PLACE-PEEK-EN-FL-001-en-1440x1000-desktop-chromium-darwin.png	c8a71c9321c0243be2687bc59c1e69514ae98422117c6fbf14839f7b604f3486	1440	1000	1440x1000	B-PX-PLACE-PEEK-EN	PLACE-PEEK	FL-001	en	FROZEN	R5-CARRY: byte-identical to SLEEK-R5 reviewed baseline; prior approval retained
k-tour-id-app/tests/visual/ondo-b-flow-pixels-desktop.spec.ts-snapshots/B-PX-PROFILE-KO-FL-015-ko-1440x1000-desktop-chromium-darwin.png	4e44da0fc0d2bed0983207a4157dfeced9207e49be909c57d34aae651f2e0d6c	1440	1000	1440x1000	B-PX-PROFILE-KO	PROFILE	FL-015	ko	FROZEN	R5-CARRY: byte-identical to SLEEK-R5 reviewed baseline; prior approval retained
k-tour-id-app/tests/visual/ondo-b-flow-pixels-desktop.spec.ts-snapshots/B-PX-REPORT-EN-FL-003-en-1440x1000-desktop-chromium-darwin.png	89fb203a4bb6b290bb4257faf48bb7fd657d736dba378b3658df15735712a317	1440	1000	1440x1000	B-PX-REPORT-EN	REPORT	FL-003	en	FROZEN	R5-CARRY: byte-identical to SLEEK-R5 reviewed baseline; prior approval retained
k-tour-id-app/tests/visual/ondo-b-flow-pixels-desktop.spec.ts-snapshots/B-PX-SAVE-FAILURE-EN-FL-011-en-1440x1000-desktop-chromium-darwin.png	7e1abe7e346bc29cb6ad55afd70a198cdc75291eb13ba375f2df8989ef8028a1	1440	1000	1440x1000	B-PX-SAVE-FAILURE-EN	SAVE-FAILURE	FL-011	en	FROZEN	R5-CARRY: byte-identical to SLEEK-R5 reviewed baseline; prior approval retained
k-tour-id-app/tests/visual/ondo-b-flow-pixels-desktop.spec.ts-snapshots/B-PX-SAVE-RECOVERED-KO-FL-011-ko-1440x1000-desktop-chromium-darwin.png	e95a90f474ae7e3ac9995e8a6268b8949cb702f466e234aef9916c3ce42c95dd	1440	1000	1440x1000	B-PX-SAVE-RECOVERED-KO	SAVE-RECOVERED	FL-011	ko	FROZEN	R5-CARRY: byte-identical to SLEEK-R5 reviewed baseline; prior approval retained
k-tour-id-app/tests/visual/ondo-b-flow-pixels-desktop.spec.ts-snapshots/B-PX-TABLE-DETAIL-KO-FL-003-ko-1440x1000-desktop-chromium-darwin.png	50040877608975ad32010ee6735de889bf4f829c1558fb9703c565b22d7f3e3c	1440	1000	1440x1000	B-PX-TABLE-DETAIL-KO	TABLE-DETAIL	FL-003	ko	FROZEN	R5-CARRY: byte-identical to SLEEK-R5 reviewed baseline; prior approval retained
k-tour-id-app/tests/visual/ondo-b-flow-pixels-desktop.spec.ts-snapshots/B-PX-TABLE-JOIN-FAIL-EN-FL-003-en-1440x1000-desktop-chromium-darwin.png	7c7c22d0438ba5ea8b4a58c7b80d3b6fd202246adae59b71f787414e611c3d98	1440	1000	1440x1000	B-PX-TABLE-JOIN-FAIL-EN	TABLE-JOIN-FAIL	FL-003	en	FROZEN	R5-CARRY: byte-identical to SLEEK-R5 reviewed baseline; prior approval retained
k-tour-id-app/tests/visual/ondo-b-flow-pixels-desktop.spec.ts-snapshots/B-PX-TABLES-LIST-EN-FL-003-en-1440x1000-desktop-chromium-darwin.png	dceb002ab7fdd6427e6b809030de743f92524d05da82e817acbffa52c679a40a	1440	1000	1440x1000	B-PX-TABLES-LIST-EN	TABLES-LIST	FL-003	en	FROZEN	R5-CARRY: byte-identical to SLEEK-R5 reviewed baseline; prior approval retained
k-tour-id-app/tests/visual/ondo-b-flow-pixels-desktop.spec.ts-snapshots/B-PX-TABLES-VENUE-EMPTY-EN-FL-003-en-1440x1000-desktop-chromium-darwin.png	c7fbc1f5c15fecec93d8c473de0f035e0b8a46f671d9f366dd2097949ddcdffd	1440	1000	1440x1000	B-PX-TABLES-VENUE-EMPTY-EN	TABLES-VENUE-EMPTY	FL-003	en	FROZEN	R5-CARRY: byte-identical to SLEEK-R5 reviewed baseline; prior approval retained
k-tour-id-app/tests/visual/ondo-b-flow-pixels-desktop.spec.ts-snapshots/B-PX-TRUST-FOUR-AXES-EN-FL-003-FL-012-FL-015-en-1440x1000-desktop-chromium-darwin.png	050556db2fa6bf4e084a8b2048ab773bce8ca62a6c1a9ea5119516d474210fa9	1440	1000	1440x1000	B-PX-TRUST-FOUR-AXES-EN	TRUST-FOUR-AXES	FL-003,FL-012,FL-015	en	FROZEN	R5-CARRY: byte-identical to SLEEK-R5 reviewed baseline; prior approval retained
k-tour-id-app/tests/visual/ondo-b-flow-pixels-mobile.spec.ts-snapshots/B-PX-AFTER19-PROMPT-EN-FL-013-en-390x844-mobile-chromium-darwin.png	26afd579465a4b4159ab8e79dcac2dee54612833fd207eafda55a02492df32e8	390	844	390x844	B-PX-AFTER19-PROMPT-EN	AFTER19-PROMPT	FL-013	en	FROZEN	R5-CARRY: byte-identical to SLEEK-R5 reviewed baseline; prior approval retained
k-tour-id-app/tests/visual/ondo-b-flow-pixels-mobile.spec.ts-snapshots/B-PX-AFTER19-VENUE-LOCKED-EN-FL-002-en-390x844-mobile-chromium-darwin.png	534b695d3db2059240c377a83ac59c615282f643b97aae7658669e001b0debf2	390	844	390x844	B-PX-AFTER19-VENUE-LOCKED-EN	AFTER19-VENUE-LOCKED	FL-002	en	FROZEN	R5-FIX: locked-venue focus-token baseline changed for R5-001; approval_commit=ee19adb2a5fce5bea7e0aeb6a8caac80ca65bd2f; prior_sha=3e9a120e03c1194a9ff71a778d27e49b84a46c411c6ec5b407ce62a414c0c147
k-tour-id-app/tests/visual/ondo-b-flow-pixels-mobile.spec.ts-snapshots/B-PX-AFTER19-VENUE-RETURN-EN-FL-002-FL-013-FL-014-en-390x844-mobile-chromium-darwin.png	79f108b89210f9190004402fe4f91e3f0af99641daacc38d4434c8bd987b73b9	390	844	390x844	B-PX-AFTER19-VENUE-RETURN-EN	AFTER19-VENUE-RETURN	FL-002,FL-013,FL-014	en	FROZEN	R5-CARRY: byte-identical to SLEEK-R5 reviewed baseline; prior approval retained
k-tour-id-app/tests/visual/ondo-b-flow-pixels-mobile.spec.ts-snapshots/B-PX-CHAT-EN-FL-003-en-390x844-mobile-chromium-darwin.png	bd057b73f432664ffc3e9fee08830731ffdd053e34e0382a0785e85463b1de3e	390	844	390x844	B-PX-CHAT-EN	CHAT	FL-003	en	FROZEN	R5-CARRY: byte-identical to SLEEK-R5 reviewed baseline; prior approval retained
k-tour-id-app/tests/visual/ondo-b-flow-pixels-mobile.spec.ts-snapshots/B-PX-CHAT-IMAGE-FAIL-EN-FL-003-en-390x844-mobile-chromium-darwin.png	dadc6fe0d3f1034516c52f28704e82789864f6b6885e390d1443874da7740276	390	844	390x844	B-PX-CHAT-IMAGE-FAIL-EN	CHAT-IMAGE-FAIL	FL-003	en	FROZEN	R5-CARRY: byte-identical to SLEEK-R5 reviewed baseline; prior approval retained
k-tour-id-app/tests/visual/ondo-b-flow-pixels-mobile.spec.ts-snapshots/B-PX-CHECKOUT-CANCEL-KO-FL-004-ko-390x844-mobile-chromium-darwin.png	166c3e8aa049a89467fce654fcc886b5c7ebb54d31c21cb86838b02850f6984a	390	844	390x844	B-PX-CHECKOUT-CANCEL-KO	CHECKOUT-CANCEL	FL-004	ko	FROZEN	R5-CARRY: byte-identical to SLEEK-R5 reviewed baseline; prior approval retained
k-tour-id-app/tests/visual/ondo-b-flow-pixels-mobile.spec.ts-snapshots/B-PX-CHECKOUT-FAIL-EN-FL-004-en-390x844-mobile-chromium-darwin.png	584447b78b7c400fd775ad7120b18f241affcd59ad44036b46382abe5c68228d	390	844	390x844	B-PX-CHECKOUT-FAIL-EN	CHECKOUT-FAIL	FL-004	en	FROZEN	R5-CARRY: byte-identical to SLEEK-R5 reviewed baseline; prior approval retained
k-tour-id-app/tests/visual/ondo-b-flow-pixels-mobile.spec.ts-snapshots/B-PX-CHECKOUT-IDLE-EN-FL-004-FL-017-en-390x844-mobile-chromium-darwin.png	636ec3af9b3d658f7ce96b00017ad4a6f1129d5a42878a82ba0b844ca934b878	390	844	390x844	B-PX-CHECKOUT-IDLE-EN	CHECKOUT-IDLE	FL-004,FL-017	en	FROZEN	R5-CARRY: byte-identical to SLEEK-R5 reviewed baseline; prior approval retained
k-tour-id-app/tests/visual/ondo-b-flow-pixels-mobile.spec.ts-snapshots/B-PX-CHECKOUT-RECEIPT-EN-FL-004-en-390x844-mobile-chromium-darwin.png	9aa8bcdc2240b2c5e3eabe890b79fc06d4e24d601991e7b1c406826c7abc1eae	390	844	390x844	B-PX-CHECKOUT-RECEIPT-EN	CHECKOUT-RECEIPT	FL-004	en	FROZEN	R5-CARRY: byte-identical to SLEEK-R5 reviewed baseline; prior approval retained
k-tour-id-app/tests/visual/ondo-b-flow-pixels-mobile.spec.ts-snapshots/B-PX-CHECKOUT-STAMP-KO-FL-004-ko-390x844-mobile-chromium-darwin.png	07c192af69ee7e47a25ece81158ac5ca3c00897200a346f87cf54bab9d3a5152	390	844	390x844	B-PX-CHECKOUT-STAMP-KO	CHECKOUT-STAMP	FL-004	ko	FROZEN	R5-CARRY: byte-identical to SLEEK-R5 reviewed baseline; prior approval retained
k-tour-id-app/tests/visual/ondo-b-flow-pixels-mobile.spec.ts-snapshots/B-PX-CITY-FALLBACK-KO-FL-001-ko-390x844-mobile-chromium-darwin.png	d9bf97a99be7323b86dae4d995017f5dbc305d8f819f4a38c5e60a6ef012e610	390	844	390x844	B-PX-CITY-FALLBACK-KO	CITY-FALLBACK	FL-001	ko	FROZEN	R5-CARRY: byte-identical to SLEEK-R5 reviewed baseline; prior approval retained
k-tour-id-app/tests/visual/ondo-b-flow-pixels-mobile.spec.ts-snapshots/B-PX-CITY-FILTERED-MAP-EN-FL-001-en-390x844-mobile-chromium-darwin.png	fc6716fffa2fa38882fcf739587e2c814c95a04ed58c0f1dd4637f18a985f00d	390	844	390x844	B-PX-CITY-FILTERED-MAP-EN	CITY-FILTERED-MAP	FL-001	en	FROZEN	R5-FIX: added filtered-map evidence for R5-003; approval_commit=9500515197c2f9a77845ed2b9cb4e3d742a8b8cb
k-tour-id-app/tests/visual/ondo-b-flow-pixels-mobile.spec.ts-snapshots/B-PX-CITY-LIST-EN-FL-001-en-390x844-mobile-chromium-darwin.png	562a9781ea1d956dfb8acbadb728ee00eaa34917d3a74b01bc4af64b00955763	390	844	390x844	B-PX-CITY-LIST-EN	CITY-LIST	FL-001	en	FROZEN	R5-CARRY: byte-identical to SLEEK-R5 reviewed baseline; prior approval retained
k-tour-id-app/tests/visual/ondo-b-flow-pixels-mobile.spec.ts-snapshots/B-PX-CITY-LIVE-EN-FL-001-FL-014-en-390x844-mobile-chromium-darwin.png	34d73262d89c0c0b01b013d5c39d6e60523a5e30583da48e28180961e52c508b	390	844	390x844	B-PX-CITY-LIVE-EN	CITY-LIVE	FL-001,FL-014	en	FROZEN	R5-CARRY: byte-identical to SLEEK-R5 reviewed baseline; prior approval retained
k-tour-id-app/tests/visual/ondo-b-flow-pixels-mobile.spec.ts-snapshots/B-PX-CITY-LIVE-KO-FL-001-FL-014-ko-390x844-mobile-chromium-darwin.png	7bb9b70f91fc721c7f28f6b51ee4d85ad8eb7a38a4775a8baae490ee1e1394f4	390	844	390x844	B-PX-CITY-LIVE-KO	CITY-LIVE	FL-001,FL-014	ko	FROZEN	R5-CARRY: byte-identical to SLEEK-R5 reviewed baseline; prior approval retained
k-tour-id-app/tests/visual/ondo-b-flow-pixels-mobile.spec.ts-snapshots/B-PX-FEEDBACK-KO-FL-003-FL-015-ko-390x844-mobile-chromium-darwin.png	fb8cf614b0629f9f75502efc2777b10eff27964f1bba027a87edaa2cb842ce71	390	844	390x844	B-PX-FEEDBACK-KO	FEEDBACK	FL-003,FL-015	ko	FROZEN	R5-CARRY: byte-identical to SLEEK-R5 reviewed baseline; prior approval retained
k-tour-id-app/tests/visual/ondo-b-flow-pixels-mobile.spec.ts-snapshots/B-PX-GATE-ACCOUNT-FAIL-KO-FL-010-ko-390x844-mobile-chromium-darwin.png	9c6e3d86e7e8254545cbf718d32a308ca088d484b9619b3d8931d45649c04b4a	390	844	390x844	B-PX-GATE-ACCOUNT-FAIL-KO	GATE-ACCOUNT-FAIL	FL-010	ko	FROZEN	R5-CARRY: byte-identical to SLEEK-R5 reviewed baseline; prior approval retained
k-tour-id-app/tests/visual/ondo-b-flow-pixels-mobile.spec.ts-snapshots/B-PX-GATE-AGE-FAIL-KO-FL-002-FL-013-ko-390x844-mobile-chromium-darwin.png	3d917dc8621cd4d9fbe5a9a46e6ce43e504773b7523962de7da3b38824337833	390	844	390x844	B-PX-GATE-AGE-FAIL-KO	GATE-AGE-FAIL	FL-002,FL-013	ko	FROZEN	R5-CARRY: byte-identical to SLEEK-R5 reviewed baseline; prior approval retained
k-tour-id-app/tests/visual/ondo-b-flow-pixels-mobile.spec.ts-snapshots/B-PX-GATE-PAYMENT-EN-FL-017-en-390x844-mobile-chromium-darwin.png	68d2778dfc994929b73615348b68ef3f7c645e426452cd54573a4d0a5ac136d8	390	844	390x844	B-PX-GATE-PAYMENT-EN	GATE-PAYMENT	FL-017	en	FROZEN	R5-CARRY: byte-identical to SLEEK-R5 reviewed baseline; prior approval retained
k-tour-id-app/tests/visual/ondo-b-flow-pixels-mobile.spec.ts-snapshots/B-PX-GATE-PAYMENT-FAIL-KO-FL-017-ko-390x844-mobile-chromium-darwin.png	fca7e706345e5ec4c5408f283c43b6228d3aa8e9546bba9b307076b5382c37db	390	844	390x844	B-PX-GATE-PAYMENT-FAIL-KO	GATE-PAYMENT-FAIL	FL-017	ko	FROZEN	R5-CARRY: byte-identical to SLEEK-R5 reviewed baseline; prior approval retained
k-tour-id-app/tests/visual/ondo-b-flow-pixels-mobile.spec.ts-snapshots/B-PX-GATE-PERSON-CX-KO-FL-005-ko-390x844-mobile-chromium-darwin.png	fa22df671680617ef307b8b252c05ca02e7a4ab0bac77a9b0492d10b7ef6eead	390	844	390x844	B-PX-GATE-PERSON-CX-KO	GATE-PERSON-CX	FL-005	ko	FROZEN	R5-CARRY: byte-identical to SLEEK-R5 reviewed baseline; prior approval retained
k-tour-id-app/tests/visual/ondo-b-flow-pixels-mobile.spec.ts-snapshots/B-PX-GATE-PERSON-PASSPORT-EN-FL-006-FL-012-en-390x844-mobile-chromium-darwin.png	4047a59ced2b8987a7f80f898d973916f88c77e0ff6cd470ab8d105a5a4461b3	390	844	390x844	B-PX-GATE-PERSON-PASSPORT-EN	GATE-PERSON-PASSPORT	FL-006,FL-012	en	FROZEN	R5-CARRY: byte-identical to SLEEK-R5 reviewed baseline; prior approval retained
k-tour-id-app/tests/visual/ondo-b-flow-pixels-mobile.spec.ts-snapshots/B-PX-GATE-RESIDENCE-UNSUPPORTED-EN-FL-006-en-390x844-mobile-chromium-darwin.png	c0a6c179c259a8e212ebf03d7dfa55ad89d2b47b716ea6cf43018ebfbb6e78f2	390	844	390x844	B-PX-GATE-RESIDENCE-UNSUPPORTED-EN	GATE-PERSON-RESIDENCE-UNSUPPORTED	FL-006	en	FROZEN	R5-CARRY: byte-identical to SLEEK-R5 reviewed baseline; prior approval retained
k-tour-id-app/tests/visual/ondo-b-flow-pixels-mobile.spec.ts-snapshots/B-PX-LABS-BRIDGE-FAIL-EN-FL-018-en-390x844-mobile-chromium-darwin.png	e6d4a2f790023242dec84825985217597e2d562de317f521c59326a94a554815	390	844	390x844	B-PX-LABS-BRIDGE-FAIL-EN	LABS-BRIDGE-FAIL	FL-018	en	FROZEN	R5-CARRY: byte-identical to SLEEK-R5 reviewed baseline; prior approval retained
k-tour-id-app/tests/visual/ondo-b-flow-pixels-mobile.spec.ts-snapshots/B-PX-LABS-BRIDGE-SUCCESS-EN-FL-018-en-390x844-mobile-chromium-darwin.png	c5c0c593a8fe3cd9a4cdae37f3d353e0194cb2956706d8bba875e9191d84ff5a	390	844	390x844	B-PX-LABS-BRIDGE-SUCCESS-EN	LABS-BRIDGE-SUCCESS	FL-018	en	FROZEN	R5-CARRY: byte-identical to SLEEK-R5 reviewed baseline; prior approval retained
k-tour-id-app/tests/visual/ondo-b-flow-pixels-mobile.spec.ts-snapshots/B-PX-LABS-EN-FL-004-FL-016-FL-018-en-390x844-mobile-chromium-darwin.png	1782c746234b36aafe30dc9b22d390f199076c1d93866884b95636640ea0eea3	390	844	390x844	B-PX-LABS-EN	LABS	FL-004,FL-016,FL-018	en	FROZEN	R5-CARRY: byte-identical to SLEEK-R5 reviewed baseline; prior approval retained
k-tour-id-app/tests/visual/ondo-b-flow-pixels-mobile.spec.ts-snapshots/B-PX-LABS-TRAIT-FAIL-KO-FL-016-ko-390x844-mobile-chromium-darwin.png	0c0172fab893685050c9dbf9e7ef7aaeb4609f57e4f0e74778ae4444da669bae	390	844	390x844	B-PX-LABS-TRAIT-FAIL-KO	LABS-TRAIT-FAIL	FL-016	ko	FROZEN	R5-CARRY: byte-identical to SLEEK-R5 reviewed baseline; prior approval retained
k-tour-id-app/tests/visual/ondo-b-flow-pixels-mobile.spec.ts-snapshots/B-PX-LOCAL-SIGNAL-EMPTY-EN-FL-012-en-390x844-mobile-chromium-darwin.png	d30280da3a81e2b50142c2e576b09cab2965abb62cc770f34a8e48d77ef2606e	390	844	390x844	B-PX-LOCAL-SIGNAL-EMPTY-EN	LOCAL-SIGNAL-EMPTY	FL-012	en	FROZEN	R5-CARRY: byte-identical to SLEEK-R5 reviewed baseline; prior approval retained
k-tour-id-app/tests/visual/ondo-b-flow-pixels-mobile.spec.ts-snapshots/B-PX-LOCAL-SIGNAL-FAIL-KO-FL-012-ko-390x844-mobile-chromium-darwin.png	e2e2dc3a0dd1abbe98f262985b7eb65de51712439841d21e15634c983f9d5a01	390	844	390x844	B-PX-LOCAL-SIGNAL-FAIL-KO	LOCAL-SIGNAL-FAIL	FL-012	ko	FROZEN	R5-CARRY: byte-identical to SLEEK-R5 reviewed baseline; prior approval retained
k-tour-id-app/tests/visual/ondo-b-flow-pixels-mobile.spec.ts-snapshots/B-PX-LOCAL-SIGNAL-SUCCESS-EN-FL-012-FL-015-en-390x844-mobile-chromium-darwin.png	a9983596c0398e99d5ac6ced98b2b2e591faf86c6c97053d8cdd71c7d0161dde	390	844	390x844	B-PX-LOCAL-SIGNAL-SUCCESS-EN	LOCAL-SIGNAL-SUCCESS	FL-012,FL-015	en	FROZEN	R5-CARRY: byte-identical to SLEEK-R5 reviewed baseline; prior approval retained
k-tour-id-app/tests/visual/ondo-b-flow-pixels-mobile.spec.ts-snapshots/B-PX-MY-EN-FL-004-FL-011-FL-015-en-390x844-mobile-chromium-darwin.png	6eb510d46d1ce7f2a4d413328f7d3197809d67c94e2ae00f01d38eb82e5bc80f	390	844	390x844	B-PX-MY-EN	MY	FL-004,FL-011,FL-015	en	FROZEN	R5-CARRY: byte-identical to SLEEK-R5 reviewed baseline; prior approval retained
k-tour-id-app/tests/visual/ondo-b-flow-pixels-mobile.spec.ts-snapshots/B-PX-NATION-EN-FL-001-en-390x844-mobile-chromium-darwin.png	3d333448b30cb400935162c3f290808b07a29b78e7a9a6d3449a03751e4028d2	390	844	390x844	B-PX-NATION-EN	NATION	FL-001	en	FROZEN	R5-CARRY: byte-identical to SLEEK-R5 reviewed baseline; prior approval retained
k-tour-id-app/tests/visual/ondo-b-flow-pixels-mobile.spec.ts-snapshots/B-PX-NATION-KO-FL-001-ko-390x844-mobile-chromium-darwin.png	c63972fdd9745b09ab8d9b07e6fa375b036d1110d7d05806026f499990b977c5	390	844	390x844	B-PX-NATION-KO	NATION	FL-001	ko	FROZEN	R5-CARRY: byte-identical to SLEEK-R5 reviewed baseline; prior approval retained
k-tour-id-app/tests/visual/ondo-b-flow-pixels-mobile.spec.ts-snapshots/B-PX-ONBOARDING-PERSONAS-KO-FL-007-FL-008-FL-009-ko-390x844-mobile-chromium-darwin.png	7ea5a55be660086e3929ecf219039e03b8b3b9aceeaa55cdf585baf8b7780c25	390	844	390x844	B-PX-ONBOARDING-PERSONAS-KO	ONBOARDING-PERSONAS	FL-007,FL-008,FL-009	ko	FROZEN	R5-CARRY: byte-identical to SLEEK-R5 reviewed baseline; prior approval retained
k-tour-id-app/tests/visual/ondo-b-flow-pixels-mobile.spec.ts-snapshots/B-PX-ONBOARDING-PREFERENCES-EN-FL-007-FL-008-FL-009-en-390x844-mobile-chromium-darwin.png	f13d6dcdf074c73ee18139039df42b9ada41c30ac500c02a8edad80f3f51308a	390	844	390x844	B-PX-ONBOARDING-PREFERENCES-EN	ONBOARDING-PREFERENCES	FL-007,FL-008,FL-009	en	FROZEN	R5-CARRY: byte-identical to SLEEK-R5 reviewed baseline; prior approval retained
k-tour-id-app/tests/visual/ondo-b-flow-pixels-mobile.spec.ts-snapshots/B-PX-ONBOARDING-VALUE-EN-FL-007-FL-008-FL-009-en-390x844-mobile-chromium-darwin.png	3fef9f67a3e9845d512072c4df023593fab793ae091922db8341cdb444aed710	390	844	390x844	B-PX-ONBOARDING-VALUE-EN	ONBOARDING-VALUE	FL-007,FL-008,FL-009	en	FROZEN	R5-CARRY: byte-identical to SLEEK-R5 reviewed baseline; prior approval retained
k-tour-id-app/tests/visual/ondo-b-flow-pixels-mobile.spec.ts-snapshots/B-PX-PLACE-DETAIL-EN-FL-001-FL-010-FL-011-FL-012-FL-016-en-390x844-mobile-chromium-darwin.png	305a4a7807779ea8b5cfdc3a52ffc3532ec4fbe7018e979c67aa1bea53f8a88e	390	844	390x844	B-PX-PLACE-DETAIL-EN	PLACE-DETAIL	FL-001,FL-010,FL-011,FL-012,FL-016	en	FROZEN	R5-FIX: focus-token baseline changed for R5-001; approval_commit=b5f6c0e73758a578ce9f8f7b00157f298e9b2188; prior_sha=3c381225986082f332d05ef49128fcffbb1e8c9a6c314a4eb531f7d5d83140ca
k-tour-id-app/tests/visual/ondo-b-flow-pixels-mobile.spec.ts-snapshots/B-PX-PLACE-PEEK-EN-FL-001-en-390x844-mobile-chromium-darwin.png	0597978a83485150968c16549e8cfc36aa5fdb1b0794c32a8770d4a0ce589f0d	390	844	390x844	B-PX-PLACE-PEEK-EN	PLACE-PEEK	FL-001	en	FROZEN	R5-CARRY: byte-identical to SLEEK-R5 reviewed baseline; prior approval retained
k-tour-id-app/tests/visual/ondo-b-flow-pixels-mobile.spec.ts-snapshots/B-PX-PROFILE-KO-FL-015-ko-390x844-mobile-chromium-darwin.png	91ba67d64d567a9b7355a38e7af566eac945ad922ac007769c9dcc6a21ab9b03	390	844	390x844	B-PX-PROFILE-KO	PROFILE	FL-015	ko	FROZEN	R5-CARRY: byte-identical to SLEEK-R5 reviewed baseline; prior approval retained
k-tour-id-app/tests/visual/ondo-b-flow-pixels-mobile.spec.ts-snapshots/B-PX-REPORT-EN-FL-003-en-390x844-mobile-chromium-darwin.png	43874ecb68b4d8f3a33b3d6d026c253aeff84f8f1c64cd76b438703479643301	390	844	390x844	B-PX-REPORT-EN	REPORT	FL-003	en	FROZEN	R5-CARRY: byte-identical to SLEEK-R5 reviewed baseline; prior approval retained
k-tour-id-app/tests/visual/ondo-b-flow-pixels-mobile.spec.ts-snapshots/B-PX-SAVE-FAILURE-EN-FL-011-en-390x844-mobile-chromium-darwin.png	0c2744cb592a29f98f1ef7a7b4f7bdd0e9545fbad9b4dd8140a7bf39cef53254	390	844	390x844	B-PX-SAVE-FAILURE-EN	SAVE-FAILURE	FL-011	en	FROZEN	R5-CARRY: byte-identical to SLEEK-R5 reviewed baseline; prior approval retained
k-tour-id-app/tests/visual/ondo-b-flow-pixels-mobile.spec.ts-snapshots/B-PX-SAVE-RECOVERED-KO-FL-011-ko-390x844-mobile-chromium-darwin.png	ad6487c17402295121bae5e428f30e78e38656a1eb42eec36b43ca1817416a36	390	844	390x844	B-PX-SAVE-RECOVERED-KO	SAVE-RECOVERED	FL-011	ko	FROZEN	R5-CARRY: byte-identical to SLEEK-R5 reviewed baseline; prior approval retained
k-tour-id-app/tests/visual/ondo-b-flow-pixels-mobile.spec.ts-snapshots/B-PX-TABLE-DETAIL-KO-FL-003-ko-390x844-mobile-chromium-darwin.png	0b4c7630c2f2d0e60a182096d1a52e6a2dea72d1b6d86e26fd8a03d2d1b06eeb	390	844	390x844	B-PX-TABLE-DETAIL-KO	TABLE-DETAIL	FL-003	ko	FROZEN	R5-CARRY: byte-identical to SLEEK-R5 reviewed baseline; prior approval retained
k-tour-id-app/tests/visual/ondo-b-flow-pixels-mobile.spec.ts-snapshots/B-PX-TABLE-JOIN-FAIL-EN-FL-003-en-390x844-mobile-chromium-darwin.png	4f303640534664e7d22324b048ef28197fd1557660892ddb240142b853525d71	390	844	390x844	B-PX-TABLE-JOIN-FAIL-EN	TABLE-JOIN-FAIL	FL-003	en	FROZEN	R5-CARRY: byte-identical to SLEEK-R5 reviewed baseline; prior approval retained
k-tour-id-app/tests/visual/ondo-b-flow-pixels-mobile.spec.ts-snapshots/B-PX-TABLES-LIST-EN-FL-003-en-390x844-mobile-chromium-darwin.png	1698837fc1477f0b693cceab03464f1d1ac69b322c2203b19f5118e32706858d	390	844	390x844	B-PX-TABLES-LIST-EN	TABLES-LIST	FL-003	en	FROZEN	R5-CARRY: byte-identical to SLEEK-R5 reviewed baseline; prior approval retained
k-tour-id-app/tests/visual/ondo-b-flow-pixels-mobile.spec.ts-snapshots/B-PX-TABLES-VENUE-EMPTY-EN-FL-003-en-390x844-mobile-chromium-darwin.png	6e80a589f9ed38d644f4d5c83d674f4c01cabe81ad8bf5ed2211ded4983670d0	390	844	390x844	B-PX-TABLES-VENUE-EMPTY-EN	TABLES-VENUE-EMPTY	FL-003	en	FROZEN	R5-CARRY: byte-identical to SLEEK-R5 reviewed baseline; prior approval retained
k-tour-id-app/tests/visual/ondo-b-flow-pixels-mobile.spec.ts-snapshots/B-PX-TRUST-FOUR-AXES-EN-FL-003-FL-012-FL-015-en-390x844-mobile-chromium-darwin.png	225370ea7eca063816c3d7e9578ddc721e48bf04c2c1c0055148c3a4f7cee6ad	390	844	390x844	B-PX-TRUST-FOUR-AXES-EN	TRUST-FOUR-AXES	FL-003,FL-012,FL-015	en	FROZEN	R5-CARRY: byte-identical to SLEEK-R5 reviewed baseline; prior approval retained
k-tour-id-app/tests/visual/ondo-b-flow-pixels-responsive.spec.ts-snapshots/B-PX-AFTER19-PROMPT-EN-FL-013-en-360x800-desktop-chromium-darwin.png	bf75fa28e5fc2b1172269bceade17fed49d23a02f8ec1ab0e4a8a334bdfc7a52	360	800	360x800	B-PX-AFTER19-PROMPT-EN	AFTER19-PROMPT	FL-013	en	FROZEN	R5-CARRY: byte-identical to SLEEK-R5 reviewed baseline; prior approval retained
k-tour-id-app/tests/visual/ondo-b-flow-pixels-responsive.spec.ts-snapshots/B-PX-AFTER19-PROMPT-EN-FL-013-en-430x932-desktop-chromium-darwin.png	b6b971453a7436886a0813ab9c7a4361c376b0ff385d2ee37f831726a2525563	430	932	430x932	B-PX-AFTER19-PROMPT-EN	AFTER19-PROMPT	FL-013	en	FROZEN	R5-CARRY: byte-identical to SLEEK-R5 reviewed baseline; prior approval retained
k-tour-id-app/tests/visual/ondo-b-flow-pixels-responsive.spec.ts-snapshots/B-PX-AFTER19-PROMPT-EN-FL-013-en-768x1024-desktop-chromium-darwin.png	d30733d41689c24007ea89c2d42fb71f866c92e9674ca46c0a21838314a7203d	768	1024	768x1024	B-PX-AFTER19-PROMPT-EN	AFTER19-PROMPT	FL-013	en	FROZEN	R5-CARRY: byte-identical to SLEEK-R5 reviewed baseline; prior approval retained
k-tour-id-app/tests/visual/ondo-b-flow-pixels-responsive.spec.ts-snapshots/B-PX-AFTER19-PROMPT-EN-FL-013-en-801x1000-desktop-chromium-darwin.png	69e430cbe73d897078a34f96c531dad98a9adf7dc45b4bb6705cef56cb28bd26	801	1000	801x1000	B-PX-AFTER19-PROMPT-EN	AFTER19-PROMPT	FL-013	en	FROZEN	R5-CARRY: byte-identical to SLEEK-R5 reviewed baseline; prior approval retained
k-tour-id-app/tests/visual/ondo-b-flow-pixels-responsive.spec.ts-snapshots/B-PX-AFTER19-VENUE-LOCKED-EN-FL-002-en-360x800-desktop-chromium-darwin.png	97a5bab43787df3719109bfe2d6045ca4551ac9fd8c616607f15c29c8fe787c6	360	800	360x800	B-PX-AFTER19-VENUE-LOCKED-EN	AFTER19-VENUE-LOCKED	FL-002	en	FROZEN	R5-FIX: locked-venue focus-token baseline changed for R5-001; approval_commit=ee19adb2a5fce5bea7e0aeb6a8caac80ca65bd2f; prior_sha=365c1bdb3f8b517752a2780663c7653a30b0fb3162aec8db18f12c975f8455d9
k-tour-id-app/tests/visual/ondo-b-flow-pixels-responsive.spec.ts-snapshots/B-PX-AFTER19-VENUE-LOCKED-EN-FL-002-en-430x932-desktop-chromium-darwin.png	779ae74f023c6ccbcf11fcafa1785c714c75292a5f19fddcbfa7eb0d69ed6ad6	430	932	430x932	B-PX-AFTER19-VENUE-LOCKED-EN	AFTER19-VENUE-LOCKED	FL-002	en	FROZEN	R5-FIX: locked-venue focus-token baseline changed for R5-001; approval_commit=ee19adb2a5fce5bea7e0aeb6a8caac80ca65bd2f; prior_sha=4a5ea2b59139021e115ee600269deedc3c114248cbe90ff8336f229a012ea550
k-tour-id-app/tests/visual/ondo-b-flow-pixels-responsive.spec.ts-snapshots/B-PX-AFTER19-VENUE-LOCKED-EN-FL-002-en-768x1024-desktop-chromium-darwin.png	a26137890e9108c92b0352c237b52730b5aae5b1169133b1fcb33a3a4e70ebab	768	1024	768x1024	B-PX-AFTER19-VENUE-LOCKED-EN	AFTER19-VENUE-LOCKED	FL-002	en	FROZEN	R5-FIX: locked-venue focus-token baseline changed for R5-001; approval_commit=ee19adb2a5fce5bea7e0aeb6a8caac80ca65bd2f; prior_sha=2d0dd1f578c5098e6492e17b46898a5d84c612a8a4466e417b3c8df1491c14e2
k-tour-id-app/tests/visual/ondo-b-flow-pixels-responsive.spec.ts-snapshots/B-PX-AFTER19-VENUE-LOCKED-EN-FL-002-en-801x1000-desktop-chromium-darwin.png	e82a65f672ffeec76b542fdee8e13e95e15ab43fcea09bac98314de1d8841c25	801	1000	801x1000	B-PX-AFTER19-VENUE-LOCKED-EN	AFTER19-VENUE-LOCKED	FL-002	en	FROZEN	R5-FIX: locked-venue focus-token baseline changed for R5-001; approval_commit=ee19adb2a5fce5bea7e0aeb6a8caac80ca65bd2f; prior_sha=f5dd86820428476d13dcc35418342e6b268bb296499cff5db3b4668bfe450919
k-tour-id-app/tests/visual/ondo-b-flow-pixels-responsive.spec.ts-snapshots/B-PX-AFTER19-VENUE-RETURN-EN-FL-002-FL-013-FL-014-en-360x800-desktop-chromium-darwin.png	2ddca33dfb36065baa541f12000b7759296df866d1ed92b4e1ed17c8acf3e5d7	360	800	360x800	B-PX-AFTER19-VENUE-RETURN-EN	AFTER19-VENUE-RETURN	FL-002,FL-013,FL-014	en	FROZEN	R5-CARRY: byte-identical to SLEEK-R5 reviewed baseline; prior approval retained
k-tour-id-app/tests/visual/ondo-b-flow-pixels-responsive.spec.ts-snapshots/B-PX-AFTER19-VENUE-RETURN-EN-FL-002-FL-013-FL-014-en-430x932-desktop-chromium-darwin.png	8505f6ac204cd5757417b3acba255cdd7b496fb04dcbd2f6db29b3bed001a1e6	430	932	430x932	B-PX-AFTER19-VENUE-RETURN-EN	AFTER19-VENUE-RETURN	FL-002,FL-013,FL-014	en	FROZEN	R5-CARRY: byte-identical to SLEEK-R5 reviewed baseline; prior approval retained
k-tour-id-app/tests/visual/ondo-b-flow-pixels-responsive.spec.ts-snapshots/B-PX-AFTER19-VENUE-RETURN-EN-FL-002-FL-013-FL-014-en-768x1024-desktop-chromium-darwin.png	2fee7ed1b6b34e34e9f0815e9799862907c457375b6b52ce2063fdab4987185f	768	1024	768x1024	B-PX-AFTER19-VENUE-RETURN-EN	AFTER19-VENUE-RETURN	FL-002,FL-013,FL-014	en	FROZEN	R5-CARRY: byte-identical to SLEEK-R5 reviewed baseline; prior approval retained
k-tour-id-app/tests/visual/ondo-b-flow-pixels-responsive.spec.ts-snapshots/B-PX-AFTER19-VENUE-RETURN-EN-FL-002-FL-013-FL-014-en-801x1000-desktop-chromium-darwin.png	dbfd420d3ca724c2bfbe6866972f15b7a6e48a3c074803b30aaa055f0603926e	801	1000	801x1000	B-PX-AFTER19-VENUE-RETURN-EN	AFTER19-VENUE-RETURN	FL-002,FL-013,FL-014	en	FROZEN	R5-CARRY: byte-identical to SLEEK-R5 reviewed baseline; prior approval retained
k-tour-id-app/tests/visual/ondo-b-flow-pixels-responsive.spec.ts-snapshots/B-PX-CHAT-EN-FL-003-en-360x800-desktop-chromium-darwin.png	d00c15913d1ccde59155bacb570de56e19872ffa3fcae0c13686fd813aa68057	360	800	360x800	B-PX-CHAT-EN	CHAT	FL-003	en	FROZEN	R5-CARRY: byte-identical to SLEEK-R5 reviewed baseline; prior approval retained
k-tour-id-app/tests/visual/ondo-b-flow-pixels-responsive.spec.ts-snapshots/B-PX-CHAT-EN-FL-003-en-430x932-desktop-chromium-darwin.png	ac4dc64d24415b0289557b27bb204b91d856b973dcf4173c01ad6296b2c54e20	430	932	430x932	B-PX-CHAT-EN	CHAT	FL-003	en	FROZEN	R5-CARRY: byte-identical to SLEEK-R5 reviewed baseline; prior approval retained
k-tour-id-app/tests/visual/ondo-b-flow-pixels-responsive.spec.ts-snapshots/B-PX-CHAT-EN-FL-003-en-768x1024-desktop-chromium-darwin.png	7df8d0d55bed2ec46341b6d5c3165a8fe309e81677941ca542947fd237f1047d	768	1024	768x1024	B-PX-CHAT-EN	CHAT	FL-003	en	FROZEN	R5-CARRY: byte-identical to SLEEK-R5 reviewed baseline; prior approval retained
k-tour-id-app/tests/visual/ondo-b-flow-pixels-responsive.spec.ts-snapshots/B-PX-CHAT-EN-FL-003-en-801x1000-desktop-chromium-darwin.png	61d2aa985c015ea00c8ae5a9fc03c636cb20c1b3f6bce9f9fe45e41ebc7964cd	801	1000	801x1000	B-PX-CHAT-EN	CHAT	FL-003	en	FROZEN	R5-CARRY: byte-identical to SLEEK-R5 reviewed baseline; prior approval retained
k-tour-id-app/tests/visual/ondo-b-flow-pixels-responsive.spec.ts-snapshots/B-PX-CHAT-IMAGE-FAIL-EN-FL-003-en-360x800-desktop-chromium-darwin.png	9a6622c4416c68132de9028097c6e015a79f08337b861cf8914a82c03c007758	360	800	360x800	B-PX-CHAT-IMAGE-FAIL-EN	CHAT-IMAGE-FAIL	FL-003	en	FROZEN	R5-CARRY: byte-identical to SLEEK-R5 reviewed baseline; prior approval retained
k-tour-id-app/tests/visual/ondo-b-flow-pixels-responsive.spec.ts-snapshots/B-PX-CHAT-IMAGE-FAIL-EN-FL-003-en-430x932-desktop-chromium-darwin.png	937c13a2dec6158f12d0ac7b00545692c59e1297bd7abaaf237d3c15bc012cfe	430	932	430x932	B-PX-CHAT-IMAGE-FAIL-EN	CHAT-IMAGE-FAIL	FL-003	en	FROZEN	R5-CARRY: byte-identical to SLEEK-R5 reviewed baseline; prior approval retained
k-tour-id-app/tests/visual/ondo-b-flow-pixels-responsive.spec.ts-snapshots/B-PX-CHAT-IMAGE-FAIL-EN-FL-003-en-768x1024-desktop-chromium-darwin.png	44639b19323e4b29dcc7e0858a008eb25595e5c3fd868a90dd45345a560955cc	768	1024	768x1024	B-PX-CHAT-IMAGE-FAIL-EN	CHAT-IMAGE-FAIL	FL-003	en	FROZEN	R5-CARRY: byte-identical to SLEEK-R5 reviewed baseline; prior approval retained
k-tour-id-app/tests/visual/ondo-b-flow-pixels-responsive.spec.ts-snapshots/B-PX-CHAT-IMAGE-FAIL-EN-FL-003-en-801x1000-desktop-chromium-darwin.png	180a3241e1771057d60ae21aa693aec23146fd2c6cec743768c51ff8fad4eed6	801	1000	801x1000	B-PX-CHAT-IMAGE-FAIL-EN	CHAT-IMAGE-FAIL	FL-003	en	FROZEN	R5-CARRY: byte-identical to SLEEK-R5 reviewed baseline; prior approval retained
k-tour-id-app/tests/visual/ondo-b-flow-pixels-responsive.spec.ts-snapshots/B-PX-CHECKOUT-CANCEL-KO-FL-004-ko-360x800-desktop-chromium-darwin.png	e137c489883d6519812ac255bf8777826104ff21b2fb7887821307cebbdbac49	360	800	360x800	B-PX-CHECKOUT-CANCEL-KO	CHECKOUT-CANCEL	FL-004	ko	FROZEN	R5-CARRY: byte-identical to SLEEK-R5 reviewed baseline; prior approval retained
k-tour-id-app/tests/visual/ondo-b-flow-pixels-responsive.spec.ts-snapshots/B-PX-CHECKOUT-CANCEL-KO-FL-004-ko-430x932-desktop-chromium-darwin.png	b111c9cb636b361320201c7ae9da255494b50149631036240a83b8315ebb96e0	430	932	430x932	B-PX-CHECKOUT-CANCEL-KO	CHECKOUT-CANCEL	FL-004	ko	FROZEN	R5-CARRY: byte-identical to SLEEK-R5 reviewed baseline; prior approval retained
k-tour-id-app/tests/visual/ondo-b-flow-pixels-responsive.spec.ts-snapshots/B-PX-CHECKOUT-CANCEL-KO-FL-004-ko-768x1024-desktop-chromium-darwin.png	b2ad9779f1cefd195ae27fd04d8a3a6e4448c22eedf72d14f88a537c28ac7d8b	768	1024	768x1024	B-PX-CHECKOUT-CANCEL-KO	CHECKOUT-CANCEL	FL-004	ko	FROZEN	R5-CARRY: byte-identical to SLEEK-R5 reviewed baseline; prior approval retained
k-tour-id-app/tests/visual/ondo-b-flow-pixels-responsive.spec.ts-snapshots/B-PX-CHECKOUT-CANCEL-KO-FL-004-ko-801x1000-desktop-chromium-darwin.png	6316ca4861427c80d1f2078c890000fa0182142f201857dd1b087357ee29b38a	801	1000	801x1000	B-PX-CHECKOUT-CANCEL-KO	CHECKOUT-CANCEL	FL-004	ko	FROZEN	R5-CARRY: byte-identical to SLEEK-R5 reviewed baseline; prior approval retained
k-tour-id-app/tests/visual/ondo-b-flow-pixels-responsive.spec.ts-snapshots/B-PX-CHECKOUT-FAIL-EN-FL-004-en-360x800-desktop-chromium-darwin.png	7cca108dd31f95889262dd8b3347e65c46661adc97177f5d849766f6cfe6ac76	360	800	360x800	B-PX-CHECKOUT-FAIL-EN	CHECKOUT-FAIL	FL-004	en	FROZEN	R5-CARRY: byte-identical to SLEEK-R5 reviewed baseline; prior approval retained
k-tour-id-app/tests/visual/ondo-b-flow-pixels-responsive.spec.ts-snapshots/B-PX-CHECKOUT-FAIL-EN-FL-004-en-430x932-desktop-chromium-darwin.png	844d473759862a326be1435aa3548843db840f41421dd003af60980f1b16d8c1	430	932	430x932	B-PX-CHECKOUT-FAIL-EN	CHECKOUT-FAIL	FL-004	en	FROZEN	R5-CARRY: byte-identical to SLEEK-R5 reviewed baseline; prior approval retained
k-tour-id-app/tests/visual/ondo-b-flow-pixels-responsive.spec.ts-snapshots/B-PX-CHECKOUT-FAIL-EN-FL-004-en-768x1024-desktop-chromium-darwin.png	71658947fa1f15d11d5d3895f0fbb03bd574711ccc12853f1fa93270cad4fe52	768	1024	768x1024	B-PX-CHECKOUT-FAIL-EN	CHECKOUT-FAIL	FL-004	en	FROZEN	R5-CARRY: byte-identical to SLEEK-R5 reviewed baseline; prior approval retained
k-tour-id-app/tests/visual/ondo-b-flow-pixels-responsive.spec.ts-snapshots/B-PX-CHECKOUT-FAIL-EN-FL-004-en-801x1000-desktop-chromium-darwin.png	bb8a9539a8f2eb62a4dab20e6e696612e21f63c58ac93cc953522bb22f975114	801	1000	801x1000	B-PX-CHECKOUT-FAIL-EN	CHECKOUT-FAIL	FL-004	en	FROZEN	R5-CARRY: byte-identical to SLEEK-R5 reviewed baseline; prior approval retained
k-tour-id-app/tests/visual/ondo-b-flow-pixels-responsive.spec.ts-snapshots/B-PX-CHECKOUT-IDLE-EN-FL-004-FL-017-en-360x800-desktop-chromium-darwin.png	949b9943f9c649b3045242c142bd63984131ef698ee72be19e3bddf7db92eb82	360	800	360x800	B-PX-CHECKOUT-IDLE-EN	CHECKOUT-IDLE	FL-004,FL-017	en	FROZEN	R5-CARRY: byte-identical to SLEEK-R5 reviewed baseline; prior approval retained
k-tour-id-app/tests/visual/ondo-b-flow-pixels-responsive.spec.ts-snapshots/B-PX-CHECKOUT-IDLE-EN-FL-004-FL-017-en-430x932-desktop-chromium-darwin.png	4f68eadc99cc04e17cf2b94f150017ac6cc7515688de2d517efbf512cd5b1d06	430	932	430x932	B-PX-CHECKOUT-IDLE-EN	CHECKOUT-IDLE	FL-004,FL-017	en	FROZEN	R5-CARRY: byte-identical to SLEEK-R5 reviewed baseline; prior approval retained
k-tour-id-app/tests/visual/ondo-b-flow-pixels-responsive.spec.ts-snapshots/B-PX-CHECKOUT-IDLE-EN-FL-004-FL-017-en-768x1024-desktop-chromium-darwin.png	74bb5d7369ef4e274dd5baffe8bb4bf4ffe1f9d60d749a7daed37be6ace39896	768	1024	768x1024	B-PX-CHECKOUT-IDLE-EN	CHECKOUT-IDLE	FL-004,FL-017	en	FROZEN	R5-CARRY: byte-identical to SLEEK-R5 reviewed baseline; prior approval retained
k-tour-id-app/tests/visual/ondo-b-flow-pixels-responsive.spec.ts-snapshots/B-PX-CHECKOUT-IDLE-EN-FL-004-FL-017-en-801x1000-desktop-chromium-darwin.png	9fc69c7765688d8e9a7a38f1f04c6e300b1bf4b9392d1949f1a7a490c201b5a8	801	1000	801x1000	B-PX-CHECKOUT-IDLE-EN	CHECKOUT-IDLE	FL-004,FL-017	en	FROZEN	R5-CARRY: byte-identical to SLEEK-R5 reviewed baseline; prior approval retained
k-tour-id-app/tests/visual/ondo-b-flow-pixels-responsive.spec.ts-snapshots/B-PX-CHECKOUT-RECEIPT-EN-FL-004-en-360x800-desktop-chromium-darwin.png	0a47583b910728f915e228bfd204e8da9bd2681877d57dc15e8097645ee3e1e6	360	800	360x800	B-PX-CHECKOUT-RECEIPT-EN	CHECKOUT-RECEIPT	FL-004	en	FROZEN	R5-CARRY: byte-identical to SLEEK-R5 reviewed baseline; prior approval retained
k-tour-id-app/tests/visual/ondo-b-flow-pixels-responsive.spec.ts-snapshots/B-PX-CHECKOUT-RECEIPT-EN-FL-004-en-430x932-desktop-chromium-darwin.png	6b978ea69df074b5e253413b932f9e6404feece805380e9e8e92559352018b80	430	932	430x932	B-PX-CHECKOUT-RECEIPT-EN	CHECKOUT-RECEIPT	FL-004	en	FROZEN	R5-CARRY: byte-identical to SLEEK-R5 reviewed baseline; prior approval retained
k-tour-id-app/tests/visual/ondo-b-flow-pixels-responsive.spec.ts-snapshots/B-PX-CHECKOUT-RECEIPT-EN-FL-004-en-768x1024-desktop-chromium-darwin.png	4efa2c0011283428f23a49e47c783a884036ee67ce40b1b9c894d6fcc985813e	768	1024	768x1024	B-PX-CHECKOUT-RECEIPT-EN	CHECKOUT-RECEIPT	FL-004	en	FROZEN	R5-CARRY: byte-identical to SLEEK-R5 reviewed baseline; prior approval retained
k-tour-id-app/tests/visual/ondo-b-flow-pixels-responsive.spec.ts-snapshots/B-PX-CHECKOUT-RECEIPT-EN-FL-004-en-801x1000-desktop-chromium-darwin.png	8a01c3e9de44fd4557be070155fc8288d1031e8aa98eb1878bc4a4e76ca40df6	801	1000	801x1000	B-PX-CHECKOUT-RECEIPT-EN	CHECKOUT-RECEIPT	FL-004	en	FROZEN	R5-CARRY: byte-identical to SLEEK-R5 reviewed baseline; prior approval retained
k-tour-id-app/tests/visual/ondo-b-flow-pixels-responsive.spec.ts-snapshots/B-PX-CHECKOUT-STAMP-KO-FL-004-ko-360x800-desktop-chromium-darwin.png	b32c6515ac4d1ad38b50965c29772e284856a76973e84474194bc373947cb126	360	800	360x800	B-PX-CHECKOUT-STAMP-KO	CHECKOUT-STAMP	FL-004	ko	FROZEN	R5-CARRY: byte-identical to SLEEK-R5 reviewed baseline; prior approval retained
k-tour-id-app/tests/visual/ondo-b-flow-pixels-responsive.spec.ts-snapshots/B-PX-CHECKOUT-STAMP-KO-FL-004-ko-430x932-desktop-chromium-darwin.png	12e35c369f47c0a081d60075c7872a1fd38c3ef15872e39630e27d22b1427077	430	932	430x932	B-PX-CHECKOUT-STAMP-KO	CHECKOUT-STAMP	FL-004	ko	FROZEN	R5-CARRY: byte-identical to SLEEK-R5 reviewed baseline; prior approval retained
k-tour-id-app/tests/visual/ondo-b-flow-pixels-responsive.spec.ts-snapshots/B-PX-CHECKOUT-STAMP-KO-FL-004-ko-768x1024-desktop-chromium-darwin.png	25d9f950b6cae142ff09f74abc7cdea98e916959d21736f2d76ab5b2ec659aca	768	1024	768x1024	B-PX-CHECKOUT-STAMP-KO	CHECKOUT-STAMP	FL-004	ko	FROZEN	R5-CARRY: byte-identical to SLEEK-R5 reviewed baseline; prior approval retained
k-tour-id-app/tests/visual/ondo-b-flow-pixels-responsive.spec.ts-snapshots/B-PX-CHECKOUT-STAMP-KO-FL-004-ko-801x1000-desktop-chromium-darwin.png	7d2c78c31533b33ae452f1999216ab7432b90d8cf43c20c910aeb2cb4676acd0	801	1000	801x1000	B-PX-CHECKOUT-STAMP-KO	CHECKOUT-STAMP	FL-004	ko	FROZEN	R5-CARRY: byte-identical to SLEEK-R5 reviewed baseline; prior approval retained
k-tour-id-app/tests/visual/ondo-b-flow-pixels-responsive.spec.ts-snapshots/B-PX-CITY-FALLBACK-KO-FL-001-ko-360x800-desktop-chromium-darwin.png	2a529334098d29b60a6dd0bafd46b34b809fd707fdc2e39889b9ad67b46c65ea	360	800	360x800	B-PX-CITY-FALLBACK-KO	CITY-FALLBACK	FL-001	ko	FROZEN	R5-CARRY: byte-identical to SLEEK-R5 reviewed baseline; prior approval retained
k-tour-id-app/tests/visual/ondo-b-flow-pixels-responsive.spec.ts-snapshots/B-PX-CITY-FALLBACK-KO-FL-001-ko-430x932-desktop-chromium-darwin.png	15c92f145de51c3f5dfa4c94d031066ec478226c9fed8bd160d9879560fd5f83	430	932	430x932	B-PX-CITY-FALLBACK-KO	CITY-FALLBACK	FL-001	ko	FROZEN	R5-CARRY: byte-identical to SLEEK-R5 reviewed baseline; prior approval retained
k-tour-id-app/tests/visual/ondo-b-flow-pixels-responsive.spec.ts-snapshots/B-PX-CITY-FALLBACK-KO-FL-001-ko-768x1024-desktop-chromium-darwin.png	cedb2a7434ed7d23018d30c1274fabf40a2bedddbe20d77ba15dd1e044c56c94	768	1024	768x1024	B-PX-CITY-FALLBACK-KO	CITY-FALLBACK	FL-001	ko	FROZEN	R5-CARRY: byte-identical to SLEEK-R5 reviewed baseline; prior approval retained
k-tour-id-app/tests/visual/ondo-b-flow-pixels-responsive.spec.ts-snapshots/B-PX-CITY-FALLBACK-KO-FL-001-ko-801x1000-desktop-chromium-darwin.png	248da294fa7be862a4d7345c158a3fdb42fbd683432d244a5819da2f9ec22fb3	801	1000	801x1000	B-PX-CITY-FALLBACK-KO	CITY-FALLBACK	FL-001	ko	FROZEN	R5-CARRY: byte-identical to SLEEK-R5 reviewed baseline; prior approval retained
k-tour-id-app/tests/visual/ondo-b-flow-pixels-responsive.spec.ts-snapshots/B-PX-CITY-FILTERED-MAP-EN-FL-001-en-360x800-desktop-chromium-darwin.png	91ef3f49774ef90970e8ff08fd1577f8a06bb2956af4dc79978f5b3dd5fe93b0	360	800	360x800	B-PX-CITY-FILTERED-MAP-EN	CITY-FILTERED-MAP	FL-001	en	FROZEN	R5-FIX: added filtered-map evidence for R5-003; approval_commit=9500515197c2f9a77845ed2b9cb4e3d742a8b8cb
k-tour-id-app/tests/visual/ondo-b-flow-pixels-responsive.spec.ts-snapshots/B-PX-CITY-FILTERED-MAP-EN-FL-001-en-430x932-desktop-chromium-darwin.png	dcb4becfe8b561aa4fa17df7e7b453c60d367e87d6b1970baa85d1d8f2080175	430	932	430x932	B-PX-CITY-FILTERED-MAP-EN	CITY-FILTERED-MAP	FL-001	en	FROZEN	R5-FIX: added filtered-map evidence for R5-003; approval_commit=9500515197c2f9a77845ed2b9cb4e3d742a8b8cb
k-tour-id-app/tests/visual/ondo-b-flow-pixels-responsive.spec.ts-snapshots/B-PX-CITY-FILTERED-MAP-EN-FL-001-en-768x1024-desktop-chromium-darwin.png	73d9ef3025d3e440811862073c9fea578b252cf3cf61fc1096401ce61fe6288b	768	1024	768x1024	B-PX-CITY-FILTERED-MAP-EN	CITY-FILTERED-MAP	FL-001	en	FROZEN	R5-FIX: added filtered-map evidence for R5-003; approval_commit=9500515197c2f9a77845ed2b9cb4e3d742a8b8cb
k-tour-id-app/tests/visual/ondo-b-flow-pixels-responsive.spec.ts-snapshots/B-PX-CITY-FILTERED-MAP-EN-FL-001-en-801x1000-desktop-chromium-darwin.png	77c9eabbcf454220d2770844978f130a72e915f086dfad9bf710583232cf2414	801	1000	801x1000	B-PX-CITY-FILTERED-MAP-EN	CITY-FILTERED-MAP	FL-001	en	FROZEN	R5-FIX: added filtered-map evidence for R5-003; approval_commit=9500515197c2f9a77845ed2b9cb4e3d742a8b8cb
k-tour-id-app/tests/visual/ondo-b-flow-pixels-responsive.spec.ts-snapshots/B-PX-CITY-LIST-EN-FL-001-en-360x800-desktop-chromium-darwin.png	abb30cfa3b8e9d6ca4b0a6c6c163238092a386986219d158f1a0a320aca9f5fe	360	800	360x800	B-PX-CITY-LIST-EN	CITY-LIST	FL-001	en	FROZEN	R5-CARRY: byte-identical to SLEEK-R5 reviewed baseline; prior approval retained
k-tour-id-app/tests/visual/ondo-b-flow-pixels-responsive.spec.ts-snapshots/B-PX-CITY-LIST-EN-FL-001-en-430x932-desktop-chromium-darwin.png	6a4b12fd59600f24fc32304c585e09090dcd1e0e765151e7fffc8a6c2ecd54b4	430	932	430x932	B-PX-CITY-LIST-EN	CITY-LIST	FL-001	en	FROZEN	R5-CARRY: byte-identical to SLEEK-R5 reviewed baseline; prior approval retained
k-tour-id-app/tests/visual/ondo-b-flow-pixels-responsive.spec.ts-snapshots/B-PX-CITY-LIST-EN-FL-001-en-768x1024-desktop-chromium-darwin.png	54dbd9758d5b01507b2b62cdbce347eb112b6e0b3adf598d1353a45d90d1db11	768	1024	768x1024	B-PX-CITY-LIST-EN	CITY-LIST	FL-001	en	FROZEN	R5-CARRY: byte-identical to SLEEK-R5 reviewed baseline; prior approval retained
k-tour-id-app/tests/visual/ondo-b-flow-pixels-responsive.spec.ts-snapshots/B-PX-CITY-LIST-EN-FL-001-en-801x1000-desktop-chromium-darwin.png	d90ef4c13185643cd5265f29a073d6c35c375378cbcd4bed8e4cbdc908602ed4	801	1000	801x1000	B-PX-CITY-LIST-EN	CITY-LIST	FL-001	en	FROZEN	R5-CARRY: byte-identical to SLEEK-R5 reviewed baseline; prior approval retained
k-tour-id-app/tests/visual/ondo-b-flow-pixels-responsive.spec.ts-snapshots/B-PX-CITY-LIVE-EN-FL-001-FL-014-en-360x800-desktop-chromium-darwin.png	b5d15e11852f861717bb5fa17d6359a2f5d4b35c759a52728d53541631eb64e2	360	800	360x800	B-PX-CITY-LIVE-EN	CITY-LIVE	FL-001,FL-014	en	FROZEN	R5-CARRY: byte-identical to SLEEK-R5 reviewed baseline; prior approval retained
k-tour-id-app/tests/visual/ondo-b-flow-pixels-responsive.spec.ts-snapshots/B-PX-CITY-LIVE-EN-FL-001-FL-014-en-430x932-desktop-chromium-darwin.png	0806e7bc4c92f09d02c8f1aef908310fdda303dff69fc5072909dd98751766f4	430	932	430x932	B-PX-CITY-LIVE-EN	CITY-LIVE	FL-001,FL-014	en	FROZEN	R5-CARRY: byte-identical to SLEEK-R5 reviewed baseline; prior approval retained
k-tour-id-app/tests/visual/ondo-b-flow-pixels-responsive.spec.ts-snapshots/B-PX-CITY-LIVE-EN-FL-001-FL-014-en-768x1024-desktop-chromium-darwin.png	a4df08ef41f273ee1830e3117d4978a6c23b89ec062440d68781227610731013	768	1024	768x1024	B-PX-CITY-LIVE-EN	CITY-LIVE	FL-001,FL-014	en	FROZEN	R5-CARRY: byte-identical to SLEEK-R5 reviewed baseline; prior approval retained
k-tour-id-app/tests/visual/ondo-b-flow-pixels-responsive.spec.ts-snapshots/B-PX-CITY-LIVE-EN-FL-001-FL-014-en-801x1000-desktop-chromium-darwin.png	5ffdcbfc6dc841d209785fcda370061d84b3d51e13ca60388cdceb3ee0296998	801	1000	801x1000	B-PX-CITY-LIVE-EN	CITY-LIVE	FL-001,FL-014	en	FROZEN	R5-CARRY: byte-identical to SLEEK-R5 reviewed baseline; prior approval retained
k-tour-id-app/tests/visual/ondo-b-flow-pixels-responsive.spec.ts-snapshots/B-PX-CITY-LIVE-KO-FL-001-FL-014-ko-360x800-desktop-chromium-darwin.png	b9b6ceb89da3765e872703f5f1018fe83f3b8d0bdb83113b2d051bbb3ba82446	360	800	360x800	B-PX-CITY-LIVE-KO	CITY-LIVE	FL-001,FL-014	ko	FROZEN	R5-CARRY: byte-identical to SLEEK-R5 reviewed baseline; prior approval retained
k-tour-id-app/tests/visual/ondo-b-flow-pixels-responsive.spec.ts-snapshots/B-PX-CITY-LIVE-KO-FL-001-FL-014-ko-430x932-desktop-chromium-darwin.png	9de3890a512c9cd926b1a68d23432c50a1096880f1a6a026d7a7711fe5c72653	430	932	430x932	B-PX-CITY-LIVE-KO	CITY-LIVE	FL-001,FL-014	ko	FROZEN	R5-CARRY: byte-identical to SLEEK-R5 reviewed baseline; prior approval retained
k-tour-id-app/tests/visual/ondo-b-flow-pixels-responsive.spec.ts-snapshots/B-PX-CITY-LIVE-KO-FL-001-FL-014-ko-768x1024-desktop-chromium-darwin.png	1f0a9748d366673069f29df518f2f3717201b1d6fc49bf05753564db053f0b17	768	1024	768x1024	B-PX-CITY-LIVE-KO	CITY-LIVE	FL-001,FL-014	ko	FROZEN	R5-CARRY: byte-identical to SLEEK-R5 reviewed baseline; prior approval retained
k-tour-id-app/tests/visual/ondo-b-flow-pixels-responsive.spec.ts-snapshots/B-PX-CITY-LIVE-KO-FL-001-FL-014-ko-801x1000-desktop-chromium-darwin.png	a53b115a4ebaaefc0b93fa1df1dd09e2cfa065864f002648b29573d46f460128	801	1000	801x1000	B-PX-CITY-LIVE-KO	CITY-LIVE	FL-001,FL-014	ko	FROZEN	R5-CARRY: byte-identical to SLEEK-R5 reviewed baseline; prior approval retained
k-tour-id-app/tests/visual/ondo-b-flow-pixels-responsive.spec.ts-snapshots/B-PX-FEEDBACK-KO-FL-003-FL-015-ko-360x800-desktop-chromium-darwin.png	d5c0c6ecada39d85949a32a866541be525e11bbd65c636cc762d26991d171ef9	360	800	360x800	B-PX-FEEDBACK-KO	FEEDBACK	FL-003,FL-015	ko	FROZEN	R5-CARRY: byte-identical to SLEEK-R5 reviewed baseline; prior approval retained
k-tour-id-app/tests/visual/ondo-b-flow-pixels-responsive.spec.ts-snapshots/B-PX-FEEDBACK-KO-FL-003-FL-015-ko-430x932-desktop-chromium-darwin.png	fac0a48463c9a64481345f30c11747111b82a09f6f14fa0f39c10c4d6508f648	430	932	430x932	B-PX-FEEDBACK-KO	FEEDBACK	FL-003,FL-015	ko	FROZEN	R5-CARRY: byte-identical to SLEEK-R5 reviewed baseline; prior approval retained
k-tour-id-app/tests/visual/ondo-b-flow-pixels-responsive.spec.ts-snapshots/B-PX-FEEDBACK-KO-FL-003-FL-015-ko-768x1024-desktop-chromium-darwin.png	4331c9187652324fe47fb3114caf263363ca09468bf21e7e459c533b613f0c6f	768	1024	768x1024	B-PX-FEEDBACK-KO	FEEDBACK	FL-003,FL-015	ko	FROZEN	R5-CARRY: byte-identical to SLEEK-R5 reviewed baseline; prior approval retained
k-tour-id-app/tests/visual/ondo-b-flow-pixels-responsive.spec.ts-snapshots/B-PX-FEEDBACK-KO-FL-003-FL-015-ko-801x1000-desktop-chromium-darwin.png	766759866862c30cb7085c8583072771f308cf58c903fbdd20d05c7d5a9967c5	801	1000	801x1000	B-PX-FEEDBACK-KO	FEEDBACK	FL-003,FL-015	ko	FROZEN	R5-CARRY: byte-identical to SLEEK-R5 reviewed baseline; prior approval retained
k-tour-id-app/tests/visual/ondo-b-flow-pixels-responsive.spec.ts-snapshots/B-PX-GATE-ACCOUNT-FAIL-KO-FL-010-ko-360x800-desktop-chromium-darwin.png	9dd299e3b61473b3f966e91006d426d654a54f276d7a96d745bd87ac068951f9	360	800	360x800	B-PX-GATE-ACCOUNT-FAIL-KO	GATE-ACCOUNT-FAIL	FL-010	ko	FROZEN	R5-CARRY: byte-identical to SLEEK-R5 reviewed baseline; prior approval retained
k-tour-id-app/tests/visual/ondo-b-flow-pixels-responsive.spec.ts-snapshots/B-PX-GATE-ACCOUNT-FAIL-KO-FL-010-ko-430x932-desktop-chromium-darwin.png	60ff86f257befb2626720bc23e16c58f10820a7bfae3a59417379b8fb4aed5cd	430	932	430x932	B-PX-GATE-ACCOUNT-FAIL-KO	GATE-ACCOUNT-FAIL	FL-010	ko	FROZEN	R5-CARRY: byte-identical to SLEEK-R5 reviewed baseline; prior approval retained
k-tour-id-app/tests/visual/ondo-b-flow-pixels-responsive.spec.ts-snapshots/B-PX-GATE-ACCOUNT-FAIL-KO-FL-010-ko-768x1024-desktop-chromium-darwin.png	db96f832b0243e5d31064cafbd8cc390837257a0560f109f94d86d10e2652cf9	768	1024	768x1024	B-PX-GATE-ACCOUNT-FAIL-KO	GATE-ACCOUNT-FAIL	FL-010	ko	FROZEN	R5-CARRY: byte-identical to SLEEK-R5 reviewed baseline; prior approval retained
k-tour-id-app/tests/visual/ondo-b-flow-pixels-responsive.spec.ts-snapshots/B-PX-GATE-ACCOUNT-FAIL-KO-FL-010-ko-801x1000-desktop-chromium-darwin.png	7ee83df0e3b3e62c0d539911c151eb052bda11cb460a4859d1126636b9a348a9	801	1000	801x1000	B-PX-GATE-ACCOUNT-FAIL-KO	GATE-ACCOUNT-FAIL	FL-010	ko	FROZEN	R5-CARRY: byte-identical to SLEEK-R5 reviewed baseline; prior approval retained
k-tour-id-app/tests/visual/ondo-b-flow-pixels-responsive.spec.ts-snapshots/B-PX-GATE-AGE-FAIL-KO-FL-002-FL-013-ko-360x800-desktop-chromium-darwin.png	3c7eb64e72ce97b824bd30742f6e7406a02ea63c43f9cddec977ad350c7cea0a	360	800	360x800	B-PX-GATE-AGE-FAIL-KO	GATE-AGE-FAIL	FL-002,FL-013	ko	FROZEN	R5-CARRY: byte-identical to SLEEK-R5 reviewed baseline; prior approval retained
k-tour-id-app/tests/visual/ondo-b-flow-pixels-responsive.spec.ts-snapshots/B-PX-GATE-AGE-FAIL-KO-FL-002-FL-013-ko-430x932-desktop-chromium-darwin.png	068fa84c5c75baa48f9458f1c75cdc9896f4267e4b6a6b77a6dc4b385f30d839	430	932	430x932	B-PX-GATE-AGE-FAIL-KO	GATE-AGE-FAIL	FL-002,FL-013	ko	FROZEN	R5-CARRY: byte-identical to SLEEK-R5 reviewed baseline; prior approval retained
k-tour-id-app/tests/visual/ondo-b-flow-pixels-responsive.spec.ts-snapshots/B-PX-GATE-AGE-FAIL-KO-FL-002-FL-013-ko-768x1024-desktop-chromium-darwin.png	f95a538fdbf6c5eae95c2230afbb4ebac7e1acd1eb2dd10b52ab6e7c391a0d41	768	1024	768x1024	B-PX-GATE-AGE-FAIL-KO	GATE-AGE-FAIL	FL-002,FL-013	ko	FROZEN	R5-CARRY: byte-identical to SLEEK-R5 reviewed baseline; prior approval retained
k-tour-id-app/tests/visual/ondo-b-flow-pixels-responsive.spec.ts-snapshots/B-PX-GATE-AGE-FAIL-KO-FL-002-FL-013-ko-801x1000-desktop-chromium-darwin.png	7441f5a95ed4cbb9751a1c016efbedf12e809084ab97aa9fb5e51348f48dcc51	801	1000	801x1000	B-PX-GATE-AGE-FAIL-KO	GATE-AGE-FAIL	FL-002,FL-013	ko	FROZEN	R5-CARRY: byte-identical to SLEEK-R5 reviewed baseline; prior approval retained
k-tour-id-app/tests/visual/ondo-b-flow-pixels-responsive.spec.ts-snapshots/B-PX-GATE-PAYMENT-EN-FL-017-en-360x800-desktop-chromium-darwin.png	b33186fe20682ee05129c96a8db28d6bed18795afa2cc084d3bff96fab79f1f4	360	800	360x800	B-PX-GATE-PAYMENT-EN	GATE-PAYMENT	FL-017	en	FROZEN	R5-CARRY: byte-identical to SLEEK-R5 reviewed baseline; prior approval retained
k-tour-id-app/tests/visual/ondo-b-flow-pixels-responsive.spec.ts-snapshots/B-PX-GATE-PAYMENT-EN-FL-017-en-430x932-desktop-chromium-darwin.png	9c9c8c93a39f8c4863d32214fe857494e55bd056f77382ab74f6099828246180	430	932	430x932	B-PX-GATE-PAYMENT-EN	GATE-PAYMENT	FL-017	en	FROZEN	R5-CARRY: byte-identical to SLEEK-R5 reviewed baseline; prior approval retained
k-tour-id-app/tests/visual/ondo-b-flow-pixels-responsive.spec.ts-snapshots/B-PX-GATE-PAYMENT-EN-FL-017-en-768x1024-desktop-chromium-darwin.png	97becefd027720ae89c949a94d1070cf34e2b1eac55f8736167b1ef92334b91c	768	1024	768x1024	B-PX-GATE-PAYMENT-EN	GATE-PAYMENT	FL-017	en	FROZEN	R5-CARRY: byte-identical to SLEEK-R5 reviewed baseline; prior approval retained
k-tour-id-app/tests/visual/ondo-b-flow-pixels-responsive.spec.ts-snapshots/B-PX-GATE-PAYMENT-EN-FL-017-en-801x1000-desktop-chromium-darwin.png	2e8fddc4a6a9c2a469fdac600d81ed8107ebd3251643664f27b54b03ffbb4186	801	1000	801x1000	B-PX-GATE-PAYMENT-EN	GATE-PAYMENT	FL-017	en	FROZEN	R5-CARRY: byte-identical to SLEEK-R5 reviewed baseline; prior approval retained
k-tour-id-app/tests/visual/ondo-b-flow-pixels-responsive.spec.ts-snapshots/B-PX-GATE-PAYMENT-FAIL-KO-FL-017-ko-360x800-desktop-chromium-darwin.png	fa7cba34ed4c0547a8385bcab0f3821aadd0bbc393d0cc08df541d2029a00b5d	360	800	360x800	B-PX-GATE-PAYMENT-FAIL-KO	GATE-PAYMENT-FAIL	FL-017	ko	FROZEN	R5-CARRY: byte-identical to SLEEK-R5 reviewed baseline; prior approval retained
k-tour-id-app/tests/visual/ondo-b-flow-pixels-responsive.spec.ts-snapshots/B-PX-GATE-PAYMENT-FAIL-KO-FL-017-ko-430x932-desktop-chromium-darwin.png	305b5579aec548a695f137af7dd0481b18d740cc2fd2c6fc624ecf16f0274789	430	932	430x932	B-PX-GATE-PAYMENT-FAIL-KO	GATE-PAYMENT-FAIL	FL-017	ko	FROZEN	R5-CARRY: byte-identical to SLEEK-R5 reviewed baseline; prior approval retained
k-tour-id-app/tests/visual/ondo-b-flow-pixels-responsive.spec.ts-snapshots/B-PX-GATE-PAYMENT-FAIL-KO-FL-017-ko-768x1024-desktop-chromium-darwin.png	9e134f6c7f917fc8025dab6e5916942d61a537a206bbafd0881b69eb8b8bd041	768	1024	768x1024	B-PX-GATE-PAYMENT-FAIL-KO	GATE-PAYMENT-FAIL	FL-017	ko	FROZEN	R5-CARRY: byte-identical to SLEEK-R5 reviewed baseline; prior approval retained
k-tour-id-app/tests/visual/ondo-b-flow-pixels-responsive.spec.ts-snapshots/B-PX-GATE-PAYMENT-FAIL-KO-FL-017-ko-801x1000-desktop-chromium-darwin.png	302d9e81748764582c884efd52a0fb0bb267aaaad9bb7e7aa6a3d54e45f9d14a	801	1000	801x1000	B-PX-GATE-PAYMENT-FAIL-KO	GATE-PAYMENT-FAIL	FL-017	ko	FROZEN	R5-CARRY: byte-identical to SLEEK-R5 reviewed baseline; prior approval retained
k-tour-id-app/tests/visual/ondo-b-flow-pixels-responsive.spec.ts-snapshots/B-PX-GATE-PERSON-CX-KO-FL-005-ko-360x800-desktop-chromium-darwin.png	22c461bd5db0dacee65a157704bf43bb047dbe5d994d1c809a9c97d7bfbbbbdb	360	800	360x800	B-PX-GATE-PERSON-CX-KO	GATE-PERSON-CX	FL-005	ko	FROZEN	R5-CARRY: byte-identical to SLEEK-R5 reviewed baseline; prior approval retained
k-tour-id-app/tests/visual/ondo-b-flow-pixels-responsive.spec.ts-snapshots/B-PX-GATE-PERSON-CX-KO-FL-005-ko-430x932-desktop-chromium-darwin.png	01e38ce2202cd5962d3ae88b5a04d34b1305147ccc73ece52259f1b27068ba39	430	932	430x932	B-PX-GATE-PERSON-CX-KO	GATE-PERSON-CX	FL-005	ko	FROZEN	R5-CARRY: byte-identical to SLEEK-R5 reviewed baseline; prior approval retained
k-tour-id-app/tests/visual/ondo-b-flow-pixels-responsive.spec.ts-snapshots/B-PX-GATE-PERSON-CX-KO-FL-005-ko-768x1024-desktop-chromium-darwin.png	4d5a64603bad0658c96c8c909515f2456e2a36b8a2b64112f2e8aa5ed9730de9	768	1024	768x1024	B-PX-GATE-PERSON-CX-KO	GATE-PERSON-CX	FL-005	ko	FROZEN	R5-CARRY: byte-identical to SLEEK-R5 reviewed baseline; prior approval retained
k-tour-id-app/tests/visual/ondo-b-flow-pixels-responsive.spec.ts-snapshots/B-PX-GATE-PERSON-CX-KO-FL-005-ko-801x1000-desktop-chromium-darwin.png	d6589295fac2bb55d6e56d71f8fc10ff84cd5f9c800433dbccf3ced19b512244	801	1000	801x1000	B-PX-GATE-PERSON-CX-KO	GATE-PERSON-CX	FL-005	ko	FROZEN	R5-CARRY: byte-identical to SLEEK-R5 reviewed baseline; prior approval retained
k-tour-id-app/tests/visual/ondo-b-flow-pixels-responsive.spec.ts-snapshots/B-PX-GATE-PERSON-PASSPORT-EN-FL-006-FL-012-en-360x800-desktop-chromium-darwin.png	4574a2aa1c495afaecfa4458b44fb32e416a4610ab33b8572ee802b9df24ce6a	360	800	360x800	B-PX-GATE-PERSON-PASSPORT-EN	GATE-PERSON-PASSPORT	FL-006,FL-012	en	FROZEN	R5-CARRY: byte-identical to SLEEK-R5 reviewed baseline; prior approval retained
k-tour-id-app/tests/visual/ondo-b-flow-pixels-responsive.spec.ts-snapshots/B-PX-GATE-PERSON-PASSPORT-EN-FL-006-FL-012-en-430x932-desktop-chromium-darwin.png	783e9cd761230f7b3ee31b32b5ab64f8db7a3a02cc495081d307b3c659f1963d	430	932	430x932	B-PX-GATE-PERSON-PASSPORT-EN	GATE-PERSON-PASSPORT	FL-006,FL-012	en	FROZEN	R5-CARRY: byte-identical to SLEEK-R5 reviewed baseline; prior approval retained
k-tour-id-app/tests/visual/ondo-b-flow-pixels-responsive.spec.ts-snapshots/B-PX-GATE-PERSON-PASSPORT-EN-FL-006-FL-012-en-768x1024-desktop-chromium-darwin.png	2dd4f55e82dcf1d67af6edd5f080b86ad7daa67768a2a21eb634ad14bdeafa55	768	1024	768x1024	B-PX-GATE-PERSON-PASSPORT-EN	GATE-PERSON-PASSPORT	FL-006,FL-012	en	FROZEN	R5-CARRY: byte-identical to SLEEK-R5 reviewed baseline; prior approval retained
k-tour-id-app/tests/visual/ondo-b-flow-pixels-responsive.spec.ts-snapshots/B-PX-GATE-PERSON-PASSPORT-EN-FL-006-FL-012-en-801x1000-desktop-chromium-darwin.png	fe839d9827ca8d9062f69b9656deffc1a343820c68d32f1ffa21cf0a630d8e84	801	1000	801x1000	B-PX-GATE-PERSON-PASSPORT-EN	GATE-PERSON-PASSPORT	FL-006,FL-012	en	FROZEN	R5-CARRY: byte-identical to SLEEK-R5 reviewed baseline; prior approval retained
k-tour-id-app/tests/visual/ondo-b-flow-pixels-responsive.spec.ts-snapshots/B-PX-GATE-RESIDENCE-UNSUPPORTED-EN-FL-006-en-360x800-desktop-chromium-darwin.png	02fe19341bb1b823b433f35535c66a7a00a52df33cc0d07ce4e92f4c1409ff0c	360	800	360x800	B-PX-GATE-RESIDENCE-UNSUPPORTED-EN	GATE-PERSON-RESIDENCE-UNSUPPORTED	FL-006	en	FROZEN	R5-CARRY: byte-identical to SLEEK-R5 reviewed baseline; prior approval retained
k-tour-id-app/tests/visual/ondo-b-flow-pixels-responsive.spec.ts-snapshots/B-PX-GATE-RESIDENCE-UNSUPPORTED-EN-FL-006-en-430x932-desktop-chromium-darwin.png	5a2c5faf04e92fed6e74337a3a3aeab689bc14cc975534e9fdc2e2747048c563	430	932	430x932	B-PX-GATE-RESIDENCE-UNSUPPORTED-EN	GATE-PERSON-RESIDENCE-UNSUPPORTED	FL-006	en	FROZEN	R5-CARRY: byte-identical to SLEEK-R5 reviewed baseline; prior approval retained
k-tour-id-app/tests/visual/ondo-b-flow-pixels-responsive.spec.ts-snapshots/B-PX-GATE-RESIDENCE-UNSUPPORTED-EN-FL-006-en-768x1024-desktop-chromium-darwin.png	7d5aa0db0e360b8c1e1df5b8531582dcd6e970fcb4350cc96d45579d7cd97235	768	1024	768x1024	B-PX-GATE-RESIDENCE-UNSUPPORTED-EN	GATE-PERSON-RESIDENCE-UNSUPPORTED	FL-006	en	FROZEN	R5-CARRY: byte-identical to SLEEK-R5 reviewed baseline; prior approval retained
k-tour-id-app/tests/visual/ondo-b-flow-pixels-responsive.spec.ts-snapshots/B-PX-GATE-RESIDENCE-UNSUPPORTED-EN-FL-006-en-801x1000-desktop-chromium-darwin.png	0b0deb6baecdae28b7c6885b3ee4f6cee65f21ad716e37a0e2257ed9ff0e5abe	801	1000	801x1000	B-PX-GATE-RESIDENCE-UNSUPPORTED-EN	GATE-PERSON-RESIDENCE-UNSUPPORTED	FL-006	en	FROZEN	R5-CARRY: byte-identical to SLEEK-R5 reviewed baseline; prior approval retained
k-tour-id-app/tests/visual/ondo-b-flow-pixels-responsive.spec.ts-snapshots/B-PX-LABS-BRIDGE-FAIL-EN-FL-018-en-360x800-desktop-chromium-darwin.png	3a270764d61ca373422b6ddb153e9fdb02d8f3021b16ec9fa34f55ab5764cfda	360	800	360x800	B-PX-LABS-BRIDGE-FAIL-EN	LABS-BRIDGE-FAIL	FL-018	en	FROZEN	R5-CARRY: byte-identical to SLEEK-R5 reviewed baseline; prior approval retained
k-tour-id-app/tests/visual/ondo-b-flow-pixels-responsive.spec.ts-snapshots/B-PX-LABS-BRIDGE-FAIL-EN-FL-018-en-430x932-desktop-chromium-darwin.png	80957e5b19a13a6037043c5e735116b7072bb98d1012cf5feaa425c4f9b3fc68	430	932	430x932	B-PX-LABS-BRIDGE-FAIL-EN	LABS-BRIDGE-FAIL	FL-018	en	FROZEN	R5-CARRY: byte-identical to SLEEK-R5 reviewed baseline; prior approval retained
k-tour-id-app/tests/visual/ondo-b-flow-pixels-responsive.spec.ts-snapshots/B-PX-LABS-BRIDGE-FAIL-EN-FL-018-en-768x1024-desktop-chromium-darwin.png	767bc9367b074324520745fd64b4aa9411c6f7d50654aa463aadda29627bccbe	768	1024	768x1024	B-PX-LABS-BRIDGE-FAIL-EN	LABS-BRIDGE-FAIL	FL-018	en	FROZEN	R5-CARRY: byte-identical to SLEEK-R5 reviewed baseline; prior approval retained
k-tour-id-app/tests/visual/ondo-b-flow-pixels-responsive.spec.ts-snapshots/B-PX-LABS-BRIDGE-FAIL-EN-FL-018-en-801x1000-desktop-chromium-darwin.png	9bb151b50ef991b6453977c5126489ed88e85285d9a732c1bff39dde6a81468c	801	1000	801x1000	B-PX-LABS-BRIDGE-FAIL-EN	LABS-BRIDGE-FAIL	FL-018	en	FROZEN	R5-CARRY: byte-identical to SLEEK-R5 reviewed baseline; prior approval retained
k-tour-id-app/tests/visual/ondo-b-flow-pixels-responsive.spec.ts-snapshots/B-PX-LABS-BRIDGE-SUCCESS-EN-FL-018-en-360x800-desktop-chromium-darwin.png	343bd55e65a13574407122bd650ecc8d0f7f4b68837a4135160b9104a6f2f708	360	800	360x800	B-PX-LABS-BRIDGE-SUCCESS-EN	LABS-BRIDGE-SUCCESS	FL-018	en	FROZEN	R5-CARRY: byte-identical to SLEEK-R5 reviewed baseline; prior approval retained
k-tour-id-app/tests/visual/ondo-b-flow-pixels-responsive.spec.ts-snapshots/B-PX-LABS-BRIDGE-SUCCESS-EN-FL-018-en-430x932-desktop-chromium-darwin.png	93545e1573c742c56b922c60a9b5dd4ab3f9cc55c354c75f8e5d8117eeba1e4e	430	932	430x932	B-PX-LABS-BRIDGE-SUCCESS-EN	LABS-BRIDGE-SUCCESS	FL-018	en	FROZEN	R5-CARRY: byte-identical to SLEEK-R5 reviewed baseline; prior approval retained
k-tour-id-app/tests/visual/ondo-b-flow-pixels-responsive.spec.ts-snapshots/B-PX-LABS-BRIDGE-SUCCESS-EN-FL-018-en-768x1024-desktop-chromium-darwin.png	050ebbc11af03e015a3ee154dc898cbe8774dd484001166ec4253835930f5677	768	1024	768x1024	B-PX-LABS-BRIDGE-SUCCESS-EN	LABS-BRIDGE-SUCCESS	FL-018	en	FROZEN	R5-CARRY: byte-identical to SLEEK-R5 reviewed baseline; prior approval retained
k-tour-id-app/tests/visual/ondo-b-flow-pixels-responsive.spec.ts-snapshots/B-PX-LABS-BRIDGE-SUCCESS-EN-FL-018-en-801x1000-desktop-chromium-darwin.png	d8699f20494f6ae6511da6091cee3c0476f31d7ed55e8b0dfb5805dd13d4bc40	801	1000	801x1000	B-PX-LABS-BRIDGE-SUCCESS-EN	LABS-BRIDGE-SUCCESS	FL-018	en	FROZEN	R5-CARRY: byte-identical to SLEEK-R5 reviewed baseline; prior approval retained
k-tour-id-app/tests/visual/ondo-b-flow-pixels-responsive.spec.ts-snapshots/B-PX-LABS-EN-FL-004-FL-016-FL-018-en-360x800-desktop-chromium-darwin.png	4857d8b80a6828c6e4a7fe721d6d3c7b24831b87d1e17f475c928fa7cf2475bf	360	800	360x800	B-PX-LABS-EN	LABS	FL-004,FL-016,FL-018	en	FROZEN	R5-CARRY: byte-identical to SLEEK-R5 reviewed baseline; prior approval retained
k-tour-id-app/tests/visual/ondo-b-flow-pixels-responsive.spec.ts-snapshots/B-PX-LABS-EN-FL-004-FL-016-FL-018-en-430x932-desktop-chromium-darwin.png	a640ad2d606550b2140c7f24ad33a34be09128edefac9a829046de1a72602b94	430	932	430x932	B-PX-LABS-EN	LABS	FL-004,FL-016,FL-018	en	FROZEN	R5-CARRY: byte-identical to SLEEK-R5 reviewed baseline; prior approval retained
k-tour-id-app/tests/visual/ondo-b-flow-pixels-responsive.spec.ts-snapshots/B-PX-LABS-EN-FL-004-FL-016-FL-018-en-768x1024-desktop-chromium-darwin.png	300612b4d14368d36f00d51d3d4735abe437be77032da9b87bed144c5f2ad5b7	768	1024	768x1024	B-PX-LABS-EN	LABS	FL-004,FL-016,FL-018	en	FROZEN	R5-CARRY: byte-identical to SLEEK-R5 reviewed baseline; prior approval retained
k-tour-id-app/tests/visual/ondo-b-flow-pixels-responsive.spec.ts-snapshots/B-PX-LABS-EN-FL-004-FL-016-FL-018-en-801x1000-desktop-chromium-darwin.png	89f311ac15b65b57eb59b5fcfce2c09959a7ec26b2371649d235e574b39d526f	801	1000	801x1000	B-PX-LABS-EN	LABS	FL-004,FL-016,FL-018	en	FROZEN	R5-CARRY: byte-identical to SLEEK-R5 reviewed baseline; prior approval retained
k-tour-id-app/tests/visual/ondo-b-flow-pixels-responsive.spec.ts-snapshots/B-PX-LABS-TRAIT-FAIL-KO-FL-016-ko-360x800-desktop-chromium-darwin.png	72d58df3116470ae94aa7a423cd4a6b921599d34ac8c7c732c56ef43a1834615	360	800	360x800	B-PX-LABS-TRAIT-FAIL-KO	LABS-TRAIT-FAIL	FL-016	ko	FROZEN	R5-CARRY: byte-identical to SLEEK-R5 reviewed baseline; prior approval retained
k-tour-id-app/tests/visual/ondo-b-flow-pixels-responsive.spec.ts-snapshots/B-PX-LABS-TRAIT-FAIL-KO-FL-016-ko-430x932-desktop-chromium-darwin.png	1e27407611f7aad70d561df477e53fc1f73bc7ee31a0883f9ad6036d3b528a36	430	932	430x932	B-PX-LABS-TRAIT-FAIL-KO	LABS-TRAIT-FAIL	FL-016	ko	FROZEN	R5-CARRY: byte-identical to SLEEK-R5 reviewed baseline; prior approval retained
k-tour-id-app/tests/visual/ondo-b-flow-pixels-responsive.spec.ts-snapshots/B-PX-LABS-TRAIT-FAIL-KO-FL-016-ko-768x1024-desktop-chromium-darwin.png	ffc4a92c1854725ebe590370099358d4106b47c1cefee1a42a7f99ec1b1696d4	768	1024	768x1024	B-PX-LABS-TRAIT-FAIL-KO	LABS-TRAIT-FAIL	FL-016	ko	FROZEN	R5-CARRY: byte-identical to SLEEK-R5 reviewed baseline; prior approval retained
k-tour-id-app/tests/visual/ondo-b-flow-pixels-responsive.spec.ts-snapshots/B-PX-LABS-TRAIT-FAIL-KO-FL-016-ko-801x1000-desktop-chromium-darwin.png	b43b95be8c40ff1dfd76d2f47a3f6601ec0a5f7d8b45886a81eb92b31b291fc2	801	1000	801x1000	B-PX-LABS-TRAIT-FAIL-KO	LABS-TRAIT-FAIL	FL-016	ko	FROZEN	R5-CARRY: byte-identical to SLEEK-R5 reviewed baseline; prior approval retained
k-tour-id-app/tests/visual/ondo-b-flow-pixels-responsive.spec.ts-snapshots/B-PX-LOCAL-SIGNAL-EMPTY-EN-FL-012-en-360x800-desktop-chromium-darwin.png	ff1a91be10cc89e87e4d84031b7d798363cfb59c9b0106eb7ba726328a9cf93f	360	800	360x800	B-PX-LOCAL-SIGNAL-EMPTY-EN	LOCAL-SIGNAL-EMPTY	FL-012	en	FROZEN	R5-CARRY: byte-identical to SLEEK-R5 reviewed baseline; prior approval retained
k-tour-id-app/tests/visual/ondo-b-flow-pixels-responsive.spec.ts-snapshots/B-PX-LOCAL-SIGNAL-EMPTY-EN-FL-012-en-430x932-desktop-chromium-darwin.png	d2fe704c7f6f7efe734f0cb9f550998a28a6ac471042a96682a91194b0563bee	430	932	430x932	B-PX-LOCAL-SIGNAL-EMPTY-EN	LOCAL-SIGNAL-EMPTY	FL-012	en	FROZEN	R5-CARRY: byte-identical to SLEEK-R5 reviewed baseline; prior approval retained
k-tour-id-app/tests/visual/ondo-b-flow-pixels-responsive.spec.ts-snapshots/B-PX-LOCAL-SIGNAL-EMPTY-EN-FL-012-en-768x1024-desktop-chromium-darwin.png	6c856f4e95a6c620a624891b90c935b17a30da0854cf87e08c4031ff08f6be9d	768	1024	768x1024	B-PX-LOCAL-SIGNAL-EMPTY-EN	LOCAL-SIGNAL-EMPTY	FL-012	en	FROZEN	R5-CARRY: byte-identical to SLEEK-R5 reviewed baseline; prior approval retained
k-tour-id-app/tests/visual/ondo-b-flow-pixels-responsive.spec.ts-snapshots/B-PX-LOCAL-SIGNAL-EMPTY-EN-FL-012-en-801x1000-desktop-chromium-darwin.png	c2b64b2618a61f141e1aad8aea36900d1b95abb79050035e07f1088599006d96	801	1000	801x1000	B-PX-LOCAL-SIGNAL-EMPTY-EN	LOCAL-SIGNAL-EMPTY	FL-012	en	FROZEN	R5-CARRY: byte-identical to SLEEK-R5 reviewed baseline; prior approval retained
k-tour-id-app/tests/visual/ondo-b-flow-pixels-responsive.spec.ts-snapshots/B-PX-LOCAL-SIGNAL-FAIL-KO-FL-012-ko-360x800-desktop-chromium-darwin.png	b2fecfd6734319df1696c810fa491ed43d4f0834503312138d4e6254c5aafd29	360	800	360x800	B-PX-LOCAL-SIGNAL-FAIL-KO	LOCAL-SIGNAL-FAIL	FL-012	ko	FROZEN	R5-CARRY: byte-identical to SLEEK-R5 reviewed baseline; prior approval retained
k-tour-id-app/tests/visual/ondo-b-flow-pixels-responsive.spec.ts-snapshots/B-PX-LOCAL-SIGNAL-FAIL-KO-FL-012-ko-430x932-desktop-chromium-darwin.png	cb8906f88d5d2005f6736c457e21979b5a88bcdf2cd160f970c3e4419bbb272a	430	932	430x932	B-PX-LOCAL-SIGNAL-FAIL-KO	LOCAL-SIGNAL-FAIL	FL-012	ko	FROZEN	R5-CARRY: byte-identical to SLEEK-R5 reviewed baseline; prior approval retained
k-tour-id-app/tests/visual/ondo-b-flow-pixels-responsive.spec.ts-snapshots/B-PX-LOCAL-SIGNAL-FAIL-KO-FL-012-ko-768x1024-desktop-chromium-darwin.png	800a3a418b1806174cc09f09742e20e43850deaab903155180255c63d82af35d	768	1024	768x1024	B-PX-LOCAL-SIGNAL-FAIL-KO	LOCAL-SIGNAL-FAIL	FL-012	ko	FROZEN	R5-CARRY: byte-identical to SLEEK-R5 reviewed baseline; prior approval retained
k-tour-id-app/tests/visual/ondo-b-flow-pixels-responsive.spec.ts-snapshots/B-PX-LOCAL-SIGNAL-FAIL-KO-FL-012-ko-801x1000-desktop-chromium-darwin.png	4ad404b3fe469a38ce694c6b1cf19691a8c3bbfce9e1f2b106dd6c0871856ea1	801	1000	801x1000	B-PX-LOCAL-SIGNAL-FAIL-KO	LOCAL-SIGNAL-FAIL	FL-012	ko	FROZEN	R5-CARRY: byte-identical to SLEEK-R5 reviewed baseline; prior approval retained
k-tour-id-app/tests/visual/ondo-b-flow-pixels-responsive.spec.ts-snapshots/B-PX-LOCAL-SIGNAL-SUCCESS-EN-FL-012-FL-015-en-360x800-desktop-chromium-darwin.png	ff41d78ea643ab5e7cc2909a67dd1f75a635dd6dd48e013f68863adff8e39152	360	800	360x800	B-PX-LOCAL-SIGNAL-SUCCESS-EN	LOCAL-SIGNAL-SUCCESS	FL-012,FL-015	en	FROZEN	R5-CARRY: byte-identical to SLEEK-R5 reviewed baseline; prior approval retained
k-tour-id-app/tests/visual/ondo-b-flow-pixels-responsive.spec.ts-snapshots/B-PX-LOCAL-SIGNAL-SUCCESS-EN-FL-012-FL-015-en-430x932-desktop-chromium-darwin.png	74a7803afe3cef28e1901961aeb018d32a07d604eabd4ebe7a42bfc66cfbe47e	430	932	430x932	B-PX-LOCAL-SIGNAL-SUCCESS-EN	LOCAL-SIGNAL-SUCCESS	FL-012,FL-015	en	FROZEN	R5-CARRY: byte-identical to SLEEK-R5 reviewed baseline; prior approval retained
k-tour-id-app/tests/visual/ondo-b-flow-pixels-responsive.spec.ts-snapshots/B-PX-LOCAL-SIGNAL-SUCCESS-EN-FL-012-FL-015-en-768x1024-desktop-chromium-darwin.png	ec6b317f4f9c9d9e6497eaac120fc82e0c1732b778f2d55d28a6fb90f3bfb66e	768	1024	768x1024	B-PX-LOCAL-SIGNAL-SUCCESS-EN	LOCAL-SIGNAL-SUCCESS	FL-012,FL-015	en	FROZEN	R5-CARRY: byte-identical to SLEEK-R5 reviewed baseline; prior approval retained
k-tour-id-app/tests/visual/ondo-b-flow-pixels-responsive.spec.ts-snapshots/B-PX-LOCAL-SIGNAL-SUCCESS-EN-FL-012-FL-015-en-801x1000-desktop-chromium-darwin.png	4c129b54351ddfd1e55087f32c6b45ff21dea10a45d10b2aeeff146373c217d9	801	1000	801x1000	B-PX-LOCAL-SIGNAL-SUCCESS-EN	LOCAL-SIGNAL-SUCCESS	FL-012,FL-015	en	FROZEN	R5-CARRY: byte-identical to SLEEK-R5 reviewed baseline; prior approval retained
k-tour-id-app/tests/visual/ondo-b-flow-pixels-responsive.spec.ts-snapshots/B-PX-MY-EN-FL-004-FL-011-FL-015-en-360x800-desktop-chromium-darwin.png	87057c5ad9713525a3d41101bcd0f52acf6b05fee64fbfe0e93ec107c1e885f3	360	800	360x800	B-PX-MY-EN	MY	FL-004,FL-011,FL-015	en	FROZEN	R5-CARRY: byte-identical to SLEEK-R5 reviewed baseline; prior approval retained
k-tour-id-app/tests/visual/ondo-b-flow-pixels-responsive.spec.ts-snapshots/B-PX-MY-EN-FL-004-FL-011-FL-015-en-430x932-desktop-chromium-darwin.png	80d941c60758068bade33cd7ece25222077d1cf870c9ddcb158448b3f33b0dae	430	932	430x932	B-PX-MY-EN	MY	FL-004,FL-011,FL-015	en	FROZEN	R5-CARRY: byte-identical to SLEEK-R5 reviewed baseline; prior approval retained
k-tour-id-app/tests/visual/ondo-b-flow-pixels-responsive.spec.ts-snapshots/B-PX-MY-EN-FL-004-FL-011-FL-015-en-768x1024-desktop-chromium-darwin.png	8fe5c55583125839f1bcabc0ce0d5c4aeba0761a6e57647b9abbea964292e7ac	768	1024	768x1024	B-PX-MY-EN	MY	FL-004,FL-011,FL-015	en	FROZEN	R5-CARRY: byte-identical to SLEEK-R5 reviewed baseline; prior approval retained
k-tour-id-app/tests/visual/ondo-b-flow-pixels-responsive.spec.ts-snapshots/B-PX-MY-EN-FL-004-FL-011-FL-015-en-801x1000-desktop-chromium-darwin.png	23082d55dc2ea97ed5fb7c7609b24e879aceb5ffe4084c4e64b68d1c464f96e5	801	1000	801x1000	B-PX-MY-EN	MY	FL-004,FL-011,FL-015	en	FROZEN	R5-CARRY: byte-identical to SLEEK-R5 reviewed baseline; prior approval retained
k-tour-id-app/tests/visual/ondo-b-flow-pixels-responsive.spec.ts-snapshots/B-PX-NATION-EN-FL-001-en-360x800-desktop-chromium-darwin.png	53e850d1a4c413c1f81511e415d319cfdf9ea7875fd46ab2f69511abd8c5c2e8	360	800	360x800	B-PX-NATION-EN	NATION	FL-001	en	FROZEN	R5-CARRY: byte-identical to SLEEK-R5 reviewed baseline; prior approval retained
k-tour-id-app/tests/visual/ondo-b-flow-pixels-responsive.spec.ts-snapshots/B-PX-NATION-EN-FL-001-en-430x932-desktop-chromium-darwin.png	5980bec17ae0024cf573d1c155549bd6a4be64ee8cf21c4805b5b3ee5f0d093b	430	932	430x932	B-PX-NATION-EN	NATION	FL-001	en	FROZEN	R5-CARRY: byte-identical to SLEEK-R5 reviewed baseline; prior approval retained
k-tour-id-app/tests/visual/ondo-b-flow-pixels-responsive.spec.ts-snapshots/B-PX-NATION-EN-FL-001-en-768x1024-desktop-chromium-darwin.png	b0795b444c2c57e68e6fccafcf2747eb954b4364e8ce85395f464d4648613862	768	1024	768x1024	B-PX-NATION-EN	NATION	FL-001	en	FROZEN	R5-CARRY: byte-identical to SLEEK-R5 reviewed baseline; prior approval retained
k-tour-id-app/tests/visual/ondo-b-flow-pixels-responsive.spec.ts-snapshots/B-PX-NATION-EN-FL-001-en-801x1000-desktop-chromium-darwin.png	02937af82730502669e03586e7ff1f9a2cc5d6e32ba76fc3b1b5e88e19e84b35	801	1000	801x1000	B-PX-NATION-EN	NATION	FL-001	en	FROZEN	R5-CARRY: byte-identical to SLEEK-R5 reviewed baseline; prior approval retained
k-tour-id-app/tests/visual/ondo-b-flow-pixels-responsive.spec.ts-snapshots/B-PX-NATION-KO-FL-001-ko-360x800-desktop-chromium-darwin.png	06098616c95484f6f395cf2a7f9e159e2844a48f2bd5da4080e0039030619a54	360	800	360x800	B-PX-NATION-KO	NATION	FL-001	ko	FROZEN	R5-CARRY: byte-identical to SLEEK-R5 reviewed baseline; prior approval retained
k-tour-id-app/tests/visual/ondo-b-flow-pixels-responsive.spec.ts-snapshots/B-PX-NATION-KO-FL-001-ko-430x932-desktop-chromium-darwin.png	1403cfe840355ceec96ca34fde4012e7e2803144ceb3ba7d32278dd7503d839e	430	932	430x932	B-PX-NATION-KO	NATION	FL-001	ko	FROZEN	R5-CARRY: byte-identical to SLEEK-R5 reviewed baseline; prior approval retained
k-tour-id-app/tests/visual/ondo-b-flow-pixels-responsive.spec.ts-snapshots/B-PX-NATION-KO-FL-001-ko-768x1024-desktop-chromium-darwin.png	18509f33e57981f997ded89f0143d45c926ac9dc60be8bd94a354a7fe702e2a0	768	1024	768x1024	B-PX-NATION-KO	NATION	FL-001	ko	FROZEN	R5-CARRY: byte-identical to SLEEK-R5 reviewed baseline; prior approval retained
k-tour-id-app/tests/visual/ondo-b-flow-pixels-responsive.spec.ts-snapshots/B-PX-NATION-KO-FL-001-ko-801x1000-desktop-chromium-darwin.png	9b33c0febea0212b45137d2244cad1064fb029662da2f99f0c60aeb016f26bc6	801	1000	801x1000	B-PX-NATION-KO	NATION	FL-001	ko	FROZEN	R5-CARRY: byte-identical to SLEEK-R5 reviewed baseline; prior approval retained
k-tour-id-app/tests/visual/ondo-b-flow-pixels-responsive.spec.ts-snapshots/B-PX-ONBOARDING-PERSONAS-KO-FL-007-FL-008-FL-009-ko-360x800-desktop-chromium-darwin.png	dba2f9c6f0b07ee41382dee6b5e25982e5f265c0c26f5c7887dab275e62d77ae	360	800	360x800	B-PX-ONBOARDING-PERSONAS-KO	ONBOARDING-PERSONAS	FL-007,FL-008,FL-009	ko	FROZEN	R5-CARRY: byte-identical to SLEEK-R5 reviewed baseline; prior approval retained
k-tour-id-app/tests/visual/ondo-b-flow-pixels-responsive.spec.ts-snapshots/B-PX-ONBOARDING-PERSONAS-KO-FL-007-FL-008-FL-009-ko-430x932-desktop-chromium-darwin.png	132571caac5a39b7f93417280e34eef7ac03d0029a6ad78f21cfb2764682e506	430	932	430x932	B-PX-ONBOARDING-PERSONAS-KO	ONBOARDING-PERSONAS	FL-007,FL-008,FL-009	ko	FROZEN	R5-CARRY: byte-identical to SLEEK-R5 reviewed baseline; prior approval retained
k-tour-id-app/tests/visual/ondo-b-flow-pixels-responsive.spec.ts-snapshots/B-PX-ONBOARDING-PERSONAS-KO-FL-007-FL-008-FL-009-ko-768x1024-desktop-chromium-darwin.png	7dd2c1d6c24ed6ebd6dbd61265c38ae286b30f462fcf730b4d94e50bf218061a	768	1024	768x1024	B-PX-ONBOARDING-PERSONAS-KO	ONBOARDING-PERSONAS	FL-007,FL-008,FL-009	ko	FROZEN	R5-CARRY: byte-identical to SLEEK-R5 reviewed baseline; prior approval retained
k-tour-id-app/tests/visual/ondo-b-flow-pixels-responsive.spec.ts-snapshots/B-PX-ONBOARDING-PERSONAS-KO-FL-007-FL-008-FL-009-ko-801x1000-desktop-chromium-darwin.png	b71c6c613c60434b401a74d71b09cea66e20f760be0b47d9555dbc48d4684f93	801	1000	801x1000	B-PX-ONBOARDING-PERSONAS-KO	ONBOARDING-PERSONAS	FL-007,FL-008,FL-009	ko	FROZEN	R5-CARRY: byte-identical to SLEEK-R5 reviewed baseline; prior approval retained
k-tour-id-app/tests/visual/ondo-b-flow-pixels-responsive.spec.ts-snapshots/B-PX-ONBOARDING-PREFERENCES-EN-FL-007-FL-008-FL-009-en-360x800-desktop-chromium-darwin.png	160bde572c91deeb36afaec9b03335443754dd7e2b0f4a7ed274e6effd375b50	360	800	360x800	B-PX-ONBOARDING-PREFERENCES-EN	ONBOARDING-PREFERENCES	FL-007,FL-008,FL-009	en	FROZEN	R5-CARRY: byte-identical to SLEEK-R5 reviewed baseline; prior approval retained
k-tour-id-app/tests/visual/ondo-b-flow-pixels-responsive.spec.ts-snapshots/B-PX-ONBOARDING-PREFERENCES-EN-FL-007-FL-008-FL-009-en-430x932-desktop-chromium-darwin.png	37f4bc5f0e4fbba93564df12d9f54e94bc6312fd85aa94394cfd9716c9f3c95b	430	932	430x932	B-PX-ONBOARDING-PREFERENCES-EN	ONBOARDING-PREFERENCES	FL-007,FL-008,FL-009	en	FROZEN	R5-CARRY: byte-identical to SLEEK-R5 reviewed baseline; prior approval retained
k-tour-id-app/tests/visual/ondo-b-flow-pixels-responsive.spec.ts-snapshots/B-PX-ONBOARDING-PREFERENCES-EN-FL-007-FL-008-FL-009-en-768x1024-desktop-chromium-darwin.png	afed88ae6359b34653304d2b103d6588c2f5bcd5c1a6156ad995c1b4a8aa6462	768	1024	768x1024	B-PX-ONBOARDING-PREFERENCES-EN	ONBOARDING-PREFERENCES	FL-007,FL-008,FL-009	en	FROZEN	R5-CARRY: byte-identical to SLEEK-R5 reviewed baseline; prior approval retained
k-tour-id-app/tests/visual/ondo-b-flow-pixels-responsive.spec.ts-snapshots/B-PX-ONBOARDING-PREFERENCES-EN-FL-007-FL-008-FL-009-en-801x1000-desktop-chromium-darwin.png	e13c3ed9a4718a65e06198ee76e67b0c2305bb144d520f8a8cfa7fd14414d350	801	1000	801x1000	B-PX-ONBOARDING-PREFERENCES-EN	ONBOARDING-PREFERENCES	FL-007,FL-008,FL-009	en	FROZEN	R5-CARRY: byte-identical to SLEEK-R5 reviewed baseline; prior approval retained
k-tour-id-app/tests/visual/ondo-b-flow-pixels-responsive.spec.ts-snapshots/B-PX-ONBOARDING-VALUE-EN-FL-007-FL-008-FL-009-en-360x800-desktop-chromium-darwin.png	05217dfaf7a82f66086842d4dc08f1f40bc69fec3c623c8f4f33d2f892cfc15d	360	800	360x800	B-PX-ONBOARDING-VALUE-EN	ONBOARDING-VALUE	FL-007,FL-008,FL-009	en	FROZEN	R5-CARRY: byte-identical to SLEEK-R5 reviewed baseline; prior approval retained
k-tour-id-app/tests/visual/ondo-b-flow-pixels-responsive.spec.ts-snapshots/B-PX-ONBOARDING-VALUE-EN-FL-007-FL-008-FL-009-en-430x932-desktop-chromium-darwin.png	4c7ae61109368d405ec0d98768db5de153a3c649336d4b63d6b852295347375b	430	932	430x932	B-PX-ONBOARDING-VALUE-EN	ONBOARDING-VALUE	FL-007,FL-008,FL-009	en	FROZEN	R5-CARRY: byte-identical to SLEEK-R5 reviewed baseline; prior approval retained
k-tour-id-app/tests/visual/ondo-b-flow-pixels-responsive.spec.ts-snapshots/B-PX-ONBOARDING-VALUE-EN-FL-007-FL-008-FL-009-en-768x1024-desktop-chromium-darwin.png	2f4522c0d07e5ebce4e0f53f5b917a32b23ff65dd65912639a39596226b9aea0	768	1024	768x1024	B-PX-ONBOARDING-VALUE-EN	ONBOARDING-VALUE	FL-007,FL-008,FL-009	en	FROZEN	R5-CARRY: byte-identical to SLEEK-R5 reviewed baseline; prior approval retained
k-tour-id-app/tests/visual/ondo-b-flow-pixels-responsive.spec.ts-snapshots/B-PX-ONBOARDING-VALUE-EN-FL-007-FL-008-FL-009-en-801x1000-desktop-chromium-darwin.png	18a89e1c1cf33814e9f7fa77677941449684ac0bd916241a34f63d185fba4492	801	1000	801x1000	B-PX-ONBOARDING-VALUE-EN	ONBOARDING-VALUE	FL-007,FL-008,FL-009	en	FROZEN	R5-CARRY: byte-identical to SLEEK-R5 reviewed baseline; prior approval retained
k-tour-id-app/tests/visual/ondo-b-flow-pixels-responsive.spec.ts-snapshots/B-PX-PLACE-DETAIL-EN-FL-001-FL-010-FL-011-FL-012-FL-016-en-360x800-desktop-chromium-darwin.png	9cb8ba636052ffc3af08a48989e593e205a5417bc3aabdeaf8e66c07ff65fefc	360	800	360x800	B-PX-PLACE-DETAIL-EN	PLACE-DETAIL	FL-001,FL-010,FL-011,FL-012,FL-016	en	FROZEN	R5-FIX: focus-token baseline changed for R5-001; approval_commit=b5f6c0e73758a578ce9f8f7b00157f298e9b2188; prior_sha=7335b03440ba03f54e419d41650d4a511ddc731c9ab6ea949671338119ec75e2
k-tour-id-app/tests/visual/ondo-b-flow-pixels-responsive.spec.ts-snapshots/B-PX-PLACE-DETAIL-EN-FL-001-FL-010-FL-011-FL-012-FL-016-en-430x932-desktop-chromium-darwin.png	5ce1560431bee3002c6dd13a160f33fb2b7f37c2e69f15c75676ef173e1ebb59	430	932	430x932	B-PX-PLACE-DETAIL-EN	PLACE-DETAIL	FL-001,FL-010,FL-011,FL-012,FL-016	en	FROZEN	R5-FIX: focus-token baseline changed for R5-001; approval_commit=b5f6c0e73758a578ce9f8f7b00157f298e9b2188; prior_sha=2bd429caea7b3138656a2d84310efa07cfb9ba7671d6816c52c3301d7f908207
k-tour-id-app/tests/visual/ondo-b-flow-pixels-responsive.spec.ts-snapshots/B-PX-PLACE-DETAIL-EN-FL-001-FL-010-FL-011-FL-012-FL-016-en-768x1024-desktop-chromium-darwin.png	a26137890e9108c92b0352c237b52730b5aae5b1169133b1fcb33a3a4e70ebab	768	1024	768x1024	B-PX-PLACE-DETAIL-EN	PLACE-DETAIL	FL-001,FL-010,FL-011,FL-012,FL-016	en	FROZEN	R5-FIX: focus-token baseline changed for R5-001; approval_commit=b5f6c0e73758a578ce9f8f7b00157f298e9b2188; prior_sha=2d0dd1f578c5098e6492e17b46898a5d84c612a8a4466e417b3c8df1491c14e2
k-tour-id-app/tests/visual/ondo-b-flow-pixels-responsive.spec.ts-snapshots/B-PX-PLACE-DETAIL-EN-FL-001-FL-010-FL-011-FL-012-FL-016-en-801x1000-desktop-chromium-darwin.png	e82a65f672ffeec76b542fdee8e13e95e15ab43fcea09bac98314de1d8841c25	801	1000	801x1000	B-PX-PLACE-DETAIL-EN	PLACE-DETAIL	FL-001,FL-010,FL-011,FL-012,FL-016	en	FROZEN	R5-FIX: focus-token baseline changed for R5-001; approval_commit=b5f6c0e73758a578ce9f8f7b00157f298e9b2188; prior_sha=f5dd86820428476d13dcc35418342e6b268bb296499cff5db3b4668bfe450919
k-tour-id-app/tests/visual/ondo-b-flow-pixels-responsive.spec.ts-snapshots/B-PX-PLACE-PEEK-EN-FL-001-en-360x800-desktop-chromium-darwin.png	8c5329ceacc6f50f60b2fee2ab52dc25182eba33cc3e71458e81774a59d2a82e	360	800	360x800	B-PX-PLACE-PEEK-EN	PLACE-PEEK	FL-001	en	FROZEN	R5-CARRY: byte-identical to SLEEK-R5 reviewed baseline; prior approval retained
k-tour-id-app/tests/visual/ondo-b-flow-pixels-responsive.spec.ts-snapshots/B-PX-PLACE-PEEK-EN-FL-001-en-430x932-desktop-chromium-darwin.png	53017b6f0bf9bf6a8e97ba837ef7add86b4c68ab98aca1e7dbe975f5abfcb3cc	430	932	430x932	B-PX-PLACE-PEEK-EN	PLACE-PEEK	FL-001	en	FROZEN	R5-CARRY: byte-identical to SLEEK-R5 reviewed baseline; prior approval retained
k-tour-id-app/tests/visual/ondo-b-flow-pixels-responsive.spec.ts-snapshots/B-PX-PLACE-PEEK-EN-FL-001-en-768x1024-desktop-chromium-darwin.png	44838fcffe6ecbb0add1ba172f703cba5f24ccd20a9fb16fddb5524195645ae1	768	1024	768x1024	B-PX-PLACE-PEEK-EN	PLACE-PEEK	FL-001	en	FROZEN	R5-CARRY: byte-identical to SLEEK-R5 reviewed baseline; prior approval retained
k-tour-id-app/tests/visual/ondo-b-flow-pixels-responsive.spec.ts-snapshots/B-PX-PLACE-PEEK-EN-FL-001-en-801x1000-desktop-chromium-darwin.png	29230ed571ff9d8a6b121b4eb5a256af2352730e09ab8022de6012733f1a4d41	801	1000	801x1000	B-PX-PLACE-PEEK-EN	PLACE-PEEK	FL-001	en	FROZEN	R5-CARRY: byte-identical to SLEEK-R5 reviewed baseline; prior approval retained
k-tour-id-app/tests/visual/ondo-b-flow-pixels-responsive.spec.ts-snapshots/B-PX-PROFILE-KO-FL-015-ko-360x800-desktop-chromium-darwin.png	5f63af85d65e84a0d69703f21c20e594f86784a114d47b7176b4d2faae9916f1	360	800	360x800	B-PX-PROFILE-KO	PROFILE	FL-015	ko	FROZEN	R5-CARRY: byte-identical to SLEEK-R5 reviewed baseline; prior approval retained
k-tour-id-app/tests/visual/ondo-b-flow-pixels-responsive.spec.ts-snapshots/B-PX-PROFILE-KO-FL-015-ko-430x932-desktop-chromium-darwin.png	3fb9bd196066394e375c5a0230af7f5e25395bdeef314322957d76336845d9d4	430	932	430x932	B-PX-PROFILE-KO	PROFILE	FL-015	ko	FROZEN	R5-CARRY: byte-identical to SLEEK-R5 reviewed baseline; prior approval retained
k-tour-id-app/tests/visual/ondo-b-flow-pixels-responsive.spec.ts-snapshots/B-PX-PROFILE-KO-FL-015-ko-768x1024-desktop-chromium-darwin.png	8c4a9029ae245f696ee13c5bab91b80d799c21c2d74ad4a359d413c73e5adf03	768	1024	768x1024	B-PX-PROFILE-KO	PROFILE	FL-015	ko	FROZEN	R5-CARRY: byte-identical to SLEEK-R5 reviewed baseline; prior approval retained
k-tour-id-app/tests/visual/ondo-b-flow-pixels-responsive.spec.ts-snapshots/B-PX-PROFILE-KO-FL-015-ko-801x1000-desktop-chromium-darwin.png	0aa7c59aa6f5b384ef46caad6a4c0995aa258644e72c16a14a4f1a4b9c5a546a	801	1000	801x1000	B-PX-PROFILE-KO	PROFILE	FL-015	ko	FROZEN	R5-CARRY: byte-identical to SLEEK-R5 reviewed baseline; prior approval retained
k-tour-id-app/tests/visual/ondo-b-flow-pixels-responsive.spec.ts-snapshots/B-PX-REPORT-EN-FL-003-en-360x800-desktop-chromium-darwin.png	ee570df21412ad49d884ba093e1ae30923d5f1609e11a074848ca2003daf470d	360	800	360x800	B-PX-REPORT-EN	REPORT	FL-003	en	FROZEN	R5-CARRY: byte-identical to SLEEK-R5 reviewed baseline; prior approval retained
k-tour-id-app/tests/visual/ondo-b-flow-pixels-responsive.spec.ts-snapshots/B-PX-REPORT-EN-FL-003-en-430x932-desktop-chromium-darwin.png	7df93d99bac5912528da04cb4a7adf82ce8c6b45aa6f6a40e341bc97e358c036	430	932	430x932	B-PX-REPORT-EN	REPORT	FL-003	en	FROZEN	R5-CARRY: byte-identical to SLEEK-R5 reviewed baseline; prior approval retained
k-tour-id-app/tests/visual/ondo-b-flow-pixels-responsive.spec.ts-snapshots/B-PX-REPORT-EN-FL-003-en-768x1024-desktop-chromium-darwin.png	200e87d6a8fa9f535d6b97ff4cfe2e1d76b8b7c7cd6f385a4bc2870a077c5adb	768	1024	768x1024	B-PX-REPORT-EN	REPORT	FL-003	en	FROZEN	R5-CARRY: byte-identical to SLEEK-R5 reviewed baseline; prior approval retained
k-tour-id-app/tests/visual/ondo-b-flow-pixels-responsive.spec.ts-snapshots/B-PX-REPORT-EN-FL-003-en-801x1000-desktop-chromium-darwin.png	eb2914f453abe135a15ef897f56611c8a55d9b615d03049c3e6062b05b68b26e	801	1000	801x1000	B-PX-REPORT-EN	REPORT	FL-003	en	FROZEN	R5-CARRY: byte-identical to SLEEK-R5 reviewed baseline; prior approval retained
k-tour-id-app/tests/visual/ondo-b-flow-pixels-responsive.spec.ts-snapshots/B-PX-SAVE-FAILURE-EN-FL-011-en-360x800-desktop-chromium-darwin.png	420f2873543f557981a68ab5daee96f625d87cc7a19d7c53682160aebed15199	360	800	360x800	B-PX-SAVE-FAILURE-EN	SAVE-FAILURE	FL-011	en	FROZEN	R5-CARRY: byte-identical to SLEEK-R5 reviewed baseline; prior approval retained
k-tour-id-app/tests/visual/ondo-b-flow-pixels-responsive.spec.ts-snapshots/B-PX-SAVE-FAILURE-EN-FL-011-en-430x932-desktop-chromium-darwin.png	fe1b386552f878341575e455cc3bc85b63862b1363d7c9fcaf3344832483dbf6	430	932	430x932	B-PX-SAVE-FAILURE-EN	SAVE-FAILURE	FL-011	en	FROZEN	R5-CARRY: byte-identical to SLEEK-R5 reviewed baseline; prior approval retained
k-tour-id-app/tests/visual/ondo-b-flow-pixels-responsive.spec.ts-snapshots/B-PX-SAVE-FAILURE-EN-FL-011-en-768x1024-desktop-chromium-darwin.png	f72bdd4667ac04fcaf069d7818b2baa854438d252d1467c9413c3dc18c6e906a	768	1024	768x1024	B-PX-SAVE-FAILURE-EN	SAVE-FAILURE	FL-011	en	FROZEN	R5-CARRY: byte-identical to SLEEK-R5 reviewed baseline; prior approval retained
k-tour-id-app/tests/visual/ondo-b-flow-pixels-responsive.spec.ts-snapshots/B-PX-SAVE-FAILURE-EN-FL-011-en-801x1000-desktop-chromium-darwin.png	4cdea99d64b311bec027fe0db2eae72b9b2af42ef1599f36430e0c2dc2bec68a	801	1000	801x1000	B-PX-SAVE-FAILURE-EN	SAVE-FAILURE	FL-011	en	FROZEN	R5-CARRY: byte-identical to SLEEK-R5 reviewed baseline; prior approval retained
k-tour-id-app/tests/visual/ondo-b-flow-pixels-responsive.spec.ts-snapshots/B-PX-SAVE-RECOVERED-KO-FL-011-ko-360x800-desktop-chromium-darwin.png	858f1159c34d2bb4f70c1987281074c17de9f65d5a34b197de016f6a3cefdd14	360	800	360x800	B-PX-SAVE-RECOVERED-KO	SAVE-RECOVERED	FL-011	ko	FROZEN	R5-CARRY: byte-identical to SLEEK-R5 reviewed baseline; prior approval retained
k-tour-id-app/tests/visual/ondo-b-flow-pixels-responsive.spec.ts-snapshots/B-PX-SAVE-RECOVERED-KO-FL-011-ko-430x932-desktop-chromium-darwin.png	c8a56b72f6f829760023d75ee47b054166fdcb6d321faf6c97f2924834752203	430	932	430x932	B-PX-SAVE-RECOVERED-KO	SAVE-RECOVERED	FL-011	ko	FROZEN	R5-CARRY: byte-identical to SLEEK-R5 reviewed baseline; prior approval retained
k-tour-id-app/tests/visual/ondo-b-flow-pixels-responsive.spec.ts-snapshots/B-PX-SAVE-RECOVERED-KO-FL-011-ko-768x1024-desktop-chromium-darwin.png	2b0cc85601918015042920f489daabdc1c44f1cb2e1368f97f064c2bceffe129	768	1024	768x1024	B-PX-SAVE-RECOVERED-KO	SAVE-RECOVERED	FL-011	ko	FROZEN	R5-CARRY: byte-identical to SLEEK-R5 reviewed baseline; prior approval retained
k-tour-id-app/tests/visual/ondo-b-flow-pixels-responsive.spec.ts-snapshots/B-PX-SAVE-RECOVERED-KO-FL-011-ko-801x1000-desktop-chromium-darwin.png	c08a0a378236320cc1abd244dc9dc99182bfe801bca7b99221450fc7f8e512e6	801	1000	801x1000	B-PX-SAVE-RECOVERED-KO	SAVE-RECOVERED	FL-011	ko	FROZEN	R5-CARRY: byte-identical to SLEEK-R5 reviewed baseline; prior approval retained
k-tour-id-app/tests/visual/ondo-b-flow-pixels-responsive.spec.ts-snapshots/B-PX-TABLE-DETAIL-KO-FL-003-ko-360x800-desktop-chromium-darwin.png	87792a2ff82e6d5e787ed531d9b928c5e50b384b3fbb1c32c99c5a70657c92b8	360	800	360x800	B-PX-TABLE-DETAIL-KO	TABLE-DETAIL	FL-003	ko	FROZEN	R5-CARRY: byte-identical to SLEEK-R5 reviewed baseline; prior approval retained
k-tour-id-app/tests/visual/ondo-b-flow-pixels-responsive.spec.ts-snapshots/B-PX-TABLE-DETAIL-KO-FL-003-ko-430x932-desktop-chromium-darwin.png	c29e4bd26078d2a56153b2463087dca22460efb7a2db1468b0597817f7907d45	430	932	430x932	B-PX-TABLE-DETAIL-KO	TABLE-DETAIL	FL-003	ko	FROZEN	R5-CARRY: byte-identical to SLEEK-R5 reviewed baseline; prior approval retained
k-tour-id-app/tests/visual/ondo-b-flow-pixels-responsive.spec.ts-snapshots/B-PX-TABLE-DETAIL-KO-FL-003-ko-768x1024-desktop-chromium-darwin.png	18ba174f496cc2d16cf9aa60ec6c91e2bbfa3f694e91227a28b8be13129ad0f3	768	1024	768x1024	B-PX-TABLE-DETAIL-KO	TABLE-DETAIL	FL-003	ko	FROZEN	R5-CARRY: byte-identical to SLEEK-R5 reviewed baseline; prior approval retained
k-tour-id-app/tests/visual/ondo-b-flow-pixels-responsive.spec.ts-snapshots/B-PX-TABLE-DETAIL-KO-FL-003-ko-801x1000-desktop-chromium-darwin.png	1fa739db8da2c6156f220ddc2527ba24cf84e2b816a1be343c4ba6e6c272dccf	801	1000	801x1000	B-PX-TABLE-DETAIL-KO	TABLE-DETAIL	FL-003	ko	FROZEN	R5-CARRY: byte-identical to SLEEK-R5 reviewed baseline; prior approval retained
k-tour-id-app/tests/visual/ondo-b-flow-pixels-responsive.spec.ts-snapshots/B-PX-TABLE-JOIN-FAIL-EN-FL-003-en-360x800-desktop-chromium-darwin.png	b426618ee8c5f57c5b1099abb6fa26311cb11651b0d9cd61e5f6579cc3f63160	360	800	360x800	B-PX-TABLE-JOIN-FAIL-EN	TABLE-JOIN-FAIL	FL-003	en	FROZEN	R5-CARRY: byte-identical to SLEEK-R5 reviewed baseline; prior approval retained
k-tour-id-app/tests/visual/ondo-b-flow-pixels-responsive.spec.ts-snapshots/B-PX-TABLE-JOIN-FAIL-EN-FL-003-en-430x932-desktop-chromium-darwin.png	ae540b66e98e33027992abd403cc41068c4dbb40927747dfc34344f8b9ca1276	430	932	430x932	B-PX-TABLE-JOIN-FAIL-EN	TABLE-JOIN-FAIL	FL-003	en	FROZEN	R5-CARRY: byte-identical to SLEEK-R5 reviewed baseline; prior approval retained
k-tour-id-app/tests/visual/ondo-b-flow-pixels-responsive.spec.ts-snapshots/B-PX-TABLE-JOIN-FAIL-EN-FL-003-en-768x1024-desktop-chromium-darwin.png	6901664b6a47d1858b9180b494899a40a01d04989fa02e7002f983eb6192c288	768	1024	768x1024	B-PX-TABLE-JOIN-FAIL-EN	TABLE-JOIN-FAIL	FL-003	en	FROZEN	R5-CARRY: byte-identical to SLEEK-R5 reviewed baseline; prior approval retained
k-tour-id-app/tests/visual/ondo-b-flow-pixels-responsive.spec.ts-snapshots/B-PX-TABLE-JOIN-FAIL-EN-FL-003-en-801x1000-desktop-chromium-darwin.png	9445ae23c8326a77ade4734e70edad20ede5890fc231b0d0fe177784bbdf632d	801	1000	801x1000	B-PX-TABLE-JOIN-FAIL-EN	TABLE-JOIN-FAIL	FL-003	en	FROZEN	R5-CARRY: byte-identical to SLEEK-R5 reviewed baseline; prior approval retained
k-tour-id-app/tests/visual/ondo-b-flow-pixels-responsive.spec.ts-snapshots/B-PX-TABLES-LIST-EN-FL-003-en-360x800-desktop-chromium-darwin.png	b3bbedda5e4781070615623f23b27f4ac7fbfeedb15282295c6030cc5da449ac	360	800	360x800	B-PX-TABLES-LIST-EN	TABLES-LIST	FL-003	en	FROZEN	R5-CARRY: byte-identical to SLEEK-R5 reviewed baseline; prior approval retained
k-tour-id-app/tests/visual/ondo-b-flow-pixels-responsive.spec.ts-snapshots/B-PX-TABLES-LIST-EN-FL-003-en-430x932-desktop-chromium-darwin.png	ace793ad09b80d513f51baff7f6631f5557511010aaeaf97e00a76de1f5bdfe0	430	932	430x932	B-PX-TABLES-LIST-EN	TABLES-LIST	FL-003	en	FROZEN	R5-CARRY: byte-identical to SLEEK-R5 reviewed baseline; prior approval retained
k-tour-id-app/tests/visual/ondo-b-flow-pixels-responsive.spec.ts-snapshots/B-PX-TABLES-LIST-EN-FL-003-en-768x1024-desktop-chromium-darwin.png	bd3a718c2622f15e8b01fa46080a0f9779564bf1dc8c877acad91e11baea1e3d	768	1024	768x1024	B-PX-TABLES-LIST-EN	TABLES-LIST	FL-003	en	FROZEN	R5-CARRY: byte-identical to SLEEK-R5 reviewed baseline; prior approval retained
k-tour-id-app/tests/visual/ondo-b-flow-pixels-responsive.spec.ts-snapshots/B-PX-TABLES-LIST-EN-FL-003-en-801x1000-desktop-chromium-darwin.png	27af76eab080238d48a1c3dd5ac90615ef1073e773e31b28018b22a1dbcd210c	801	1000	801x1000	B-PX-TABLES-LIST-EN	TABLES-LIST	FL-003	en	FROZEN	R5-CARRY: byte-identical to SLEEK-R5 reviewed baseline; prior approval retained
k-tour-id-app/tests/visual/ondo-b-flow-pixels-responsive.spec.ts-snapshots/B-PX-TABLES-VENUE-EMPTY-EN-FL-003-en-360x800-desktop-chromium-darwin.png	ae09e5190f03d9a90759a9aeeede423a2211ffc934618254f0ddb542f4151005	360	800	360x800	B-PX-TABLES-VENUE-EMPTY-EN	TABLES-VENUE-EMPTY	FL-003	en	FROZEN	R5-CARRY: byte-identical to SLEEK-R5 reviewed baseline; prior approval retained
k-tour-id-app/tests/visual/ondo-b-flow-pixels-responsive.spec.ts-snapshots/B-PX-TABLES-VENUE-EMPTY-EN-FL-003-en-430x932-desktop-chromium-darwin.png	a649e8de1f4495c4dd3743f7ed64ce4d62556e80606d4fa3c6e4b8a0b10ee891	430	932	430x932	B-PX-TABLES-VENUE-EMPTY-EN	TABLES-VENUE-EMPTY	FL-003	en	FROZEN	R5-CARRY: byte-identical to SLEEK-R5 reviewed baseline; prior approval retained
k-tour-id-app/tests/visual/ondo-b-flow-pixels-responsive.spec.ts-snapshots/B-PX-TABLES-VENUE-EMPTY-EN-FL-003-en-768x1024-desktop-chromium-darwin.png	a5340065e054eca9c2cb0a06b29e39a6b5b0f3b847a9ff23476e76b6fb5f3d02	768	1024	768x1024	B-PX-TABLES-VENUE-EMPTY-EN	TABLES-VENUE-EMPTY	FL-003	en	FROZEN	R5-CARRY: byte-identical to SLEEK-R5 reviewed baseline; prior approval retained
k-tour-id-app/tests/visual/ondo-b-flow-pixels-responsive.spec.ts-snapshots/B-PX-TABLES-VENUE-EMPTY-EN-FL-003-en-801x1000-desktop-chromium-darwin.png	198fd915b3d0eb30b64b298b3473d215a98af1eae7a94d967c0a3d802a2efb12	801	1000	801x1000	B-PX-TABLES-VENUE-EMPTY-EN	TABLES-VENUE-EMPTY	FL-003	en	FROZEN	R5-CARRY: byte-identical to SLEEK-R5 reviewed baseline; prior approval retained
k-tour-id-app/tests/visual/ondo-b-flow-pixels-responsive.spec.ts-snapshots/B-PX-TRUST-FOUR-AXES-EN-FL-003-FL-012-FL-015-en-360x800-desktop-chromium-darwin.png	4c52b7925294d233d7d81f8e66f3134daab0fffacc8115e076e9b438e961025b	360	800	360x800	B-PX-TRUST-FOUR-AXES-EN	TRUST-FOUR-AXES	FL-003,FL-012,FL-015	en	FROZEN	R5-CARRY: byte-identical to SLEEK-R5 reviewed baseline; prior approval retained
k-tour-id-app/tests/visual/ondo-b-flow-pixels-responsive.spec.ts-snapshots/B-PX-TRUST-FOUR-AXES-EN-FL-003-FL-012-FL-015-en-430x932-desktop-chromium-darwin.png	4c286cafae5675cdaf593193c8d9036a3ce3683c471a01cf3f78a0098477f268	430	932	430x932	B-PX-TRUST-FOUR-AXES-EN	TRUST-FOUR-AXES	FL-003,FL-012,FL-015	en	FROZEN	R5-CARRY: byte-identical to SLEEK-R5 reviewed baseline; prior approval retained
k-tour-id-app/tests/visual/ondo-b-flow-pixels-responsive.spec.ts-snapshots/B-PX-TRUST-FOUR-AXES-EN-FL-003-FL-012-FL-015-en-768x1024-desktop-chromium-darwin.png	61522cbb0b283fe7fbd5599e9982bd667c339fe17919c93a72aac3cd7a9e8616	768	1024	768x1024	B-PX-TRUST-FOUR-AXES-EN	TRUST-FOUR-AXES	FL-003,FL-012,FL-015	en	FROZEN	R5-CARRY: byte-identical to SLEEK-R5 reviewed baseline; prior approval retained
k-tour-id-app/tests/visual/ondo-b-flow-pixels-responsive.spec.ts-snapshots/B-PX-TRUST-FOUR-AXES-EN-FL-003-FL-012-FL-015-en-801x1000-desktop-chromium-darwin.png	c201b021630b83a78a781e4216fa671b6c64f9960a24f124bb231e5caf595474	801	1000	801x1000	B-PX-TRUST-FOUR-AXES-EN	TRUST-FOUR-AXES	FL-003,FL-012,FL-015	en	FROZEN	R5-CARRY: byte-identical to SLEEK-R5 reviewed baseline; prior approval retained
